Datetime,Adj Close,Close,High,Low,Open,Volume
2023-01-19 14:30:00+00:00,100.7699966,100.7699966,101.7899017,99.30000305,99.30999756,1220177
2023-01-19 15:30:00+00:00,98.89990234,98.89990234,100.8199997,98.80999756,100.7600021,614532
2023-01-19 16:30:00+00:00,98.86499786,98.86499786,99.02999878,98.19999695,98.87000275,601030
2023-01-19 17:30:00+00:00,99,99,99.25,98.27999878,98.88999939,324461
2023-01-19 18:30:00+00:00,100.3000031,100.3000031,100.3988037,98.93000031,99.00499725,533363
2023-01-19 19:30:00+00:00,100.5800018,100.5800018,100.6699982,100.0899963,100.3000031,374378
2023-01-19 20:30:00+00:00,99.84999847,99.84999847,100.5500031,99.69000244,100.5500031,649543
2023-01-20 14:30:00+00:00,101.4400024,101.4400024,102.3499985,99.56999969,100.3199997,751560
2023-01-20 15:30:00+00:00,102.4473038,102.4473038,102.4599991,100.8300018,101.4499969,570551
2023-01-20 16:30:00+00:00,102.2850037,102.2850037,102.6999969,101.6812973,102.4499969,409272
2023-01-20 17:30:00+00:00,102.1500015,102.1500015,102.4800034,101.8349991,102.2600021,275570
2023-01-20 18:30:00+00:00,102.8949966,102.8949966,103.25,102.1299973,102.1500015,379321
2023-01-20 19:30:00+00:00,102.8649979,102.8649979,103.7600021,102.7155991,102.9199982,473670
2023-01-20 20:30:00+00:00,103.4000015,103.4000015,103.4700012,102.6900024,102.8700027,612325
2023-01-23 14:30:00+00:00,104.3600006,104.3600006,104.7300034,102.0100021,102.0699997,966945
2023-01-23 15:30:00+00:00,104.5899963,104.5899963,105.4199982,104.4000015,104.4000015,487010
2023-01-23 16:30:00+00:00,104.5449982,104.5449982,105.3099976,104.2900009,104.6600037,413447
2023-01-23 17:30:00+00:00,105.3499985,105.3499985,105.4300003,104.1999969,104.5599976,317898
2023-01-23 18:30:00+00:00,105.2600021,105.2600021,105.75,104.9300003,105.3799973,360926
2023-01-23 19:30:00+00:00,105.8099976,105.8099976,105.8799973,104.75,105.3000031,414927
2023-01-23 20:30:00+00:00,106.2799988,106.2799988,106.3499985,105.6800003,105.8300018,514470
2023-01-24 14:30:00+00:00,105.9582977,105.9582977,109.009903,105.2300034,107.1549988,1661117
2023-01-24 15:30:00+00:00,105.5100021,105.5100021,106.1679993,105.0100021,105.8399963,640476
2023-01-24 16:30:00+00:00,105.1200027,105.1200027,105.6299973,104.649498,105.5299988,416156
2023-01-24 17:30:00+00:00,105.0599976,105.0599976,105.1600037,104.4899979,105.1200027,595255
2023-01-24 18:30:00+00:00,104.5400009,104.5400009,105.1699982,104.4700012,105.0400009,393708
2023-01-24 19:30:00+00:00,104.8901978,104.8901978,105.0100021,104.1350021,104.5500031,520754
2023-01-24 20:30:00+00:00,104.6100006,104.6100006,104.9150009,104.3519974,104.9100037,543776
2023-01-25 14:30:00+00:00,97.64499664,97.64499664,101.75,97.41999817,101.7200012,2088356
2023-01-25 15:30:00+00:00,98.60500336,98.60500336,98.93000031,97.26000214,97.64749908,1408718
2023-01-25 16:30:00+00:00,99.12000275,99.12000275,99.81999969,98.58000183,98.59999847,713729
2023-01-25 17:30:00+00:00,100.6999969,100.6999969,100.7750015,98.93000031,99.16000366,487865
2023-01-25 18:30:00+00:00,101.1600037,101.1600037,101.3199997,100.4199982,100.7099991,811709
2023-01-25 19:30:00+00:00,101.0999985,101.0999985,101.9400024,100.7399979,101.1699982,895798
2023-01-25 20:30:00+00:00,100.8199997,100.8199997,101.1200027,100.5299988,101.0899963,973144
2023-01-26 14:30:00+00:00,103.3000031,103.3000031,103.8700027,100.8799973,102.6299973,1439134
2023-01-26 15:30:00+00:00,102.1600037,102.1600037,103.6200027,101.5899963,103.3000031,534833
2023-01-26 16:30:00+00:00,103.3676987,103.3676987,103.4449997,102.0299988,102.1900024,452530
2023-01-26 17:30:00+00:00,102.6200027,102.6200027,104.0500031,102.5,103.3700027,718930
2023-01-26 18:30:00+00:00,103.5500031,103.5500031,103.7799988,102.3600006,102.6200027,562206
2023-01-26 19:30:00+00:00,103.75,103.75,103.8199997,102.9800034,103.5400009,754588
2023-01-26 20:30:00+00:00,104.4800034,104.4800034,104.5500031,103.4899979,103.7300034,1180943
2023-01-27 14:30:00+00:00,104.4800034,104.4800034,105.4400024,103.1800003,103.6100006,1212693
2023-01-27 15:30:00+00:00,102.8050003,102.8050003,104.6699982,102.5199966,104.4400024,832908
2023-01-27 16:30:00+00:00,104.219902,104.219902,104.8000031,102.6800003,102.8249969,704667
2023-01-27 17:30:00+00:00,105.169899,105.169899,105.169899,103.9400024,104.1100006,464230
2023-01-27 18:30:00+00:00,105.2369995,105.2369995,105.8411026,104.5500031,105.1699982,713841
2023-01-27 19:30:00+00:00,105.6999969,105.6999969,105.7300034,105.0800018,105.1999969,545991
2023-01-27 20:30:00+00:00,104.3499985,104.3499985,105.75,104.3099976,105.7099991,1230143
2023-01-30 14:30:00+00:00,102.1350021,102.1350021,103.5800018,101.7699966,102.9800034,989261
2023-01-30 15:30:00+00:00,102.5899963,102.5899963,102.5899963,100.9700012,102.1200027,616296
2023-01-30 16:30:00+00:00,102.6350021,102.6350021,102.9700012,101.8000031,102.7399979,559025
2023-01-30 17:30:00+00:00,101.9049988,101.9049988,102.6387024,101.7200012,102.6387024,646075
2023-01-30 18:30:00+00:00,101.6200027,101.6200027,102,101.3199997,101.8799973,386293
2023-01-30 19:30:00+00:00,101.5,101.5,101.7600021,100.875,101.6050034,781828
2023-01-30 20:30:00+00:00,101.3899994,101.3899994,101.8600006,101.2600021,101.4950027,899406
2023-01-31 14:30:00+00:00,102.1699982,102.1699982,102.7998962,100.7399979,101,748206
2023-01-31 15:30:00+00:00,103.8700027,103.8700027,103.9649963,101.9300995,102.1600037,940934
2023-01-31 16:30:00+00:00,104.1900024,104.1900024,104.3199997,103.5199966,103.8799973,507829
2023-01-31 17:30:00+00:00,103.5449982,103.5449982,104.4700012,103.5199966,104.1900024,320011
2023-01-31 18:30:00+00:00,104.3949966,104.3949966,104.4401016,103.4449997,103.5500031,313431
2023-01-31 19:30:00+00:00,105.0500031,105.0500031,105.3199997,104.3399963,104.4199982,534378
2023-01-31 20:30:00+00:00,105.9000015,105.9000015,105.9199982,104.9599991,105.0899963,695917
2023-02-01 14:30:00+00:00,107.1600037,107.1600037,107.1600037,105.0999985,105.9000015,890781
2023-02-01 15:30:00+00:00,106.2200012,106.2200012,107.3000031,105.1600037,107.1900024,705876
2023-02-01 16:30:00+00:00,106.0199966,106.0199966,106.7900009,105.7799988,106.1999969,422520
2023-02-01 17:30:00+00:00,106.8300018,106.8300018,107,105.7450027,106.0100021,302470
2023-02-01 18:30:00+00:00,107.3799973,107.3799973,107.8600006,105.5999985,106.8499985,556323
2023-02-01 19:30:00+00:00,110.8897018,110.8897018,110.9440002,106.4100037,107.3695984,1224512
2023-02-01 20:30:00+00:00,110.4899979,110.4899979,111.6399994,110.2099991,110.8799973,1017454
2023-02-02 14:30:00+00:00,116.0101013,116.0101013,117.5899963,114.0299988,117.5899963,2184023
2023-02-02 15:30:00+00:00,116.1399994,116.1399994,116.7799988,115.2200012,116.0350037,950122
2023-02-02 16:30:00+00:00,114.5800018,114.5800018,116.2399979,114.1100006,116.1299973,839443
2023-02-02 17:30:00+00:00,115.4349976,115.4349976,115.4400024,114.3700027,114.6149979,500513
2023-02-02 18:30:00+00:00,114.5800018,114.5800018,116.0699997,114.5800018,115.4800034,485225
2023-02-02 19:30:00+00:00,114.4950027,114.4950027,115.2099991,113.9100037,114.5699997,874103
2023-02-02 20:30:00+00:00,115.9300003,115.9300003,116.1100006,114.3600006,114.5100021,896752
2023-02-03 14:30:00+00:00,115.6299973,115.6299973,116.5,113.4700012,113.8700027,992433
2023-02-03 15:30:00+00:00,116.6399994,116.6399994,116.8700027,115.2399979,115.6299973,534201
2023-02-03 16:30:00+00:00,117.1900024,117.1900024,117.3000031,115.8899994,116.7200012,436929
2023-02-03 17:30:00+00:00,115.5800018,115.5800018,117.4117966,115.1500015,117.2300034,420980
2023-02-03 18:30:00+00:00,114.3099976,114.3099976,115.4800034,113.8799973,115.4800034,361967
2023-02-03 19:30:00+00:00,114.4800034,114.4800034,114.5999985,113.165802,114.2799988,340407
2023-02-03 20:30:00+00:00,113.5599976,113.5599976,114.6100006,113.4599991,114.4800034,640821
2023-02-06 14:30:00+00:00,113.3199997,113.3199997,115.1200027,111.3099976,111.3899994,816016
2023-02-06 15:30:00+00:00,113.6949997,113.6949997,114.0699997,112.6200027,113.2300034,322251
2023-02-06 16:30:00+00:00,113.0800018,113.0800018,113.8199997,112.9300003,113.6949997,271205
2023-02-06 17:30:00+00:00,112.0320969,112.0320969,113.3499985,112.0299988,113.1100006,298203
2023-02-06 18:30:00+00:00,110.740097,110.740097,112.25,110.6900024,112.0449982,453018
2023-02-06 19:30:00+00:00,109.7399979,109.7399979,110.8499985,109.2799988,110.7699966,606525
2023-02-06 20:30:00+00:00,109.4400024,109.4400024,109.7699966,108.8249969,109.7525024,786420
2023-02-07 14:30:00+00:00,108.5,108.5,110.75,107.7600021,109.7350006,846320
2023-02-07 15:30:00+00:00,110.0090027,110.0090027,110.3125,108.3399963,108.5898972,309623
2023-02-07 16:30:00+00:00,110.0299988,110.0299988,110.9100037,109.8000031,109.9649963,340990
2023-02-07 17:30:00+00:00,110.9400024,110.9400024,113.2799988,109.9749985,110,611044
2023-02-07 18:30:00+00:00,112.4800034,112.4800034,112.8499985,110.0800018,110.8300018,488234
2023-02-07 19:30:00+00:00,114.3499985,114.3499985,114.4300003,112.3600006,112.5100021,535957
2023-02-07 20:30:00+00:00,114.5500031,114.5500031,115.0800018,113.9800034,114.3799973,628149
2023-02-08 14:30:00+00:00,117.4499969,117.4499969,119.1899033,115.1050034,118.3300018,1724806
2023-02-08 15:30:00+00:00,116.1500015,116.1500015,117.6900024,115.6299973,117.4100037,901802
2023-02-08 16:30:00+00:00,116.8099976,116.8099976,117.0199966,115.9599991,116.1500015,543186
2023-02-08 17:30:00+00:00,116.2057037,116.2057037,117.0699997,115.9100037,116.8399963,312310
2023-02-08 18:30:00+00:00,115.7699966,115.7699966,116.1949997,115.3799973,116.1699982,356908
2023-02-08 19:30:00+00:00,115.4850006,115.4850006,115.8300018,114.7600021,115.7900009,460570
2023-02-08 20:30:00+00:00,114.5100021,114.5100021,115.6650009,114.3899994,115.4599991,636984
2023-02-09 14:30:00+00:00,116.8799973,116.8799973,117.7900009,115.2099991,117.0400009,1227170
2023-02-09 15:30:00+00:00,115.2949982,115.2949982,117.3290024,115.0999985,116.8000031,405441
2023-02-09 16:30:00+00:00,116.3499985,116.3499985,116.6299973,114.7900009,115.1999969,250881
2023-02-09 17:30:00+00:00,115.7900009,115.7900009,116.3649979,114.8499985,116.2779999,230762
2023-02-09 18:30:00+00:00,114.4250031,114.4250031,116,114.3001022,115.7099991,232292
2023-02-09 19:30:00+00:00,113.5149994,113.5149994,115.2294998,113.3799973,114.4204025,410992
2023-02-09 20:30:00+00:00,113.4100037,113.4100037,114.1600037,113.1200027,113.4950027,465672
2023-02-10 14:30:00+00:00,110.5800018,110.5800018,112.6200027,109.2099991,111.9000015,738396
2023-02-10 15:30:00+00:00,109.3349991,109.3349991,111.1100006,108.6299973,110.6699982,482246
2023-02-10 16:30:00+00:00,107.8099976,107.8099976,109.3637009,107.6999969,109.3249969,449310
2023-02-10 17:30:00+00:00,108.8022003,108.8022003,109.1587982,107.5999985,107.8399963,348768
2023-02-10 18:30:00+00:00,108.4649963,108.4649963,108.8399963,108.2901001,108.8000031,248565
2023-02-10 19:30:00+00:00,108.4150009,108.4150009,109.0500031,107.9550018,108.4300003,371160
2023-02-10 20:30:00+00:00,108.9700012,108.9700012,109.0999985,108.3399963,108.4150009,560865
2023-02-13 14:30:00+00:00,110.3825989,110.3825989,110.6600037,108.6449966,110.2300034,569410
2023-02-13 15:30:00+00:00,111.4349976,111.4349976,111.6299973,110.3700027,110.4785004,320444
2023-02-13 16:30:00+00:00,112.0999985,112.0999985,112.4449997,111.2600021,111.4679031,299777
2023-02-13 17:30:00+00:00,112.9700012,112.9700012,113.0863037,112.040802,112.1399994,278414
2023-02-13 18:30:00+00:00,112.2785034,112.2785034,113.2899017,112.2600021,113,236159
2023-02-13 19:30:00+00:00,112.1449966,112.1449966,112.3649979,111.8199997,112.3000031,289439
2023-02-13 20:30:00+00:00,112.1399994,112.1399994,112.2900009,111.5999985,112.1500015,405645
2023-02-14 14:30:00+00:00,116.1100006,116.1100006,116.6598969,110.4100037,111.4300003,1088376
2023-02-14 15:30:00+00:00,114.9000015,114.9000015,116.2200012,113.4100037,116.1399994,660041
2023-02-14 16:30:00+00:00,114.9499969,114.9499969,115.2200012,113.5,114.8799973,469504
2023-02-14 17:30:00+00:00,115.5599976,115.5599976,116.0400009,114.5800018,114.9400024,380181
2023-02-14 18:30:00+00:00,114.9291992,114.9291992,115.9999008,114.0800018,115.6699982,298613
2023-02-14 19:30:00+00:00,115.7509995,115.7509995,116.0500031,114.8199997,114.9300003,348793
2023-02-14 20:30:00+00:00,116.2799988,116.2799988,116.5899963,115.6500015,115.7549973,474536
2023-02-15 14:30:00+00:00,117.0199966,117.0199966,118.2160034,115.2500992,116.7099991,801229
2023-02-15 15:30:00+00:00,117.6900024,117.6900024,118.7799988,116.9349976,117.0699997,684241
2023-02-15 16:30:00+00:00,118.1600037,118.1600037,118.5199966,117.1399994,117.6900024,306498
2023-02-15 17:30:00+00:00,119.3499985,119.3499985,119.3499985,117.8475037,118.1600037,361193
2023-02-15 18:30:00+00:00,119.9300003,119.9300003,120.0599976,119.1399994,119.3399963,466626
2023-02-15 19:30:00+00:00,120,120,120.3000031,119.1999969,119.9240036,609525
2023-02-15 20:30:00+00:00,120.5199966,120.5199966,120.5599976,119.7399979,120,705864
2023-02-16 14:30:00+00:00,117.7799988,117.7799988,118.7300034,116.2799988,117.8600006,1115880
2023-02-16 15:30:00+00:00,117.7350006,117.7350006,118.5400009,117.4499969,117.7750015,550535
2023-02-16 16:30:00+00:00,117.0400009,117.0400009,117.9700012,116.2799988,117.7699966,390843
2023-02-16 17:30:00+00:00,116.9800034,116.9800034,117.7200012,116.6100006,117.0400009,384002
2023-02-16 18:30:00+00:00,117.3700027,117.3700027,117.6500015,116.5500031,117.0100021,336916
2023-02-16 19:30:00+00:00,115.5800018,115.5800018,117.6800003,115.5800018,117.3850021,455347
2023-02-16 20:30:00+00:00,115.0899963,115.0899963,115.8998032,115.0599976,115.5599976,636077
2023-02-17 14:30:00+00:00,112.1750031,112.1750031,113.9300003,110.4599991,113.9300003,995862
2023-02-17 15:30:00+00:00,112.5199966,112.5199966,113,112,112.1650009,441786
2023-02-17 16:30:00+00:00,112.7799988,112.7799988,113.4000015,112,112.5650024,315801
2023-02-17 17:30:00+00:00,112.0500031,112.0500031,113.5199966,112.0100021,112.7600021,355470
2023-02-17 18:30:00+00:00,113.2300034,113.2300034,113.3000031,112,112.0449982,280035
2023-02-17 19:30:00+00:00,113.3899994,113.3899994,114.1990967,113.2200012,113.2300034,633919
2023-02-17 20:30:00+00:00,114.2600021,114.2600021,114.2900009,113.3199997,113.3199997,429269
2023-02-21 14:30:00+00:00,111.8099976,111.8099976,114.7492981,111.7001038,112.0199966,899782
2023-02-21 15:30:00+00:00,111.9240036,111.9240036,113.3099976,111.7699966,111.9250031,402985
2023-02-21 16:30:00+00:00,112.5699997,112.5699997,112.7600021,111.5100021,111.9150009,279318
2023-02-21 17:30:00+00:00,113.2699966,113.2699966,113.3000031,112.4000015,112.5500031,298971
2023-02-21 18:30:00+00:00,113.7900009,113.7900009,113.9100037,112.8850021,113.2699966,277087
2023-02-21 19:30:00+00:00,113.0699997,113.0699997,114.0400009,113,113.800499,402897
2023-02-21 20:30:00+00:00,112.4000015,112.4000015,113.5400009,112.2600021,113.0899963,624881
2023-02-22 14:30:00+00:00,114.3399963,114.3399963,115.2799988,113.1200027,114.4199982,1332932
2023-02-22 15:30:00+00:00,115.6750031,115.6750031,116.0100021,113.9199982,114.3399963,580635
2023-02-22 16:30:00+00:00,116.3899994,116.3899994,116.4300003,115.1800003,115.6900024,550486
2023-02-22 17:30:00+00:00,117.8799973,117.8799973,117.9250031,116.0199966,116.3700027,731627
2023-02-22 18:30:00+00:00,117.2600021,117.2600021,118.3099976,116.5800018,117.8899002,678452
2023-02-22 19:30:00+00:00,117.0199966,117.0199966,117.4508972,116.4001007,117.2099991,477622
2023-02-22 20:30:00+00:00,117.6500015,117.6500015,117.7399979,116.7900009,117,672516
2023-02-23 14:30:00+00:00,117.4400024,117.4400024,120.5500031,117.0800018,119.6900024,1522551
2023-02-23 15:30:00+00:00,115.7300034,115.7300034,117.9700012,115.5,117.4100037,611806
2023-02-23 16:30:00+00:00,115.9899979,115.9899979,116.0800018,114.8389969,115.7200012,509834
2023-02-23 17:30:00+00:00,115.4499969,115.4499969,116.5100021,115.1200027,115.9599991,596718
2023-02-23 18:30:00+00:00,117.8050003,117.8050003,117.9700012,115.3499985,115.4449997,551983
2023-02-23 19:30:00+00:00,117.8700027,117.8700027,118.3799973,117.3099976,117.8199997,487704
2023-02-23 20:30:00+00:00,117.4400024,117.4400024,118.0699997,117.2699966,117.8850021,513234
2023-02-24 14:30:00+00:00,117.6699982,117.6699982,118.8000031,115.3000031,115.7799988,1707498
2023-02-24 15:30:00+00:00,118.4400024,118.4400024,118.5399017,116.9400024,117.6399994,668300
2023-02-24 16:30:00+00:00,117.6949997,117.6949997,118.7200012,117.5100021,118.4800034,426072
2023-02-24 17:30:00+00:00,117.0500031,117.0500031,117.9000015,116.6800003,117.6600037,360312
2023-02-24 18:30:00+00:00,117.1399994,117.1399994,117.2600021,116.8799973,117,312473
2023-02-24 19:30:00+00:00,117.5500031,117.5500031,118.1100006,116.9800034,117.1650009,434825
2023-02-24 20:30:00+00:00,117.2799988,117.2799988,117.6350021,116.9499969,117.5699997,637697
2023-02-27 14:30:00+00:00,122.3499985,122.3499985,123.240303,118.3000031,118.6350021,1980850
2023-02-27 15:30:00+00:00,122.1500015,122.1500015,122.5382004,121.1900024,122.3000031,746465
2023-02-27 16:30:00+00:00,121.9349976,121.9349976,122.5999985,121.5521011,122.1380005,395098
2023-02-27 17:30:00+00:00,121.625,121.625,122.0999985,121.5100021,121.9400024,373908
2023-02-27 18:30:00+00:00,121.5899963,121.5899963,122.0598984,121.0899963,121.6200027,467427
2023-02-27 19:30:00+00:00,121.3700027,121.3700027,121.7399979,120.5899963,121.6100006,472708
2023-02-27 20:30:00+00:00,120.6200027,120.6200027,121.4100037,120.5999985,121.3999023,689967
2023-02-28 14:30:00+00:00,122.1600037,122.1600037,122.6800003,120.1999969,120.1999969,870809
2023-02-28 15:30:00+00:00,122.3700027,122.3700027,122.4000015,121.4100037,122.1900024,426131
2023-02-28 16:30:00+00:00,121.0999985,121.0999985,122.3199997,120.5708008,122.3199997,318475
2023-02-28 17:30:00+00:00,121.3349991,121.3349991,121.5849991,120.8499985,121.1299973,221762
2023-02-28 18:30:00+00:00,121.3099976,121.3099976,121.6320038,120.9300003,121.3300018,256107
2023-02-28 19:30:00+00:00,120.5199966,120.5199966,121.3700027,120.4800034,121.2799988,267827
2023-02-28 20:30:00+00:00,120.6900024,120.6900024,120.9100037,120.0899963,120.4899979,433855
2023-03-01 14:30:00+00:00,119.7099991,119.7099991,121.0500031,118.7919998,119.8700027,693288
2023-03-01 15:30:00+00:00,118.9850006,118.9850006,120.3798981,118.6095963,119.5899963,355860
2023-03-01 16:30:00+00:00,120.009903,120.009903,120.1149979,118.8199997,118.9599991,285906
2023-03-01 17:30:00+00:00,119.5599976,119.5599976,120.1699982,119.3099976,120,179542
2023-03-01 18:30:00+00:00,119.8450012,119.8450012,120.1500015,119.3899994,119.5650024,236395
2023-03-01 19:30:00+00:00,120.3249969,120.3249969,120.5500031,119.6800003,119.8099976,342658
2023-03-01 20:30:00+00:00,120.1999969,120.1999969,120.8000031,120.1699982,120.2900009,449452
2023-03-02 14:30:00+00:00,119.9358978,119.9358978,121.25,119,119,679832
2023-03-02 15:30:00+00:00,119.3949966,119.3949966,120.4098969,119.3300018,120.0199966,373341
2023-03-02 16:30:00+00:00,119.8499985,119.8499985,119.9599991,118.7099991,119.3899994,321851
2023-03-02 17:30:00+00:00,120.7600021,120.7600021,120.7758026,119.8563004,119.9199982,371874
2023-03-02 18:30:00+00:00,123.0100021,123.0100021,123.0800018,120.6800003,120.7099991,662737
2023-03-02 19:30:00+00:00,123.3499985,123.3499985,123.9300003,122.8700027,123.0599976,602088
2023-03-02 20:30:00+00:00,123.6200027,123.6200027,123.9000015,123.2799988,123.3799973,557691
2023-03-03 14:30:00+00:00,124.4621964,124.4621964,126.2649994,121.6999969,123.3000031,1196329
2023-03-03 15:30:00+00:00,124.9300003,124.9300003,125.0800018,124.0999985,124.4850006,508010
2023-03-03 16:30:00+00:00,126.1200027,126.1200027,126.3899994,124.5699997,124.9899979,460803
2023-03-03 17:30:00+00:00,125.8300018,125.8300018,126.5400009,125.6200027,126.1100006,406296
2023-03-03 18:30:00+00:00,126.4700012,126.4700012,127.1200027,125.7825012,125.8600006,528077
2023-03-03 19:30:00+00:00,125.8133011,125.8133011,126.4599991,125.3499985,126.4599991,566059
2023-03-03 20:30:00+00:00,126.0500031,126.0500031,126.4300003,125.8099976,125.8199997,756291
2023-03-06 14:30:00+00:00,128.8699951,128.8699951,130.1900024,127.3150024,130,2790710
2023-03-06 15:30:00+00:00,128.9521942,128.9521942,129.7599945,128.2599945,128.821701,809270
2023-03-06 16:30:00+00:00,129.0350037,129.0350037,129.9400024,128.3600006,128.9750061,710767
2023-03-06 17:30:00+00:00,128.2200012,128.2200012,129.1300049,127.3799973,129.0599976,597580
2023-03-06 18:30:00+00:00,127.6800003,127.6800003,128.2120056,127.5100021,128.1652985,581743
2023-03-06 19:30:00+00:00,127.7300034,127.7300034,128.6925964,127.6800003,127.7050018,862341
2023-03-06 20:30:00+00:00,127.5500031,127.5500031,128.2299957,127.4400024,127.7149963,752657
2023-03-07 14:30:00+00:00,126.0500031,126.0500031,128.6000061,125.6900024,127,1577029
2023-03-07 15:30:00+00:00,125.5500031,125.5500031,127.4499969,125.3600006,126.0514984,806064
2023-03-07 16:30:00+00:00,126.5,126.5,126.6200027,125.0400009,125.5,664671
2023-03-07 17:30:00+00:00,126.0999985,126.0999985,127.1580963,125.8399963,126.5,624576
2023-03-07 18:30:00+00:00,124.6949997,124.6949997,126.3399963,124.5100021,126.1050034,732511
2023-03-07 19:30:00+00:00,124.9800034,124.9800034,125.6500015,124.5699997,124.6949997,821951
2023-03-07 20:30:00+00:00,124.9100037,124.9100037,125.629097,124.5800018,124.9800034,1380825
2023-03-08 14:30:00+00:00,126.7600021,126.7600021,134.9600067,125,132.8800049,10673652
2023-03-08 15:30:00+00:00,127.9850006,127.9850006,128.4299927,125.6399994,126.7799988,4271878
2023-03-08 16:30:00+00:00,128.846405,128.846405,129.7299957,127.9000015,127.9550018,2748118
2023-03-08 17:30:00+00:00,128.1699982,128.1699982,129.7400055,127.3000031,128.8500061,1889858
2023-03-08 18:30:00+00:00,128.1499939,128.1499939,128.7698975,127.4499969,128.1660004,1134544
2023-03-08 19:30:00+00:00,127.3600006,127.3600006,128.3074951,126.8700027,128.1199951,1351961
2023-03-08 20:30:00+00:00,129.0099945,129.0099945,129.6199951,127.3199997,127.3199997,2292592
2023-03-09 14:30:00+00:00,129.25,129.25,130.0899963,126.3314972,128.1100006,1739504
2023-03-09 15:30:00+00:00,125.6149979,125.6149979,129.5449982,125.5800018,129.2550049,1220920
2023-03-09 16:30:00+00:00,126.9800034,126.9800034,127.25,125.3968964,125.6399994,829126
2023-03-09 17:30:00+00:00,125.4817963,125.4817963,127.6600037,125.2799988,126.9568024,1144300
2023-03-09 18:30:00+00:00,123.8399963,123.8399963,125.6334,123.0800018,125.4499969,903555
2023-03-09 19:30:00+00:00,122.4000015,122.4000015,124.0927963,122.1200027,123.8199997,900543
2023-03-09 20:30:00+00:00,121.6849976,121.6849976,122.9199982,121.5199966,122.4100037,998587
2023-03-10 14:30:00+00:00,121.0175018,121.0175018,122.4199982,118.8300018,119.8799973,1974257
2023-03-10 15:30:00+00:00,123.9599991,123.9599991,124.1500015,120.5100021,121,871854
2023-03-10 16:30:00+00:00,120.7350006,120.7350006,124.5100021,120.3199997,123.9700012,931322
2023-03-10 17:30:00+00:00,119.3600006,119.3600006,121.5400009,119.2932968,120.8000031,860986
2023-03-10 18:30:00+00:00,118.2399979,118.2399979,119.7850037,118.1501999,119.3799973,1147345
2023-03-10 19:30:00+00:00,120.0899963,120.0899963,120.3600006,118.1800003,118.2600021,900866
2023-03-10 20:30:00+00:00,119.7099991,119.7099991,120.0800018,119.3499985,120.0699997,1153884
2023-03-13 13:30:00+00:00,120.1140976,120.1140976,122.75,118.2300034,119.1100006,1893224
2023-03-13 14:30:00+00:00,123.1100006,123.1100006,123.5999985,120.1999969,120.1999969,992038
2023-03-13 15:30:00+00:00,121.4700012,121.4700012,123.3899994,121.0599976,123.1399994,737394
2023-03-13 16:30:00+00:00,121.4300003,121.4300003,122.8899994,120.8911972,121.4800034,498143
2023-03-13 17:30:00+00:00,122.4100037,122.4100037,122.7699966,120.8799973,121.4850006,425845
2023-03-13 18:30:00+00:00,121.9367981,121.9367981,123.25,121.6699982,122.4449997,633789
2023-03-13 19:30:00+00:00,121.4599991,121.4599991,122.5899963,121.1200027,121.9000015,829738
2023-03-14 13:30:00+00:00,123.8199997,123.8199997,124.6900024,122.8700027,124.2099991,1240750
2023-03-14 14:30:00+00:00,125.4300003,125.4300003,125.6900024,123.7699966,123.8600006,664404
2023-03-14 15:30:00+00:00,126.1600037,126.1600037,126.3300018,125.2250977,125.4899979,570653
2023-03-14 16:30:00+00:00,126.3349991,126.3349991,127.5,125.6699982,126.1699982,1017590
2023-03-14 17:30:00+00:00,127.0999985,127.0999985,127.1299973,126.0500031,126.3199997,615569
2023-03-14 18:30:00+00:00,127.2600021,127.2600021,128.1000061,126.8300018,127.0350037,1018101
2023-03-14 19:30:00+00:00,128.0500031,128.0500031,128.1600037,127.0950012,127.2699966,972991
2023-03-15 13:30:00+00:00,128.4299927,128.4299927,130.1900024,126.5500031,126.5599976,1793112
2023-03-15 14:30:00+00:00,127.8099976,127.8099976,129.2899933,127.5999985,128.3800049,926462
2023-03-15 15:30:00+00:00,127.8399963,127.8399963,128.6399994,127.0899963,127.8000031,606242
2023-03-15 16:30:00+00:00,128.2637939,128.2637939,128.4799957,126.5299988,127.8199997,467859
2023-03-15 17:30:00+00:00,128.0899963,128.0899963,128.5200043,126.8600006,128.2599945,497648
2023-03-15 18:30:00+00:00,128.9750061,128.9750061,129.0399933,127.9599991,128.1399994,524908
2023-03-15 19:30:00+00:00,129.3600006,129.3600006,129.4100037,128.5500031,128.9700012,948561
2023-03-16 13:30:00+00:00,130.4700012,130.4700012,131.9649963,129.5500031,130.3000031,1323898
2023-03-16 14:30:00+00:00,133.9600067,133.9600067,134.0549927,130.3500061,130.4900055,1172543
2023-03-16 15:30:00+00:00,132.4649963,132.4649963,134.0888977,132.1999969,133.9900055,729657
2023-03-16 16:30:00+00:00,132.2899933,132.2899933,132.9100037,131.8200073,132.4600067,821418
2023-03-16 17:30:00+00:00,133.0249939,133.0249939,133.1799927,132.0500031,132.3300018,709227
2023-03-16 18:30:00+00:00,133.2709961,133.2709961,133.4499969,132.6100006,133.0500031,627935
2023-03-16 19:30:00+00:00,133.5700073,133.5700073,133.6399994,132.8399963,133.25,1045428
2023-03-17 13:30:00+00:00,133.9400024,133.9400024,136.4700012,133.3500061,133.75,1605437
2023-03-17 14:30:00+00:00,132.3999939,132.3999939,134.1300049,131.8600006,133.9600067,656133
2023-03-17 15:30:00+00:00,132.7994995,132.7994995,133.3999939,132.2803955,132.3899994,445576
2023-03-17 16:30:00+00:00,133.0200043,133.0200043,133.4777069,131.9100037,132.8475037,442096
2023-03-17 17:30:00+00:00,133.0399933,133.0399933,134.2799988,132.8175964,133.0399933,354394
2023-03-17 18:30:00+00:00,133.7805939,133.7805939,133.8699951,132.4300995,133.0399933,454957
2023-03-17 19:30:00+00:00,133.1750031,133.1750031,133.7899933,132.8300018,133.7599945,574614
2023-03-20 13:30:00+00:00,132.2451935,132.2451935,133.048996,130.4299927,132.3099976,978279
2023-03-20 14:30:00+00:00,131.6349945,131.6349945,132.9998932,131.2799988,132.2173004,525747
2023-03-20 15:30:00+00:00,131.1300049,131.1300049,131.7200012,130.2200012,131.6300049,398417
2023-03-20 16:30:00+00:00,132.1450043,132.1450043,132.6999969,131.1199951,131.1199951,329574
2023-03-20 17:30:00+00:00,132.8899994,132.8899994,133.0399017,131.8800049,132.1699982,393835
2023-03-20 18:30:00+00:00,132.2024994,132.2024994,133.0399933,132.1199951,132.9100037,484103
2023-03-20 19:30:00+00:00,132.7400055,132.7400055,133.2850037,132.0549927,132.1499939,615628
2023-03-21 13:30:00+00:00,132.7850952,132.7850952,134.25,131.2700043,131.75,1285045
2023-03-21 14:30:00+00:00,133.6900024,133.6900024,133.8450012,132.1000061,132.7400055,606026
2023-03-21 15:30:00+00:00,135.0800018,135.0800018,135.2749939,133.6900024,133.7799988,535580
2023-03-21 16:30:00+00:00,135.0800018,135.0800018,135.7200012,134.8399963,135.0850067,368884
2023-03-21 17:30:00+00:00,135.8200073,135.8200073,135.9299927,134.8800049,135.1000061,338104
2023-03-21 18:30:00+00:00,136.4523926,136.4523926,136.8999939,135.7019958,135.8300018,429310
2023-03-21 19:30:00+00:00,136.0099945,136.0099945,136.673996,135.9100037,136.4600067,867944
2023-03-22 13:30:00+00:00,135.1399994,135.1399994,135.7700043,133.5820007,135.3399963,886345
2023-03-22 14:30:00+00:00,134.2947998,134.2947998,135.1862946,133.6999969,135.1862946,249854
2023-03-22 15:30:00+00:00,134.6900024,134.6900024,134.9900055,134.3000031,134.3000031,299961
2023-03-22 16:30:00+00:00,134.7949982,134.7949982,135.2599945,134.6217957,134.654007,218514
2023-03-22 17:30:00+00:00,136.5,136.5,137.0700073,134.7308044,134.7875061,631441
2023-03-22 18:30:00+00:00,136.3399963,136.3399963,137.8800049,134.4450073,136.4199982,656178
2023-03-22 19:30:00+00:00,133.2899933,133.2899933,136.4100037,133.25,136.3200073,589160
2023-03-23 13:30:00+00:00,136.5749969,136.5749969,137.1600037,134.9700012,135.9600067,500334
2023-03-23 14:30:00+00:00,136.2700043,136.2700043,138.3300018,136.1799927,136.5899963,483508
2023-03-23 15:30:00+00:00,135.6300049,135.6300049,136.5800018,135.2700043,136.2700043,351652
2023-03-23 16:30:00+00:00,135.3650055,135.3650055,135.75,134.7799988,135.6199951,304042
2023-03-23 17:30:00+00:00,134.6600037,134.6600037,136.4100037,134.6600037,135.3300018,298747
2023-03-23 18:30:00+00:00,133.9900055,133.9900055,135.5299988,133.1300049,134.6900024,603284
2023-03-23 19:30:00+00:00,134.5899963,134.5899963,135.2400055,133.7700958,133.9499969,453942
2023-03-24 13:30:00+00:00,133.7149963,133.7149963,135,132.8500977,134.3999939,418659
2023-03-24 14:30:00+00:00,131.1900024,131.1900024,133.9600067,131.1399994,133.7299957,429698
2023-03-24 15:30:00+00:00,131.7507935,131.7507935,132.6600037,130.8000031,131.1399994,407828
2023-03-24 16:30:00+00:00,131.4299927,131.4299927,132.1593018,130.7899933,131.8899994,318311
2023-03-24 17:30:00+00:00,131.2400055,131.2400055,132,131,131.3500061,318322
2023-03-24 18:30:00+00:00,131.9620056,131.9620056,132,130.8699951,131.240097,244758
2023-03-24 19:30:00+00:00,131.5299988,131.5299988,132.0099945,131.2299957,131.9499969,400386
2023-03-27 13:30:00+00:00,131.7861938,131.7861938,133.2440948,131.3470001,131.9199982,530877
2023-03-27 14:30:00+00:00,131.1900024,131.1900024,132.1900024,130.8000031,131.6999969,282932
2023-03-27 15:30:00+00:00,131.3699951,131.3699951,131.3999939,130.2899933,131.1900024,292068
2023-03-27 16:30:00+00:00,131.625,131.625,131.7899933,130.75,131.3999939,215847
2023-03-27 17:30:00+00:00,132.3300018,132.3300018,132.4199982,131.490097,131.625,255239
2023-03-27 18:30:00+00:00,132.5200043,132.5200043,132.8450012,132.2700043,132.3099976,319504
2023-03-27 19:30:00+00:00,131.3899994,131.3899994,132.5200043,131.2200012,132.4799957,405649
2023-03-28 13:30:00+00:00,129.7550049,129.7550049,131.6398926,129.4400024,131,512245
2023-03-28 14:30:00+00:00,130.4049988,130.4049988,130.4900055,129.2200012,129.7899933,367167
2023-03-28 15:30:00+00:00,129.7400055,129.7400055,130.75,129.6000061,130.3999939,180650
2023-03-28 16:30:00+00:00,129.4400024,129.4400024,129.7899017,129.1578064,129.7649994,221813
2023-03-28 17:30:00+00:00,128.0899963,128.0899963,129.5182037,127.5599976,129.4499969,531743
2023-03-28 18:30:00+00:00,128.1600037,128.1600037,128.75,127.8700027,128.1100006,337255
2023-03-28 19:30:00+00:00,128.6000061,128.6000061,128.8699951,128.0099945,128.1649933,412259
2023-03-29 13:30:00+00:00,129.5099945,129.5099945,131.3999939,129.2799988,131.0800018,732266
2023-03-29 14:30:00+00:00,129.4600067,129.4600067,129.9403076,128.6809998,129.5249939,335347
2023-03-29 15:30:00+00:00,129.9049988,129.9049988,129.9243927,129.2400055,129.4199982,222166
2023-03-29 16:30:00+00:00,129.5700073,129.5700073,130.1100006,128.6999969,129.8849945,168458
2023-03-29 17:30:00+00:00,129.3099976,129.3099976,129.8600006,129.3099976,129.5200043,176039
2023-03-29 18:30:00+00:00,129.5099945,129.5099945,129.9600067,129.3500061,129.3500061,316785
2023-03-29 19:30:00+00:00,129.6100006,129.6100006,129.6999969,129.2100067,129.5399933,495652
2023-03-30 13:30:00+00:00,131.8150024,131.8150024,131.9900055,129.9499969,131.1300049,783262
2023-03-30 14:30:00+00:00,132.7599945,132.7599945,133.5,131.7700043,131.8150024,675887
2023-03-30 15:30:00+00:00,132.1600037,132.1600037,133.0227051,132.0597992,132.7599945,371354
2023-03-30 16:30:00+00:00,131.5200043,131.5200043,132.1399994,130.8200073,132.1399994,411904
2023-03-30 17:30:00+00:00,131.7200012,131.7200012,131.75,130.6000061,131.5899963,269836
2023-03-30 18:30:00+00:00,131.8600006,131.8600006,131.9299927,131.2799988,131.7299957,318151
2023-03-30 19:30:00+00:00,131.6900024,131.6900024,132.0850067,131.5700073,131.8999939,443150
2023-03-31 13:30:00+00:00,136.3000031,136.3000031,136.3200073,132.1100006,132.5200043,837391
2023-03-31 14:30:00+00:00,136.7980042,136.7980042,137.1300049,136.1049957,136.2599945,824297
2023-03-31 15:30:00+00:00,137.8000031,137.8000031,137.9799957,136.8099976,136.8099976,536912
2023-03-31 16:30:00+00:00,137.4199982,137.4199982,138.2400055,137.3600006,137.8000031,414675
2023-03-31 17:30:00+00:00,136.9100037,136.9100037,137.6999969,136.6499939,137.4499969,324821
2023-03-31 18:30:00+00:00,137.2799988,137.2799988,137.4100037,136.5,136.8600006,387535
2023-03-31 19:30:00+00:00,137.2299957,137.2299957,137.4199982,136.6600037,137.2799988,773516
2023-04-03 13:30:00+00:00,137.2799988,137.2799988,137.5899963,135.1999969,135.5,759667
2023-04-03 14:30:00+00:00,135.3699951,135.3699951,137.3950043,134.1699982,137.3500061,481008
2023-04-03 15:30:00+00:00,136.0850067,136.0850067,136.5350037,134.9989929,135.3899994,251191
2023-04-03 16:30:00+00:00,135.6300049,135.6300049,136.4199982,135.5599976,136.0599976,171275
2023-04-03 17:30:00+00:00,136.0050049,136.0050049,136.0200043,135.25,135.6000061,256817
2023-04-03 18:30:00+00:00,136.3200073,136.3200073,136.4149933,135.8200073,135.9949951,214376
2023-04-03 19:30:00+00:00,136.5599976,136.5599976,136.7100067,136.2599945,136.3000031,441321
2023-04-04 13:30:00+00:00,137.3000031,137.3000031,137.9900055,135.7299957,137.5,550110
2023-04-04 14:30:00+00:00,137.0749969,137.0749969,137.5599976,136.5299988,137.2550049,318093
2023-04-04 15:30:00+00:00,137.6499939,137.6499939,137.6950073,136.3099976,137.1098938,369547
2023-04-04 16:30:00+00:00,138.1900024,138.1900024,138.6269989,137.4499969,137.6499939,368840
2023-04-04 17:30:00+00:00,136.9199982,136.9199982,138.6699982,136.8000031,138.2100067,299761
2023-04-04 18:30:00+00:00,136.2100067,136.2100067,137.3000031,136.0500031,136.9900055,356956
2023-04-04 19:30:00+00:00,136.8500061,136.8500061,136.8899994,136.1100006,136.1999969,521255
2023-04-05 13:30:00+00:00,128.3500061,128.3500061,135.6100006,128.1300049,135.3699951,2014803
2023-04-05 14:30:00+00:00,125.875,125.875,128.6600037,125.7200012,128.3500061,1446528
2023-04-05 15:30:00+00:00,127.1210022,127.1210022,127.5400009,125.6999969,125.8799973,991169
2023-04-05 16:30:00+00:00,127.25,127.25,127.9868011,126.9000015,127.1050034,661160
2023-04-05 17:30:00+00:00,126.6999969,126.6999969,127.7600021,126.6800003,127.2819977,803217
2023-04-05 18:30:00+00:00,127.375,127.375,127.7799988,126.5999985,126.6800003,708737
2023-04-05 19:30:00+00:00,127.7699966,127.7699966,128.2899933,127.1549988,127.3990021,892827
2023-04-06 13:30:00+00:00,126,126,127.1399994,123.7005997,126,1075937
2023-04-06 14:30:00+00:00,126.5449982,126.5449982,127.1800003,125.1299973,126.0599976,376520
2023-04-06 15:30:00+00:00,127.5100021,127.5100021,127.7845993,126.3399963,126.5800018,309958
2023-04-06 16:30:00+00:00,127.6600037,127.6600037,128.1398926,127.3600006,127.5500031,320442
2023-04-06 17:30:00+00:00,127.8231964,127.8231964,127.9599991,127.4499969,127.7300034,340133
2023-04-06 18:30:00+00:00,127.7600021,127.7600021,127.8899994,127.1640015,127.8700027,414999
2023-04-06 19:30:00+00:00,127.8399963,127.8399963,127.9000015,127.3399963,127.7600021,513484
2023-04-10 13:30:00+00:00,125.8000031,125.8000031,126.8000031,124.5500031,126.7200012,586344
2023-04-10 14:30:00+00:00,126.8499985,126.8499985,127.2799988,125.8600006,125.8600006,291810
2023-04-10 15:30:00+00:00,126.1100006,126.1100006,126.9199982,125.5712967,126.8499985,256564
2023-04-10 16:30:00+00:00,127.7750015,127.7750015,127.9429016,126.0500031,126.1500015,297522
2023-04-10 17:30:00+00:00,127.7549973,127.7549973,127.8899994,127.1600037,127.8000031,208566
2023-04-10 18:30:00+00:00,127.2600021,127.2600021,128.1213989,127.25,127.7300034,271494
2023-04-10 19:30:00+00:00,128.1000061,128.1000061,128.1799927,127.0500031,127.2699966,485281
2023-04-11 13:30:00+00:00,130.5399933,130.5399933,131.7200012,127.2699966,127.5400009,1412775
2023-04-11 14:30:00+00:00,129.0899963,129.0899963,130.7899017,128.8500061,130.5800018,467162
2023-04-11 15:30:00+00:00,129.9611969,129.9611969,130.0599976,128.0899963,129.0599976,391403
2023-04-11 16:30:00+00:00,129.7700043,129.7700043,130.1100006,129.0301056,130.0375061,241784
2023-04-11 17:30:00+00:00,130.0399933,130.0399933,130.25,129.5700073,129.7200928,311667
2023-04-11 18:30:00+00:00,130.1799927,130.1799927,130.2949066,129.5800018,130.0749969,313671
2023-04-11 19:30:00+00:00,129.8399963,129.8399963,130.2250061,129.1499939,130.2198944,662642
2023-04-12 13:30:00+00:00,134.1999969,134.1999969,134.2100067,131.1566925,132.5,1028330
2023-04-12 14:30:00+00:00,134.6999969,134.6999969,134.8999939,132.8500061,134.25,828654
2023-04-12 15:30:00+00:00,135.8999939,135.8999939,136.8500061,134.5894928,134.7299957,984761
2023-04-12 16:30:00+00:00,136.8000031,136.8000031,137.1600037,135.6822052,135.901001,604160
2023-04-12 17:30:00+00:00,135.0599976,135.0599976,136.8399963,134.9600067,136.7350006,485408
2023-04-12 18:30:00+00:00,134.1199951,134.1199951,135.3899994,134,135.0899963,516201
2023-04-12 19:30:00+00:00,135.0099945,135.0099945,135.0200043,134.0299988,134.1199951,850298
2023-04-13 13:30:00+00:00,138.7200012,138.7200012,140.2100067,136.4299927,136.6051025,1324910
2023-04-13 14:30:00+00:00,138.6900024,138.6900024,139.2924957,137.4499969,138.7700043,565447
2023-04-13 15:30:00+00:00,137.9949951,137.9949951,138.9700012,137.8200073,138.6699982,461064
2023-04-13 16:30:00+00:00,137.0299988,137.0299988,138.0399017,136.8899994,137.8699951,364420
2023-04-13 17:30:00+00:00,137.8999939,137.8999939,138.298996,136.9400024,137.0025024,403575
2023-04-13 18:30:00+00:00,136.6049957,136.6049957,137.8999939,136.3009949,137.8800049,478511
2023-04-13 19:30:00+00:00,136.1000061,136.1000061,136.8800049,135.7200012,136.6300049,806622
2023-04-14 13:30:00+00:00,134.6300049,134.6300049,136.6999969,133.9100037,134.4499969,647403
2023-04-14 14:30:00+00:00,134.4405975,134.4405975,135.3000031,133.8600006,134.6549988,330269
2023-04-14 15:30:00+00:00,135.3300018,135.3300018,135.3800049,134,134.4100037,336316
2023-04-14 16:30:00+00:00,134.6849976,134.6849976,135.4600067,134.3500061,135.3399963,271625
2023-04-14 17:30:00+00:00,135.4299927,135.4299927,135.6000061,134.4499969,134.6549988,297329
2023-04-14 18:30:00+00:00,135.75,135.75,135.8600006,135.2599945,135.4313965,330070
2023-04-14 19:30:00+00:00,135.8000031,135.8000031,136.1499939,135.5950012,135.7350006,457633
2023-04-17 13:30:00+00:00,135.8500061,135.8500061,137.9472961,135.3600006,136.6600037,501778
2023-04-17 14:30:00+00:00,136.0800018,136.0800018,136.8049927,134.6439972,135.9199982,323906
2023-04-17 15:30:00+00:00,136.7100067,136.7100067,136.9499969,135.6800995,136.0599976,288706
2023-04-17 16:30:00+00:00,136.6699982,136.6699982,137.2599945,136.5401001,136.7100067,219019
2023-04-17 17:30:00+00:00,136.3950043,136.3950043,136.9499969,136.1000061,136.6900024,166084
2023-04-17 18:30:00+00:00,137.3399963,137.3399963,137.3992004,136.3600006,136.4199982,193810
2023-04-17 19:30:00+00:00,137.3899994,137.3899994,137.8800049,136.9900055,137.3099976,452754
2023-04-18 13:30:00+00:00,137.3551025,137.3551025,139.8899994,137.1999969,139.0200043,446674
2023-04-18 14:30:00+00:00,137.4745026,137.4745026,137.8399963,137.1165924,137.3500061,243242
2023-04-18 15:30:00+00:00,137.4192963,137.4192963,137.7700043,136.8600006,137.3999939,208773
2023-04-18 16:30:00+00:00,136.5516968,136.5516968,137.3999939,136.4100037,137.3551025,150993
2023-04-18 17:30:00+00:00,137.1150055,137.1150055,137.1300049,136.3399963,136.4900055,173442
2023-04-18 18:30:00+00:00,136.2899933,136.2899933,137.1555023,136.2599945,137.0700073,183644
2023-04-18 19:30:00+00:00,136.3600006,136.3600006,136.4799957,136.1246948,136.25,249059
2023-04-19 13:30:00+00:00,132.9299927,132.9299927,135.6864014,132.5700073,135,466313
2023-04-19 14:30:00+00:00,132.3500061,132.3500061,133.3099976,132.2100067,132.9199982,407610
2023-04-19 15:30:00+00:00,133.0050049,133.0050049,133.0899963,132.0099945,132.3450012,343416
2023-04-19 16:30:00+00:00,134.0099945,134.0099945,134.0700073,132.9799957,133.0299988,284616
2023-04-19 17:30:00+00:00,133.7799988,133.7799988,134.0899963,133.1799927,134.0099945,263520
2023-04-19 18:30:00+00:00,133.1399994,133.1399994,133.7899933,132.6549988,133.7700043,329636
2023-04-19 19:30:00+00:00,132.7899933,132.7899933,133.3300018,132.6000061,133.1349945,592808
2023-04-20 13:30:00+00:00,130.9700012,130.9700012,131.9199982,130.6600037,131.0299988,392598
2023-04-20 14:30:00+00:00,130.3399963,130.3399963,131.6300049,129.8000031,131.0249939,420832
2023-04-20 15:30:00+00:00,130.1799927,130.1799927,130.7700043,130.0599976,130.3800049,185127
2023-04-20 16:30:00+00:00,131.2901001,131.2901001,131.5404053,130.1499939,130.1799927,161821
2023-04-20 17:30:00+00:00,129.5700073,129.5700073,131.4450073,129.4100037,131.3399963,241831
2023-04-20 18:30:00+00:00,129.1499939,129.1499939,130.1000061,129.0700073,129.5700073,386933
2023-04-20 19:30:00+00:00,129.8899994,129.8899994,130.1399994,129.1549988,129.1549988,495084
2023-04-21 13:30:00+00:00,131.0700073,131.0700073,132.5,130.1501007,130.5800018,450894
2023-04-21 14:30:00+00:00,131.7100067,131.7100067,131.8000031,130.5,131.0950012,211434
2023-04-21 15:30:00+00:00,131.6100006,131.6100006,132.3500061,131.0149994,131.6799927,187272
2023-04-21 16:30:00+00:00,131.7550049,131.7550049,132.0800018,131.4700012,131.6549988,131684
2023-04-21 17:30:00+00:00,132.1199951,132.1199951,132.4900055,131.7200012,131.8000031,175375
2023-04-21 18:30:00+00:00,132.6000061,132.6000061,132.6399994,131.8596039,132.1526031,228111
2023-04-21 19:30:00+00:00,132.2799988,132.2799988,132.7400055,131.8999939,132.6300049,308326
2023-04-24 13:30:00+00:00,131.8000031,131.8000031,133.7299957,131.1201019,132.4949951,380331
2023-04-24 14:30:00+00:00,129.3800049,129.3800049,132.0500031,129.3000031,131.8600006,333336
2023-04-24 15:30:00+00:00,129.6699982,129.6699982,129.8300018,129.0200043,129.3787994,249238
2023-04-24 16:30:00+00:00,130.2449951,130.2449951,130.3699951,129.5899963,129.6900024,209354
2023-04-24 17:30:00+00:00,131.0099945,131.0099945,131.3600006,130.2799988,130.2799988,212304
2023-04-24 18:30:00+00:00,130.5399933,130.5399933,131.0249939,130.4600067,131.0249939,201005
2023-04-24 19:30:00+00:00,130.3899994,130.3899994,130.9199982,130.3500061,130.5399933,370163
2023-04-25 13:30:00+00:00,123.0749969,123.0749969,128.4700012,123.0299988,128.1900024,1460271
2023-04-25 14:30:00+00:00,122.2699966,122.2699966,123.5400009,121.8799973,123.0800018,968552
2023-04-25 15:30:00+00:00,122.6694031,122.6694031,122.9300003,122,122.2949982,640819
2023-04-25 16:30:00+00:00,122.2900009,122.2900009,123.1500015,121.8099976,122.6800003,724930
2023-04-25 17:30:00+00:00,122.5,122.5,122.6600037,121.9100037,122.3000031,574514
2023-04-25 18:30:00+00:00,122.5400009,122.5400009,122.9300003,122.0342026,122.5,645275
2023-04-25 19:30:00+00:00,122.1399994,122.1399994,122.8700027,122.0599976,122.4700012,856660
2023-04-26 13:30:00+00:00,123.5400009,123.5400009,124.5,122.8722992,123.8199997,665236
2023-04-26 14:30:00+00:00,124.5319977,124.5319977,124.5598984,123.0999985,123.5599976,282014
2023-04-26 15:30:00+00:00,125.3799973,125.3799973,125.9184036,124.1699982,124.5599976,418224
2023-04-26 16:30:00+00:00,125.4950027,125.4950027,125.6299973,125.0230026,125.3899994,294201
2023-04-26 17:30:00+00:00,124.7249985,124.7249985,125.6600037,124.5449982,125.5,209586
2023-04-26 18:30:00+00:00,124.3099976,124.3099976,124.7235031,123.5100021,124.7235031,262817
2023-04-26 19:30:00+00:00,124.1299973,124.1299973,124.4399033,123.5100021,124.3199997,427398
2023-04-27 13:30:00+00:00,125.8399963,125.8399963,126.3899994,123.5599976,125.1900024,886331
2023-04-27 14:30:00+00:00,125.9150009,125.9150009,126.1500015,125.0299988,125.7699966,257242
2023-04-27 15:30:00+00:00,126.2300034,126.2300034,126.3300018,125.3899994,125.8899994,185709
2023-04-27 16:30:00+00:00,126.9100037,126.9100037,127.5,126.1999969,126.3199005,294100
2023-04-27 17:30:00+00:00,126.625,126.625,127.2300034,126.3850021,126.9000015,322385
2023-04-27 18:30:00+00:00,126.5699997,126.5699997,127.4700012,126.5500031,126.6699982,402888
2023-04-27 19:30:00+00:00,126.0199966,126.0199966,126.8799973,125.9199982,126.5500031,447598
2023-04-28 13:30:00+00:00,123.3600006,123.3600006,123.9700012,119.4199982,123.1999969,1200205
2023-04-28 14:30:00+00:00,121.4950027,121.4950027,123.4700012,121.1271973,123.3600006,569513
2023-04-28 15:30:00+00:00,120.8199997,120.8199997,121.9300003,120.7699966,121.5,460641
2023-04-28 16:30:00+00:00,121.2748032,121.2748032,122.4499969,120.5,120.8399963,538696
2023-04-28 17:30:00+00:00,120.4700012,120.4700012,121.4499969,120.4543991,121.2799988,563496
2023-04-28 18:30:00+00:00,120.1399994,120.1399994,120.8239975,120.0500031,120.4700012,559700
2023-04-28 19:30:00+00:00,120.0568008,120.0568008,120.2399979,119.7699966,120.1399994,962030
2023-05-01 13:30:00+00:00,117.9092026,117.9092026,118.8600006,116.8899994,118.8302002,1033761
2023-05-01 14:30:00+00:00,118.1999969,118.1999969,119.9375992,117.8499985,117.8649979,636457
2023-05-01 15:30:00+00:00,118.7799988,118.7799988,119.4000015,118.0400009,118.1999969,380216
2023-05-01 16:30:00+00:00,119.4100037,119.4100037,119.9199982,118.7699966,118.8286972,283608
2023-05-01 17:30:00+00:00,118.5699997,118.5699997,119.5699997,118.5500031,119.3700027,285934
2023-05-01 18:30:00+00:00,118.6999969,118.6999969,118.8700027,118.0849991,118.5699997,392159
2023-05-01 19:30:00+00:00,118.7399979,118.7399979,119.2300034,118.4899979,118.7399979,494193
2023-05-02 13:30:00+00:00,116.7450027,116.7450027,119.1500015,116.5500031,118.9000015,630339
2023-05-02 14:30:00+00:00,116.6100006,116.6100006,117.2146988,116.0400009,116.7699966,486157
2023-05-02 15:30:00+00:00,116.8000031,116.8000031,116.8899994,116.2004013,116.5999985,256697
2023-05-02 16:30:00+00:00,116.8156967,116.8156967,117.1200027,116.4599991,116.7705994,278044
2023-05-02 17:30:00+00:00,117.0800018,117.0800018,117.4425964,116.5699997,116.7900009,309735
2023-05-02 18:30:00+00:00,116.8099976,116.8099976,117.5800018,116.7600021,117.0699997,304374
2023-05-02 19:30:00+00:00,116.7699966,116.7699966,116.9400024,116.1500015,116.8249969,594399
2023-05-03 13:30:00+00:00,117.2099991,117.2099991,118.5699005,115.6699982,116.4599991,411826
2023-05-03 14:30:00+00:00,118.6299973,118.6299973,118.8498993,117.25,117.25,255580
2023-05-03 15:30:00+00:00,117.9199982,117.9199982,118.5199966,117.6999969,118.4899979,168957
2023-05-03 16:30:00+00:00,117.6200027,117.6200027,118.0199966,117.3700027,117.8899994,182417
2023-05-03 17:30:00+00:00,118.4656982,118.4656982,118.6900024,117.2362976,117.6699982,209778
2023-05-03 18:30:00+00:00,117.3850021,117.3850021,119.0274963,117.1900024,118.4899979,268039
2023-05-03 19:30:00+00:00,117.6800003,117.6800003,117.7900009,117.0199966,117.3399963,260241
2023-05-04 13:30:00+00:00,117.5699997,117.5699997,120.1600037,117.4499969,118.3899994,447896
2023-05-04 14:30:00+00:00,119.0049973,119.0049973,119.3000031,117.4499969,117.5299988,250020
2023-05-04 15:30:00+00:00,118.8899994,118.8899994,119.3799973,118.1999969,119.0400009,222358
2023-05-04 16:30:00+00:00,118.8600006,118.8600006,119.3300018,118.3513031,118.9100037,181244
2023-05-04 17:30:00+00:00,118.1949997,118.1949997,119.0998993,118.1699982,118.8600006,173807
2023-05-04 18:30:00+00:00,117.875,117.875,118.3300018,117.5599976,118.2398987,236973
2023-05-04 19:30:00+00:00,117.8700027,117.8700027,118.3599014,117.5599976,117.9100037,443087
2023-05-05 13:30:00+00:00,121.9599991,121.9599991,122.0899963,119.0199966,119.2300034,693529
2023-05-05 14:30:00+00:00,122.1399994,122.1399994,122.5599976,121.4300003,121.9599991,399633
2023-05-05 15:30:00+00:00,122.6299973,122.6299973,122.8199997,121.4499969,122.0800018,346221
2023-05-05 16:30:00+00:00,122.9899979,122.9899979,123.0199966,122.0299988,122.5899963,273964
2023-05-05 17:30:00+00:00,122.6849976,122.6849976,123.2300034,122.1800003,122.9868011,269716
2023-05-05 18:30:00+00:00,122.7605972,122.7605972,122.8399963,122.25,122.6699982,298741
2023-05-05 19:30:00+00:00,122.4599991,122.4599991,122.7600021,122.1699982,122.75,482394
2023-05-08 13:30:00+00:00,127.8199997,127.8199997,129.2299957,125.4000015,126,1815601
2023-05-08 14:30:00+00:00,128.9799957,128.9799957,129.829895,127.7699966,127.8249969,575043
2023-05-08 15:30:00+00:00,131.1999969,131.1999969,131.2100067,128.7160034,128.9499969,585349
2023-05-08 16:30:00+00:00,131.8600006,131.8600006,132.1799927,131.1799927,131.1999969,780556
2023-05-08 17:30:00+00:00,131.4900055,131.4900055,132.8800049,131.240097,131.8600006,670608
2023-05-08 18:30:00+00:00,131.5800018,131.5800018,132.3899994,131.3699951,131.5,577410
2023-05-08 19:30:00+00:00,132.4199982,132.4199982,132.5,131.6300049,131.6300049,787831
2023-05-09 13:30:00+00:00,132.0599976,132.0599976,134.1699066,131.3699951,132.4100037,1051137
2023-05-09 14:30:00+00:00,131.6199951,131.6199951,132.3899994,131.0599976,132.0599976,382599
2023-05-09 15:30:00+00:00,130.8399963,130.8399963,131.8699951,130.6100006,131.6300049,314790
2023-05-09 16:30:00+00:00,131.0549927,131.0549927,131.4799957,130.5700073,130.8500061,286249
2023-05-09 17:30:00+00:00,130.8200073,130.8200073,131.3399963,130.5650024,131.0899963,277493
2023-05-09 18:30:00+00:00,129.7299957,129.7299957,130.9700012,129.5599976,130.8399963,314839
2023-05-09 19:30:00+00:00,129.9700012,129.9700012,129.9700012,129.1604004,129.7234039,576109
2023-05-10 13:30:00+00:00,133.9499969,133.9499969,134.0500031,131.0299988,132.3500061,879977
2023-05-10 14:30:00+00:00,134.8587036,134.8587036,135.9550934,133.9600067,133.9600067,989553
2023-05-10 15:30:00+00:00,134.7899933,134.7899933,135.2799988,134.0200043,134.8399963,377227
2023-05-10 16:30:00+00:00,133.3399963,133.3399963,135.2200012,133.170105,134.7799988,361453
2023-05-10 17:30:00+00:00,133.6549988,133.6549988,133.9199982,132.6600037,133.3200073,321745
2023-05-10 18:30:00+00:00,134.4600067,134.4600067,134.7200012,133.6100006,133.6851044,342055
2023-05-10 19:30:00+00:00,133.7799988,133.7799988,134.5399933,133.4100037,134.4649963,540913
2023-05-11 13:30:00+00:00,133.0850067,133.0850067,134.8099976,132.6999969,134.3950043,562884
2023-05-11 14:30:00+00:00,131.6699982,131.6699982,133.2200012,131.2700043,133.0513,435130
2023-05-11 15:30:00+00:00,132.6199951,132.6199951,132.9799957,131.6699982,131.6699982,255577
2023-05-11 16:30:00+00:00,132.509903,132.509903,132.8699951,132.1199951,132.6100006,245808
2023-05-11 17:30:00+00:00,132.6199951,132.6199951,133.2400055,131.6600037,132.4400024,244387
2023-05-11 18:30:00+00:00,132.4700012,132.4700012,132.8399963,132.1549988,132.6199951,223488
2023-05-11 19:30:00+00:00,132.1649933,132.1649933,132.5,132.0249939,132.4199982,386695
2023-05-12 13:30:00+00:00,130.3399963,130.3399963,132.9398956,130.3000031,132.7599945,476733
2023-05-12 14:30:00+00:00,130.0500031,130.0500031,130.6199951,129.7200012,130.3500061,286447
2023-05-12 15:30:00+00:00,130.4100037,130.4100037,130.8699951,129.990097,130.0099945,152438
2023-05-12 16:30:00+00:00,130.0800018,130.0800018,130.4900055,129.25,130.3600006,199593
2023-05-12 17:30:00+00:00,130.4799957,130.4799957,130.6750031,129.9499969,130.0899963,152760
2023-05-12 18:30:00+00:00,130.3300018,130.3300018,130.5599976,129.8800049,130.4299927,176690
2023-05-12 19:30:00+00:00,130.25,130.25,130.6499939,130.0299988,130.3300018,369169
2023-05-15 13:30:00+00:00,131.9340057,131.9340057,133.6398926,130.4100037,130.8899994,651713
2023-05-15 14:30:00+00:00,133.1100006,133.1100006,133.3099976,131.6399994,131.9799957,272577
2023-05-15 15:30:00+00:00,133.4049988,133.4049988,133.8899994,132.8800049,133.0774994,277049
2023-05-15 16:30:00+00:00,135.0149994,135.0149994,135.1699982,133.3401031,133.3473053,368771
2023-05-15 17:30:00+00:00,135.3150024,135.3150024,135.3800049,134.6750031,134.8999939,313891
2023-05-15 18:30:00+00:00,135.4048004,135.4048004,135.4250031,134.6499939,135.3000031,374173
2023-05-15 19:30:00+00:00,135.5899963,135.5899963,135.9199982,135.3800049,135.3999939,727590
2023-05-16 13:30:00+00:00,134.5299988,134.5299988,135.6100006,133.3999939,134,563118
2023-05-16 14:30:00+00:00,134.3999939,134.3999939,135.3200073,134.0700073,134.5549927,281245
2023-05-16 15:30:00+00:00,133.6499939,133.6499939,134.3600006,133.5099945,134.3600006,205593
2023-05-16 16:30:00+00:00,133.9199982,133.9199982,134.4400024,133.3000031,133.6799927,197889
2023-05-16 17:30:00+00:00,133.9600067,133.9600067,134.4649963,133.5700073,133.9001007,177352
2023-05-16 18:30:00+00:00,134.2449951,134.2449951,134.5099945,133.8600006,133.9600067,148355
2023-05-16 19:30:00+00:00,133.9799957,133.9799957,134.3500061,133.9700012,134.2268066,290017
2023-05-17 13:30:00+00:00,134.5200043,134.5200043,135.4212036,133.6100006,134.8399963,315446
2023-05-17 14:30:00+00:00,137.1999969,137.1999969,137.1999969,134.5700073,134.5700073,439885
2023-05-17 15:30:00+00:00,137.3200073,137.3200073,138,137.1000061,137.1999969,473777
2023-05-17 16:30:00+00:00,137.7200012,137.7200012,139.0899963,137.2899933,137.3399963,673974
2023-05-17 17:30:00+00:00,137.6300049,137.6300049,137.8800049,137.0482941,137.7595978,278680
2023-05-17 18:30:00+00:00,137.5650024,137.5650024,137.7899017,137.0899963,137.6499939,284646
2023-05-17 19:30:00+00:00,137.1799927,137.1799927,137.6999969,137.0399933,137.5189972,455455
2023-05-18 13:30:00+00:00,138.8399963,138.8399963,138.9499969,137.2299957,137.4400024,678755
2023-05-18 14:30:00+00:00,139.7200012,139.7200012,139.9700012,138.2299957,138.8600006,636884
2023-05-18 15:30:00+00:00,139.5200043,139.5200043,140,138.9100037,139.7680054,475425
2023-05-18 16:30:00+00:00,140.2373962,140.2373962,140.6699982,139.4100037,139.4900055,410198
2023-05-18 17:30:00+00:00,140.3099976,140.3099976,140.4600067,139.5,140.2299957,356416
2023-05-18 18:30:00+00:00,141.6199951,141.6199951,141.7299957,140.3300018,140.3300018,381565
2023-05-18 19:30:00+00:00,141.9400024,141.9400024,141.9600067,141.2100067,141.6100006,574729
2023-05-19 13:30:00+00:00,146.5500031,146.5500031,148.3399963,142.3899994,142.7400055,2529858
2023-05-19 14:30:00+00:00,144.9387054,144.9387054,147.1399994,144.7400055,146.7899933,1045339
2023-05-19 15:30:00+00:00,144.8699951,144.8699951,145.6300049,144.0323029,144.9199982,472486
2023-05-19 16:30:00+00:00,145.0713959,145.0713959,145.1000061,144.2799988,144.8099976,378657
2023-05-19 17:30:00+00:00,145,145,145.4299927,144.6699982,145.0599976,319210
2023-05-19 18:30:00+00:00,144.7599945,144.7599945,145.3300018,144.4600067,144.9100037,328931
2023-05-19 19:30:00+00:00,144.75,144.75,145.1300049,144.6900024,144.7700043,653546
2023-05-22 13:30:00+00:00,145.6100006,145.6100006,146.9799957,143.8200073,144.2599945,868936
2023-05-22 14:30:00+00:00,147.7599945,147.7599945,147.7799072,145.6100006,145.6100006,487077
2023-05-22 15:30:00+00:00,147.6970978,147.6970978,147.9299011,147.0099945,147.7250061,355042
2023-05-22 16:30:00+00:00,147.9266052,147.9266052,148.5599976,147.6492004,147.6900024,528299
2023-05-22 17:30:00+00:00,147.8639984,147.8639984,148.4600067,147.4100037,147.9499969,335554
2023-05-22 18:30:00+00:00,147.9156036,147.9156036,148.5,147.7599945,147.8600006,285478
2023-05-22 19:30:00+00:00,147.4400024,147.4400024,147.9199982,147.3399963,147.8851929,345544
2023-05-23 13:30:00+00:00,147.4174957,147.4174957,148.4550018,145.5200043,146.1100006,664603
2023-05-23 14:30:00+00:00,148.2899933,148.2899933,148.3999023,146.8399963,147.2599945,328031
2023-05-23 15:30:00+00:00,147.8800049,147.8800049,148.6300049,147.6900024,148.25,340854
2023-05-23 16:30:00+00:00,146.0001068,146.0001068,148,145.8399963,147.8399963,423701
2023-05-23 17:30:00+00:00,144.8999939,144.8999939,146.0099945,144.5500031,146,356449
2023-05-23 18:30:00+00:00,145.0350037,145.0350037,145.5399933,144.5800934,144.9100037,306555
2023-05-23 19:30:00+00:00,143.9100037,143.9100037,145.1499939,143.7899933,145.0200043,528057
2023-05-24 13:30:00+00:00,145.7899017,145.7899017,149.3999939,143.1499939,144.0500031,1731994
2023-05-24 14:30:00+00:00,147.5599976,147.5599976,147.9499969,145.5700073,145.7799988,610344
2023-05-24 15:30:00+00:00,148.3000031,148.3000031,148.4600067,146.718399,147.5399933,519449
2023-05-24 16:30:00+00:00,147.5193024,147.5193024,148.2899933,146.8899994,148.2899933,407025
2023-05-24 17:30:00+00:00,148.3399963,148.3399963,148.5,147.4499969,147.4499969,324906
2023-05-24 18:30:00+00:00,149,149,149.0700073,148.2388,148.3699951,382802
2023-05-24 19:30:00+00:00,149.2400055,149.2400055,149.4799957,148.6900024,149.0599976,625328
2023-05-25 13:30:00+00:00,149.5599976,149.5599976,151.1300049,147.1900024,150.6499939,994863
2023-05-25 14:30:00+00:00,149.4400024,149.4400024,150.5,149.0299988,149.5249939,395132
2023-05-25 15:30:00+00:00,149.6600037,149.6600037,149.7100067,148.3699951,149.3800049,420790
2023-05-25 16:30:00+00:00,149.6199951,149.6199951,149.9499969,148.9600067,149.6390076,452663
2023-05-25 17:30:00+00:00,150.6300049,150.6300049,150.8500061,149.3600006,149.5599976,373568
2023-05-25 18:30:00+00:00,150.655304,150.655304,150.8899994,149.7799988,150.6000061,330267
2023-05-25 19:30:00+00:00,149.6000061,149.6000061,150.9700012,149.5399933,150.6900024,391129
2023-05-26 13:30:00+00:00,154.3699951,154.3699951,154.5740051,150,150.2899933,982503
2023-05-26 14:30:00+00:00,156.7100067,156.7100067,156.8800049,154.0200043,154.4799957,943567
2023-05-26 15:30:00+00:00,156.2649994,156.2649994,158.1799927,156.0899963,156.7194061,760918
2023-05-26 16:30:00+00:00,155.4600067,155.4600067,156.8099976,155.1600037,156.289505,732419
2023-05-26 17:30:00+00:00,155,155,156.2299957,154.8300018,155.5,441215
2023-05-26 18:30:00+00:00,154.4600067,154.4600067,155.3099976,154.3999939,155,413181
2023-05-26 19:30:00+00:00,154.1199951,154.1199951,154.7899017,153.9499969,154.4600067,612411
2023-05-30 13:30:00+00:00,155.8099976,155.8099976,160.7799988,154.9100037,159.4600067,1762308
2023-05-30 14:30:00+00:00,157.5700073,157.5700073,157.5700073,155.1000061,155.8000031,642267
2023-05-30 15:30:00+00:00,157.2200012,157.2200012,158.2799988,156.8600006,157.5350037,513388
2023-05-30 16:30:00+00:00,157.8099976,157.8099976,158.3699036,156.6750031,157.1900024,917549
2023-05-30 17:30:00+00:00,157.9600067,157.9600067,158.4199982,156.5700073,157.7984924,582697
2023-05-30 18:30:00+00:00,159.6799927,159.6799927,159.9499969,157.7599945,157.8699951,946951
2023-05-30 19:30:00+00:00,158.5800018,158.5800018,160.1000061,158.3200989,159.6799927,865789
2023-05-31 13:30:00+00:00,157.4750061,157.4750061,161.7949982,157.0099945,158.8300018,1832704
2023-05-31 14:30:00+00:00,159.2350006,159.2350006,159.6399994,157.1199951,157.3999939,836602
2023-05-31 15:30:00+00:00,160.0249939,160.0249939,160.7398987,158.7949982,159.2299957,915999
2023-05-31 16:30:00+00:00,159.5850067,159.5850067,160.3899994,158.6849976,159.9799957,558165
2023-05-31 17:30:00+00:00,160.1000061,160.1000061,160.3500061,159.1746063,159.6300049,825314
2023-05-31 18:30:00+00:00,160.1040039,160.1040039,160.6950073,159.4700012,160.1000061,1072943
2023-05-31 19:30:00+00:00,160.0200043,160.0200043,160.8399963,159.4499969,160.1100006,1340436
2023-06-01 13:30:00+00:00,154.5601044,154.5601044,154.8760071,142.4949951,146.7200012,6072729
2023-06-01 14:30:00+00:00,155.8999939,155.8999939,157.75,153.7799988,154.6699982,2459113
2023-06-01 15:30:00+00:00,156.6349945,156.6349945,159.7899933,155.8399963,155.8999023,2417829
2023-06-01 16:30:00+00:00,156.1000061,156.1000061,157.3937073,155.3600006,156.6699982,1046003
2023-06-01 17:30:00+00:00,157.6900024,157.6900024,158,155.5800018,156.1499939,1068031
2023-06-01 18:30:00+00:00,157.0200043,157.0200043,158.1799011,156.8000031,157.6699982,1028284
2023-06-01 19:30:00+00:00,157.5449982,157.5449982,157.6399994,156.0500031,157.0299988,1402867
2023-06-02 13:30:00+00:00,154.0800018,154.0800018,159.3999939,153.0099945,158.6600037,2661191
2023-06-02 14:30:00+00:00,156.2700043,156.2700043,157.0700073,153.3399963,154.1199951,863524
2023-06-02 15:30:00+00:00,154.4539032,154.4539032,157.059906,154.0299988,156.3099976,756164
2023-06-02 16:30:00+00:00,155.25,155.25,156.5500031,154.5299988,154.5299988,557384
2023-06-02 17:30:00+00:00,153.2400055,153.2400055,155.2799988,153.0700073,155.2599945,747654
2023-06-02 18:30:00+00:00,151.2299957,151.2299957,153.3200073,150.5299988,153.25,1077718
2023-06-02 19:30:00+00:00,151.3099976,151.3099976,152.5399933,151.0200043,151.2454071,1079323
2023-06-05 13:30:00+00:00,149.3937988,149.3937988,151.0500031,148.2400055,151.0500031,1154825
2023-06-05 14:30:00+00:00,151.9499969,151.9499969,152.059906,149.1999969,149.3200073,659376
2023-06-05 15:30:00+00:00,153.8500061,153.8500061,154.1799927,151.6300049,151.9100037,738189
2023-06-05 16:30:00+00:00,153.4299927,153.4299927,154.4600067,153.3999939,153.8350067,402843
2023-06-05 17:30:00+00:00,153.5299988,153.5299988,154.1900024,153.0899963,153.4900055,286761
2023-06-05 18:30:00+00:00,154.4250031,154.4250031,154.7599945,152.7200012,153.4600067,549642
2023-06-05 19:30:00+00:00,154.0599976,154.0599976,154.4799957,153.3500061,154.4100037,658612
2023-06-06 13:30:00+00:00,154.1399994,154.1399994,155.7700043,152.6199951,153.7799988,714024
2023-06-06 14:30:00+00:00,154.5700073,154.5700073,155.2861938,153.6000061,154.0899963,394264
2023-06-06 15:30:00+00:00,153.8972015,153.8972015,155.2799988,153.5200043,154.6300049,272485
2023-06-06 16:30:00+00:00,153.5800934,153.5800934,154.1399994,152.8300018,153.9199982,275657
2023-06-06 17:30:00+00:00,153.1900024,153.1900024,153.6199951,152.8182068,153.5904999,290049
2023-06-06 18:30:00+00:00,152.8800049,152.8800049,153.6799927,152.7799988,153.1900024,304043
2023-06-06 19:30:00+00:00,153.0200043,153.0200043,153.3000031,152.3999939,152.8800049,448638
2023-06-07 13:30:00+00:00,153.0650024,153.0650024,155.8999939,152.6300049,154.75,998575
2023-06-07 14:30:00+00:00,152.600296,152.600296,153.5500031,151.6999969,153.0700073,469531
2023-06-07 15:30:00+00:00,149.9799957,149.9799957,152.8650055,149.8600006,152.5,344963
2023-06-07 16:30:00+00:00,149.2850037,149.2850037,150.4799957,148.3999939,150.0299988,459978
2023-06-07 17:30:00+00:00,150.0800018,150.0800018,150.5350037,149.0700073,149.2100067,271654
2023-06-07 18:30:00+00:00,149.7590027,149.7590027,150.0599976,149.3600006,150.0599976,260637
2023-06-07 19:30:00+00:00,149.2299957,149.2299957,149.8899994,148.8200073,149.7599945,435501
2023-06-08 13:30:00+00:00,150.4499969,150.4499969,151.5,148.5099945,149.1199951,546238
2023-06-08 14:30:00+00:00,150.7599945,150.7599945,151.4799957,149.9400024,150.4600067,315504
2023-06-08 15:30:00+00:00,151.5700073,151.5700073,151.6900024,150.3999939,150.6499939,230595
2023-06-08 16:30:00+00:00,150.1999969,150.1999969,151.5,150.0601044,151.4700012,207944
2023-06-08 17:30:00+00:00,150.2299957,150.2299957,150.2700043,149.5500031,150.1999969,206719
2023-06-08 18:30:00+00:00,151.1000061,151.1000061,151.5399933,150.25,150.3000031,244262
2023-06-08 19:30:00+00:00,151.2799988,151.2799988,151.5800018,150.9799957,151.1199951,350530
2023-06-09 13:30:00+00:00,152.2599945,152.2599945,153.8300018,151.0700073,153.5299988,816631
2023-06-09 14:30:00+00:00,149.0527954,149.0527954,152.5644073,148.920105,152.3000031,564219
2023-06-09 15:30:00+00:00,147.9900055,147.9900055,149.25,147.6999969,149,557581
2023-06-09 16:30:00+00:00,148.5700073,148.5700073,148.7118988,146.8399963,148.0099945,542763
2023-06-09 17:30:00+00:00,149.0299988,149.0299988,149.4149933,148.4100037,148.6300049,264482
2023-06-09 18:30:00+00:00,149.5599976,149.5599976,149.5599976,148.6399994,148.9799957,253184
2023-06-09 19:30:00+00:00,149.5299988,149.5299988,149.7799988,149.3600006,149.5099945,379697
2023-06-12 13:30:00+00:00,150.4600067,150.4600067,151.8600006,149.0500946,150.2350006,616783
2023-06-12 14:30:00+00:00,149.5500031,149.5500031,151.1385956,149.3710022,150.4799957,259565
2023-06-12 15:30:00+00:00,149.4199982,149.4199982,150,148.9100037,149.5200043,325520
2023-06-12 16:30:00+00:00,150.2969055,150.2969055,150.9100037,149.4360962,149.4360962,259071
2023-06-12 17:30:00+00:00,149.3916931,149.3916931,150.6499939,149.3099976,150.3699951,186668
2023-06-12 18:30:00+00:00,150.2799988,150.2799988,150.8800049,149.0549927,149.3999939,281999
2023-06-12 19:30:00+00:00,151.1199951,151.1199951,151.1399994,150.0800934,150.3049927,241950
2023-06-13 13:30:00+00:00,151.6300049,151.6300049,154.2700043,150.5700073,153.0599976,1033769
2023-06-13 14:30:00+00:00,153.7350006,153.7350006,153.7799988,151.2438965,151.8000031,448460
2023-06-13 15:30:00+00:00,152.5,152.5,153.7299957,152.1000061,153.7299957,437798
2023-06-13 16:30:00+00:00,153.3099976,153.3099976,153.3699951,152.4100037,152.5050049,218541
2023-06-13 17:30:00+00:00,151.7700043,151.7700043,153.3999939,151.5,153.2301025,234005
2023-06-13 18:30:00+00:00,152.7700043,152.7700043,153.0299988,151.4671021,151.6399994,207444
2023-06-13 19:30:00+00:00,153.0899963,153.0899963,153.3999939,152.6809998,152.7200012,370122
2023-06-14 13:30:00+00:00,152.25,152.25,153.8300018,151.4199982,153.1499939,680301
2023-06-14 14:30:00+00:00,152.8600006,152.8600006,152.9799957,151.6399994,152.2599945,294418
2023-06-14 15:30:00+00:00,153.2299957,153.2299957,153.6150055,152.3999939,152.8896942,236939
2023-06-14 16:30:00+00:00,153.1399994,153.1399994,153.8150024,152.8403931,153.3233948,179084
2023-06-14 17:30:00+00:00,151.4299927,151.4299927,153.2599945,150.6799927,153.0997925,284819
2023-06-14 18:30:00+00:00,152.3350067,152.3350067,153.2700043,150.9400024,151.3899994,317525
2023-06-14 19:30:00+00:00,154,154,154,152.1499939,152.4024963,407586
2023-06-15 13:30:00+00:00,155.0901031,155.0901031,156.3500061,152.221405,153.2299957,1161526
2023-06-15 14:30:00+00:00,154.8600006,154.8600006,155.7998962,154.3300018,155.1799927,312154
2023-06-15 15:30:00+00:00,155.6100006,155.6100006,156.0500031,154.7079926,154.8600006,398691
2023-06-15 16:30:00+00:00,158.3480988,158.3480988,158.8811035,155.0500031,155.7250061,2016475
2023-06-15 17:30:00+00:00,159.3500061,159.3500061,161.1898041,158.212204,158.3699951,1752732
2023-06-15 18:30:00+00:00,160.0299988,160.0299988,160.3898926,159.2599945,159.4049988,729892
2023-06-15 19:30:00+00:00,159.7400055,159.7400055,160.75,159.6799927,160,845598
2023-06-16 13:30:00+00:00,158.0700073,158.0700073,162.25,157.1699982,162.1000061,1498605
2023-06-16 14:30:00+00:00,156.1600037,156.1600037,158.7328949,155.8500061,158.0099945,673236
2023-06-16 15:30:00+00:00,155.6750031,155.6750031,156.4398956,154.8099976,156.0550995,659411
2023-06-16 16:30:00+00:00,155.7899933,155.7899933,157.1600037,155.5800018,155.6900024,685940
2023-06-16 17:30:00+00:00,155.9600067,155.9600067,156.9499969,155.7400055,155.7599945,246446
2023-06-16 18:30:00+00:00,155.4900055,155.4900055,155.9600067,154.9499969,155.9299927,460035
2023-06-16 19:30:00+00:00,155.1399994,155.1399994,156.1199951,155,155.4900055,657324
2023-06-20 13:30:00+00:00,151.6100006,151.6100006,155.7198944,151.5099945,152.6000061,835107
2023-06-20 14:30:00+00:00,150.8800049,150.8800049,151.9400024,150.2599945,151.6600037,548224
2023-06-20 15:30:00+00:00,152.9700012,152.9700012,152.9900055,150.4100952,150.8999939,441598
2023-06-20 16:30:00+00:00,152.3650055,152.3650055,153.4799957,152.3200073,152.9949951,327302
2023-06-20 17:30:00+00:00,152.75,152.75,152.8200073,151.9712067,152.4299927,221077
2023-06-20 18:30:00+00:00,153.0700073,153.0700073,153.1199951,152.1399994,152.7149963,243454
2023-06-20 19:30:00+00:00,152.1199951,152.1199951,153.3899994,152.0299988,153.0700073,561799
2023-06-21 13:30:00+00:00,146.673996,146.673996,151.3800049,146.2700043,150.5800018,1407964
2023-06-21 14:30:00+00:00,144.0899963,144.0899963,147.0899048,143.2700043,146.7299957,1258480
2023-06-21 15:30:00+00:00,143.8715057,143.8715057,144.7241058,143.4799957,144.1195984,914263
2023-06-21 16:30:00+00:00,144.1849976,144.1849976,144.3851929,143.6100006,143.8849945,489091
2023-06-21 17:30:00+00:00,144.6950073,144.6950073,145.0299988,144.0299988,144.2200012,380259
2023-06-21 18:30:00+00:00,144.5149994,144.5149994,145.1381073,144.3600006,144.7400055,530373
2023-06-21 19:30:00+00:00,143.8650055,143.8650055,144.5899963,143.7100067,144.5299988,849812
2023-06-22 13:30:00+00:00,144.9349976,144.9349976,145.8999939,141.5,142.5599976,1114849
2023-06-22 14:30:00+00:00,145.4250031,145.4250031,146.6159058,144.5399933,144.9219971,558961
2023-06-22 15:30:00+00:00,145.5684052,145.5684052,146.9398956,145.3000031,145.3899994,330150
2023-06-22 16:30:00+00:00,144.7949982,144.7949982,145.7250061,144.5,145.5299988,280175
2023-06-22 17:30:00+00:00,145,145,145.4349976,144.6799927,144.8000031,196392
2023-06-22 18:30:00+00:00,145.2700043,145.2700043,145.3999939,144.7299957,145.0500031,172179
2023-06-22 19:30:00+00:00,145.8399963,145.8399963,145.8399963,145.0399933,145.2749939,349635
2023-06-23 13:30:00+00:00,143.8899994,143.8899994,144.6300049,142.2100067,143.4299927,486492
2023-06-23 14:30:00+00:00,142.9499969,142.9499969,144.4100037,142.6230011,144.0149994,354684
2023-06-23 15:30:00+00:00,144.1100006,144.1100006,144.2299957,142.8000031,142.9799957,175754
2023-06-23 16:30:00+00:00,144.3399963,144.3399963,144.6199951,143.8800049,144.1100006,153715
2023-06-23 17:30:00+00:00,144.2200012,144.2200012,144.9499969,144.0500031,144.3899994,190577
2023-06-23 18:30:00+00:00,143.9700012,143.9700012,144.2599945,143.6199951,144.2115021,256962
2023-06-23 19:30:00+00:00,143.6499939,143.6499939,144.1000061,143.3200073,144.0099945,476095
2023-06-26 13:30:00+00:00,144.3800049,144.3800049,145.1799011,141.675705,143.0399933,477005
2023-06-26 14:30:00+00:00,143.4105072,143.4105072,144.5,142.8899994,144.3999939,304846
2023-06-26 15:30:00+00:00,142.0299988,142.0299988,144.0800018,141.9600067,143.3925018,298594
2023-06-26 16:30:00+00:00,142.6199951,142.6199951,142.6600037,141.3500061,142.0399933,249556
2023-06-26 17:30:00+00:00,142.6399994,142.6399994,142.7588959,142.2400055,142.6213989,124604
2023-06-26 18:30:00+00:00,142.4299927,142.4299927,143.1000061,142.3300018,142.6600037,148417
2023-06-26 19:30:00+00:00,141.8000031,141.8000031,142.7100067,141.6999969,142.4499054,359897
2023-06-27 13:30:00+00:00,142.9250031,142.9250031,144.4759979,142.4600067,142.4900055,514668
2023-06-27 14:30:00+00:00,142.875,142.875,143.4980011,142.0700989,142.9100037,278786
2023-06-27 15:30:00+00:00,144.0299988,144.0299988,144.0702057,142.8000031,142.9199982,217628
2023-06-27 16:30:00+00:00,143.8898926,143.8898926,144.4299927,143.4100037,144.0700073,192647
2023-06-27 17:30:00+00:00,144.5099945,144.5099945,144.6799927,143.8600006,143.8600006,247248
2023-06-27 18:30:00+00:00,144.8899994,144.8899994,144.9407043,144.2899933,144.5399933,258564
2023-06-27 19:30:00+00:00,144.2899933,144.2899933,145.0700073,144.2100067,144.8800049,383990
2023-06-28 13:30:00+00:00,145.1999969,145.1999969,145.4299927,142.4376984,143.8899994,546279
2023-06-28 14:30:00+00:00,144.2899933,144.2899933,146.0200043,143.7700043,145.0899963,400173
2023-06-28 15:30:00+00:00,144.9075012,144.9075012,145.6199951,144,144.3200073,258995
2023-06-28 16:30:00+00:00,144.8699951,144.8699951,144.9400024,144.0299988,144.9100037,188306
2023-06-28 17:30:00+00:00,144.5500031,144.5500031,144.9600067,144.4450073,144.9100037,148571
2023-06-28 18:30:00+00:00,144.1044006,144.1044006,144.7899933,143.8800049,144.5500031,185871
2023-06-28 19:30:00+00:00,145.0899963,145.0899963,145.1699982,143.9100037,144.0599976,397299
2023-06-29 13:30:00+00:00,145.0487061,145.0487061,146.4900055,144.2200012,145.7700043,574527
2023-06-29 14:30:00+00:00,144.3598022,144.3598022,145.2032013,143.6900024,144.9199982,275477
2023-06-29 15:30:00+00:00,143.7299957,143.7299957,144.3399963,143.4400024,144.3399963,217625
2023-06-29 16:30:00+00:00,144.5599976,144.5599976,144.6296997,143.5399933,143.75,189998
2023-06-29 17:30:00+00:00,143.6499939,143.6499939,144.7100067,143.4700928,144.5700073,245527
2023-06-29 18:30:00+00:00,143.5399933,143.5399933,143.8500061,143.1699982,143.6499939,342762
2023-06-29 19:30:00+00:00,143.9817963,143.9817963,144.0800018,143.5299988,143.5299988,335142
2023-06-30 13:30:00+00:00,148.0050049,148.0050049,148.0399933,144.8699951,145.0899963,823780
2023-06-30 14:30:00+00:00,148.3500061,148.3500061,149.3200073,147.9499969,147.9900055,576613
2023-06-30 15:30:00+00:00,147.75,147.75,148.3699951,147.5,148.3399963,231169
2023-06-30 16:30:00+00:00,147.4799957,147.4799957,147.8849945,147.2855988,147.75,161112
2023-06-30 17:30:00+00:00,147.8000031,147.8000031,148.1600037,147.4250031,147.5200043,217528
2023-06-30 18:30:00+00:00,147.75,147.75,147.8600006,146.9400024,147.8099976,320695
2023-06-30 19:30:00+00:00,146.9100037,146.9100037,147.8600006,146.845993,147.7599945,446590
2023-07-03 13:30:00+00:00,145.6199951,145.6199951,147.5500031,145.1239014,147.1799927,501104
2023-07-03 14:30:00+00:00,145.8999939,145.8999939,146,145.0099945,145.6199951,349906
2023-07-03 15:30:00+00:00,146.3350067,146.3350067,146.3600006,145.2599945,145.9499969,225716
2023-07-05 13:30:00+00:00,146.6849976,146.6849976,147.2700043,144.8800049,145.4299927,564573
2023-07-05 14:30:00+00:00,145.5200043,145.5200043,147.0800018,145.2899933,146.6300049,207839
2023-07-05 15:30:00+00:00,145.6799927,145.6799927,146.0899963,145.1199951,145.6300049,209031
2023-07-05 16:30:00+00:00,145.6799927,145.6799927,145.8849945,145.2440033,145.5912018,124422
2023-07-05 17:30:00+00:00,145.5549927,145.5549927,146.0099945,145.1600037,145.6499939,216135
2023-07-05 18:30:00+00:00,146.8249969,146.8249969,147.1399994,145.5700073,145.5700073,278725
2023-07-05 19:30:00+00:00,145.0800018,145.0800018,146.8999939,144.9299927,146.8399963,718648
2023-07-06 13:30:00+00:00,140.0399933,140.0399933,143.0149994,139.3699951,142.75,1595441
2023-07-06 14:30:00+00:00,140.6499939,140.6499939,141.2299957,139.7599945,140.0399933,399046
2023-07-06 15:30:00+00:00,142.0599976,142.0599976,142.1699982,140.4299927,140.6499939,267478
2023-07-06 16:30:00+00:00,141.4450073,141.4450073,142.3000031,141.3600006,142.1049957,293063
2023-07-06 17:30:00+00:00,142.0249939,142.0249939,142.2899933,141.4400024,141.4900055,192684
2023-07-06 18:30:00+00:00,142.7700043,142.7700043,142.7700043,142.0650024,142.0650024,352179
2023-07-06 19:30:00+00:00,143.5800018,143.5800018,143.7149963,142.4949951,142.7400055,427865
2023-07-07 13:30:00+00:00,145.25,145.25,146.7998962,143.4799957,143.5099945,723857
2023-07-07 14:30:00+00:00,145.6499939,145.6499939,145.8399963,144.4900055,145.1799927,362629
2023-07-07 15:30:00+00:00,145.5700073,145.5700073,145.75,144.9700012,145.6199951,176612
2023-07-07 16:30:00+00:00,146.1000061,146.1000061,146.1499939,145.5399933,145.6000061,172146
2023-07-07 17:30:00+00:00,145.75,145.75,146.1600037,145.6300049,146.0800018,175863
2023-07-07 18:30:00+00:00,145.1399994,145.1399994,145.8500061,145.121994,145.7749939,206479
2023-07-07 19:30:00+00:00,144,144,145.1199951,143.7799988,145.1199951,326343
2023-07-10 13:30:00+00:00,146.6199951,146.6199951,146.7200012,143.5,143.8000031,564202
2023-07-10 14:30:00+00:00,148.5399933,148.5399933,148.5899963,146.5496063,146.6499939,548051
2023-07-10 15:30:00+00:00,148.2700043,148.2700043,149.6799011,147.4199982,148.5399933,508275
2023-07-10 16:30:00+00:00,148.625,148.625,148.7200012,147.7599945,148.2400055,251356
2023-07-10 17:30:00+00:00,149.1000061,149.1000061,149.2799988,148.1699982,148.6300049,231586
2023-07-10 18:30:00+00:00,149.3309021,149.3309021,149.6199951,149.0599976,149.1000061,423827
2023-07-10 19:30:00+00:00,149.9199982,149.9199982,149.9799957,149.1199951,149.3300018,591558
2023-07-11 13:30:00+00:00,151.0099945,151.0099945,152.7400055,149.2700043,150.75,882901
2023-07-11 14:30:00+00:00,150.1999969,150.1999969,151.9700012,150.0399933,151.0700073,449976
2023-07-11 15:30:00+00:00,150.8099976,150.8099976,151.4479065,149.9100037,150.3000031,293670
2023-07-11 16:30:00+00:00,150.8999939,150.8999939,151.4967957,150.6799927,150.8099976,198424
2023-07-11 17:30:00+00:00,150.8099976,150.8099976,151.3099976,150.4600067,150.8399963,371924
2023-07-11 18:30:00+00:00,150.9900055,150.9900055,151.3899994,150.4299927,150.7899933,355787
2023-07-11 19:30:00+00:00,150.8200073,150.8200073,151.6699982,150.3399963,150.9976959,604886
2023-07-12 13:30:00+00:00,150.0899963,150.0899963,153.9299927,148.2299957,153.1900024,1036728
2023-07-12 14:30:00+00:00,148.3899994,148.3899994,150.1799927,148.2899933,150.1000061,384840
2023-07-12 15:30:00+00:00,145.5500031,145.5500031,148.3999939,144.3399963,148.3849945,1047090
2023-07-12 16:30:00+00:00,146.0500031,146.0500031,146.5265045,145.3899994,145.5549927,498178
2023-07-12 17:30:00+00:00,146.8950043,146.8950043,146.9100037,146.0225067,146.0225067,382001
2023-07-12 18:30:00+00:00,146.3899994,146.3899994,147.3598938,146,146.8999939,393867
2023-07-12 19:30:00+00:00,146.1300049,146.1300049,147,146.0299988,146.4199982,461229
2023-07-13 13:30:00+00:00,152.2700043,152.2700043,152.6799927,147.5299988,147.9799957,1297485
2023-07-13 14:30:00+00:00,151.6300049,151.6300049,153.5399933,151.6300049,152.2299957,626403
2023-07-13 15:30:00+00:00,151.9100037,151.9100037,152.2799988,151.2700043,151.6699982,386643
2023-07-13 16:30:00+00:00,151.4450073,151.4450073,152.1600037,151.1399994,151.8699951,301458
2023-07-13 17:30:00+00:00,150.7059937,150.7059937,151.6499939,150.5700073,151.4299927,367165
2023-07-13 18:30:00+00:00,150.7599945,150.7599945,150.9400024,150.2250061,150.7299957,335607
2023-07-13 19:30:00+00:00,150.75,150.75,151.1999969,150.4299927,150.7400055,496509
2023-07-14 13:30:00+00:00,151.2700043,151.2700043,152.2400055,150.3999939,150.4499969,792766
2023-07-14 14:30:00+00:00,150.8123932,150.8123932,151.7299957,149.2779999,151.2700043,454992
2023-07-14 15:30:00+00:00,151.2100067,151.2100067,151.6300049,150.7899933,150.8650055,218077
2023-07-14 16:30:00+00:00,151.1699982,151.1699982,151.6437988,150.5,151.2200012,175153
2023-07-14 17:30:00+00:00,150.0700073,150.0700073,151.2700043,150.0263062,151.2400055,258655
2023-07-14 18:30:00+00:00,149.0899963,149.0899963,150.2745056,148.9300995,150.1000061,296367
2023-07-14 19:30:00+00:00,149.4299927,149.4299927,149.5,149,149.0899963,281823
2023-07-17 13:30:00+00:00,154.7200012,154.7200012,154.7799988,148.4299927,149.0700073,1106934
2023-07-17 14:30:00+00:00,154.2799988,154.2799988,155.5599976,153.6000061,154.7799072,782021
2023-07-17 15:30:00+00:00,154.6286926,154.6286926,155.4400024,153.8000031,154.2799988,434339
2023-07-17 16:30:00+00:00,154.0800018,154.0800018,154.8950043,153.4705048,154.6100006,290411
2023-07-17 17:30:00+00:00,153.0899963,153.0899963,154.1600037,152.8650055,154.1399994,230890
2023-07-17 18:30:00+00:00,153.7686005,153.7686005,153.9799957,152.8699951,153.0749969,263607
2023-07-17 19:30:00+00:00,152.75,152.75,153.7449951,152.5558014,153.7449951,393592
2023-07-18 13:30:00+00:00,151.8999939,151.8999939,153.3300018,150.7400055,153,546706
2023-07-18 14:30:00+00:00,151.5650024,151.5650024,152.5399933,151.2899933,151.8699951,266141
2023-07-18 15:30:00+00:00,153.6799927,153.6799927,153.6799927,151.3000946,151.6300049,339202
2023-07-18 16:30:00+00:00,152.4499969,152.4499969,153.9705963,152.4199982,153.7400055,201038
2023-07-18 17:30:00+00:00,153.4199982,153.4199982,153.6999969,152.3000031,152.4299927,210233
2023-07-18 18:30:00+00:00,153.8000031,153.8000031,154.2250061,153.1999969,153.4300995,280245
2023-07-18 19:30:00+00:00,152.9499969,152.9499969,153.8500061,152.8999939,153.8099976,374025
2023-07-19 13:30:00+00:00,159.3899994,159.3899994,159.3899994,154.8950043,155,1351948
2023-07-19 14:30:00+00:00,159.9100037,159.9100037,161.5,159.2599945,159.3325043,1086969
2023-07-19 15:30:00+00:00,157.6199951,157.6199951,160.6399994,157.5800018,159.9600067,545380
2023-07-19 16:30:00+00:00,156.5,156.5,157.8999939,155.9600067,157.6100006,354467
2023-07-19 17:30:00+00:00,156.3200073,156.3200073,157.1300049,156.0104065,156.4850006,268864
2023-07-19 18:30:00+00:00,157.6499939,157.6499939,157.8699951,156.2850037,156.3300018,274162
2023-07-19 19:30:00+00:00,157.5800018,157.5800018,158.1900024,157.4400024,157.6100006,606836
2023-07-20 13:30:00+00:00,150.9100037,150.9100037,156.1399994,150.8099976,154.9299927,851600
2023-07-20 14:30:00+00:00,150.4900055,150.4900055,150.9499969,149.3200073,150.8399963,747826
2023-07-20 15:30:00+00:00,148.7100067,148.7100067,150.7400055,148.6199951,150.4600067,629350
2023-07-20 16:30:00+00:00,148.6799927,148.6799927,149.1300049,148.1999969,148.6699982,525935
2023-07-20 17:30:00+00:00,148.2100067,148.2100067,148.9799957,148.0500031,148.6699982,483108
2023-07-20 18:30:00+00:00,147.7200012,147.7200012,148.7100067,147.5599976,148.2400055,618251
2023-07-20 19:30:00+00:00,148.0500031,148.0500031,148.3699951,147.5,147.7400055,648898
2023-07-21 13:30:00+00:00,148.9700012,148.9700012,151.2749939,148.8800049,149.9299927,875821
2023-07-21 14:30:00+00:00,151.2899933,151.2899933,151.6799011,148.8999939,148.9250031,400839
2023-07-21 15:30:00+00:00,151.0500031,151.0500031,152.3549957,150.6900024,151.2899933,557764
2023-07-21 16:30:00+00:00,151.4729004,151.4729004,151.8099976,150.8999939,151.0700073,281906
2023-07-21 17:30:00+00:00,151.4199982,151.4199982,151.8999939,151.0500031,151.5,263012
2023-07-21 18:30:00+00:00,150.5650024,150.5650024,151.8399963,150.1649933,151.4199982,357414
2023-07-21 19:30:00+00:00,150.8999939,150.8999939,151.3500061,150.2400055,150.5599976,586444
2023-07-24 13:30:00+00:00,148.0780029,148.0780029,151.7850037,147.1499939,150.9700012,783411
2023-07-24 14:30:00+00:00,148.3200073,148.3200073,149.2599945,147.6000061,148.0749969,437269
2023-07-24 15:30:00+00:00,148.4598999,148.4598999,149.0800018,147.8000031,148.3000031,349665
2023-07-24 16:30:00+00:00,148.3800049,148.3800049,148.8999939,148.1999969,148.5,192802
2023-07-24 17:30:00+00:00,148.6300049,148.6300049,148.8300018,148.0899963,148.4299927,257316
2023-07-24 18:30:00+00:00,149.1199951,149.1199951,149.4400024,148.4299927,148.5800018,264290
2023-07-24 19:30:00+00:00,149.7400055,149.7400055,149.8000031,149.0599976,149.1499939,302257
2023-07-25 13:30:00+00:00,151.6049957,151.6049957,153.4100037,150.5399933,150.6199951,603744
2023-07-25 14:30:00+00:00,152.25,152.25,152.6300049,151.2299957,151.5700073,272604
2023-07-25 15:30:00+00:00,152.1100006,152.1100006,152.7700043,152,152.2599945,207099
2023-07-25 16:30:00+00:00,152.8099976,152.8099976,153.2799988,151.9739075,152.0899963,284753
2023-07-25 17:30:00+00:00,152.5099945,152.5099945,152.9799957,152.4299927,152.8300018,179012
2023-07-25 18:30:00+00:00,151.6699982,151.6699982,152.7449951,151.3099976,152.5500031,228185
2023-07-25 19:30:00+00:00,150.9499969,150.9499969,151.8500061,150.9100037,151.6399994,283003
2023-07-26 13:30:00+00:00,153.2899933,153.2899933,153.3099976,148.4499969,150.2799988,507347
2023-07-26 14:30:00+00:00,152.0700073,152.0700073,153.8200073,151.3899994,153.2324982,343031
2023-07-26 15:30:00+00:00,152.3999939,152.3999939,153.6000061,151.7899933,152.0800018,361813
2023-07-26 16:30:00+00:00,153.1999969,153.1999969,153.2100067,152.3999939,152.3999939,145041
2023-07-26 17:30:00+00:00,153.3650055,153.3650055,154.9499969,153.0200043,153.1900024,390836
2023-07-26 18:30:00+00:00,153.6600037,153.6600037,154.9299927,153.0200043,153.2899933,352415
2023-07-26 19:30:00+00:00,154.6300049,154.6300049,154.6699982,153.3549957,153.6399994,341254
2023-07-27 13:30:00+00:00,155.3650055,155.3650055,158.0800018,155.3650055,156.9499969,816806
2023-07-27 14:30:00+00:00,157,157,157.1399994,155.2501068,155.3500061,285162
2023-07-27 15:30:00+00:00,157.2850037,157.2850037,157.4700012,155.9199982,157.0301056,191283
2023-07-27 16:30:00+00:00,156.0950012,156.0950012,157.6399994,155.9499969,157.3699951,337447
2023-07-27 17:30:00+00:00,153.9499969,153.9499969,156.1300049,153.9499969,156.0800018,187367
2023-07-27 18:30:00+00:00,153.1900024,153.1900024,154.1999969,152.3500061,154.0350037,244265
2023-07-27 19:30:00+00:00,152.8399963,152.8399963,153.3399963,152.1950073,153.1799927,247732
2023-07-28 13:30:00+00:00,154.1399994,154.1399994,157.0399933,153.7599945,155.5,404133
2023-07-28 14:30:00+00:00,154.9400024,154.9400024,155.1855927,153.5,154.0800018,268756
2023-07-28 15:30:00+00:00,156.0500031,156.0500031,156.3600006,154.9100037,155,178897
2023-07-28 16:30:00+00:00,155.5149994,155.5149994,156.1399994,155.1799927,156.0749054,176746
2023-07-28 17:30:00+00:00,155.8600006,155.8600006,156.1199951,155.1600037,155.4799957,163063
2023-07-28 18:30:00+00:00,155.796402,155.796402,156.2400055,155.3999939,155.8699951,186337
2023-07-28 19:30:00+00:00,155.6000061,155.6000061,156.3300018,155.3500061,155.7400055,300716
2023-07-31 13:30:00+00:00,161.5299988,161.5299988,162.1999969,157.6600037,157.8899994,1346956
2023-07-31 14:30:00+00:00,161.6199951,161.6199951,161.7192993,160.5299988,161.5299988,336165
2023-07-31 15:30:00+00:00,162.1399994,162.1399994,163.4100037,161.2449951,161.7200012,599691
2023-07-31 16:30:00+00:00,162.2700043,162.2700043,162.6799927,161.5299988,162.1425018,285332
2023-07-31 17:30:00+00:00,161.7756042,161.7756042,162.6999969,161.5899963,162.1999969,245399
2023-07-31 18:30:00+00:00,162.1100006,162.1100006,162.4299927,161.3800049,161.8278046,248796
2023-07-31 19:30:00+00:00,161.7299957,161.7299957,162.1000061,161.0899963,162.1000061,476324
2023-08-01 13:30:00+00:00,160.3000031,160.3000031,161.1399994,159.0200043,161,541607
2023-08-01 14:30:00+00:00,162.9600067,162.9600067,162.9600067,160.2599945,160.3000031,501448
2023-08-01 15:30:00+00:00,163.0850067,163.0850067,163.1900024,162.2449036,162.9299927,315754
2023-08-01 16:30:00+00:00,165.623703,165.623703,166,162.8549957,163.1349945,756626
2023-08-01 17:30:00+00:00,166.3643951,166.3643951,166.9900055,165.2901001,165.6000061,570242
2023-08-01 18:30:00+00:00,166.6600037,166.6600037,166.8164978,165.9297943,166.4100037,488669
2023-08-01 19:30:00+00:00,165.9600067,165.9600067,166.7899933,165.9299927,166.6199951,497183
2023-08-02 13:30:00+00:00,156.2400055,156.2400055,161.6000061,156.1100006,161.5130005,1349549
2023-08-02 14:30:00+00:00,153.8899994,153.8899994,156.3898926,153.5001068,156.1199951,829858
2023-08-02 15:30:00+00:00,153.2200012,153.2200012,154.1300049,152.5599976,153.8300018,536439
2023-08-02 16:30:00+00:00,155.1300049,155.1300049,155.3999939,153.1799927,153.1999969,483688
2023-08-02 17:30:00+00:00,156.1799927,156.1799927,156.2700043,154.7727051,155,307660
2023-08-02 18:30:00+00:00,154.1000061,154.1000061,156.2200012,153.9400024,156.1699982,414557
2023-08-02 19:30:00+00:00,154.8000031,154.8000031,155.0700073,153.9400024,154.2299957,423144
2023-08-03 13:30:00+00:00,155.1999969,155.1999969,156.75,153.2299957,154,527736
2023-08-03 14:30:00+00:00,157.9463043,157.9463043,158.1199951,155.0899963,155.0899963,394727
2023-08-03 15:30:00+00:00,157.0950012,157.0950012,158.4998932,157.0500031,157.9799957,285480
2023-08-03 16:30:00+00:00,157.7400055,157.7400055,158.2700043,157,157.0899963,194981
2023-08-03 17:30:00+00:00,157.6600037,157.6600037,158.3849945,157.3800049,157.7799988,239718
2023-08-03 18:30:00+00:00,157.5249939,157.5249939,158.25,157.2299957,157.6600037,261785
2023-08-03 19:30:00+00:00,157.5500031,157.5500031,158.0299988,157.2400055,157.5200043,319668
2023-08-04 13:30:00+00:00,150.0399933,150.0399933,155.9900055,148.625,155.4550018,1365609
2023-08-04 14:30:00+00:00,151.25,151.25,151.7100067,149.9499969,150.1699982,600792
2023-08-04 15:30:00+00:00,152.6000061,152.6000061,152.6300049,151.0200043,151.2799988,330984
2023-08-04 16:30:00+00:00,152.3999939,152.3999939,152.8600006,151.5399933,152.6304932,316448
2023-08-04 17:30:00+00:00,152.25,152.25,152.6820984,151.75,152.3600006,365117
2023-08-04 18:30:00+00:00,150.9499969,150.9499969,152.3399963,150.7599945,152.1399994,341321
2023-08-04 19:30:00+00:00,150.5500031,150.5500031,151.0899048,149.8699951,150.9700012,765065
2023-08-07 13:30:00+00:00,151.5299988,151.5299988,152.0500031,148.4799957,151.2599945,797534
2023-08-07 14:30:00+00:00,148.1950073,148.1950073,151.5399933,148.0500031,151.4499969,345423
2023-08-07 15:30:00+00:00,149.2700043,149.2700043,149.2899017,147.8000031,148.1399994,195212
2023-08-07 16:30:00+00:00,149.6015015,149.6015015,149.9600067,148.8899994,149.2200012,175586
2023-08-07 17:30:00+00:00,149.3800049,149.3800049,150.4299927,149.2599945,149.5715942,176583
2023-08-07 18:30:00+00:00,150.585495,150.585495,150.8500061,149.4600067,149.5099945,207968
2023-08-07 19:30:00+00:00,150.9199982,150.9199982,151.1600037,150.3300018,150.5399933,296841
2023-08-08 13:30:00+00:00,145.1499939,145.1499939,147.7100067,144.6000061,145.2200012,1125868
2023-08-08 14:30:00+00:00,144.3925018,144.3925018,145.1999054,142.8899994,145.1499939,742209
2023-08-08 15:30:00+00:00,143.3600006,143.3600006,144.4049988,143.3200073,144.3800049,308092
2023-08-08 16:30:00+00:00,144.1000061,144.1000061,144.1999054,143.206604,143.3600006,408988
2023-08-08 17:30:00+00:00,144.3601074,144.3601074,145.0599976,144.0200043,144.1300049,445207
2023-08-08 18:30:00+00:00,144.7449951,144.7449951,145.0700073,144.1799927,144.3950043,382411
2023-08-08 19:30:00+00:00,145.8899994,145.8899994,146.0899963,144.6000061,144.7449951,635662
2023-08-09 13:30:00+00:00,146.2700043,146.2700043,147.1100006,144.7799988,145.1100006,463721
2023-08-09 14:30:00+00:00,145.0599976,145.0599976,146.4499969,144.2458038,146.2149963,375854
2023-08-09 15:30:00+00:00,145.3099976,145.3099976,145.6499939,144.9250031,145.1383057,183276
2023-08-09 16:30:00+00:00,145.1999969,145.1999969,145.5399933,144.8249969,145.2700043,132932
2023-08-09 17:30:00+00:00,146.3049927,146.3049927,146.3300018,144.9499969,145.2299957,524229
2023-08-09 18:30:00+00:00,145.7700043,145.7700043,146.3699951,145.2899933,146.3289032,198863
2023-08-09 19:30:00+00:00,145.4600067,145.4600067,145.8600006,145.3399963,145.7599945,344125
2023-08-10 13:30:00+00:00,148.9100037,148.9100037,150.9900055,146.8899994,147.3500061,756274
2023-08-10 14:30:00+00:00,148.3099976,148.3099976,149.8600006,147.6499939,148.9149933,325966
2023-08-10 15:30:00+00:00,148.5099945,148.5099945,148.9799957,147.5500031,148.1900024,194528
2023-08-10 16:30:00+00:00,147.6000061,147.6000061,148.9700012,147.5700073,148.4400024,222884
2023-08-10 17:30:00+00:00,148.0099945,148.0099945,148.0899048,146.6300964,147.5899963,172842
2023-08-10 18:30:00+00:00,147.7200012,147.7200012,148.3399963,147.5399933,148.0149994,173204
2023-08-10 19:30:00+00:00,147.8699951,147.8699951,148.2599945,147.5,147.7200012,345399
2023-08-11 13:30:00+00:00,148.9532013,148.9532013,150.0780029,146.8600006,147.2200012,498279
2023-08-11 14:30:00+00:00,148.0099945,148.0099945,149.0500031,147.9499969,148.9250031,272807
2023-08-11 15:30:00+00:00,148.0500031,148.0500031,148.5700073,147.5986023,148,319274
2023-08-11 16:30:00+00:00,148.8500061,148.8500061,148.8500061,147.8404999,148.0800018,178303
2023-08-11 17:30:00+00:00,148.4741974,148.4741974,148.9940033,148.2799988,148.7601013,119404
2023-08-11 18:30:00+00:00,148.3000031,148.3000031,148.6499939,148.2100067,148.5350037,180949
2023-08-11 19:30:00+00:00,148.1999969,148.1999969,148.3500061,147.9700012,148.3000031,337682
2023-08-14 13:30:00+00:00,149.8500061,149.8500061,150.6999969,146.5800018,147.3500061,476157
2023-08-14 14:30:00+00:00,152.3600006,152.3600006,152.3600006,149.8800049,149.9398956,407361
2023-08-14 15:30:00+00:00,151.1300049,151.1300049,152.5500031,151.0709076,152.3300018,225867
2023-08-14 16:30:00+00:00,151.5050049,151.5050049,151.7299957,150.9468994,151.0399933,129163
2023-08-14 17:30:00+00:00,151.2799988,151.2799988,151.6699982,150.7899933,151.4949951,187162
2023-08-14 18:30:00+00:00,152.0500031,152.0500031,152.1999969,151.1038055,151.25,190322
2023-08-14 19:30:00+00:00,152.3899994,152.3899994,152.4700012,151.7599945,152.0899963,338037
2023-08-15 13:30:00+00:00,150.4600067,150.4600067,151.5599976,149.9199982,150.5200043,527866
2023-08-15 14:30:00+00:00,150.3450012,150.3450012,150.509903,149.3800049,150.4400024,277763
2023-08-15 15:30:00+00:00,150.9299927,150.9299927,151.5599976,150.2200012,150.2700043,187657
2023-08-15 16:30:00+00:00,151.5399933,151.5399933,151.6799927,150.4700012,150.9299927,197146
2023-08-15 17:30:00+00:00,150.1499939,150.1499939,151.5599976,150.0160065,151.5399933,138030
2023-08-15 18:30:00+00:00,149.3650055,149.3650055,150.4781952,149.2971954,150.1499939,201627
2023-08-15 19:30:00+00:00,149.6699982,149.6699982,149.7250061,149.0599976,149.3549957,297359
2023-08-16 13:30:00+00:00,150.6100006,150.6100006,151.3399963,147.7599945,149,417690
2023-08-16 14:30:00+00:00,149.6900024,149.6900024,151.3000031,149.5099945,150.6450043,215279
2023-08-16 15:30:00+00:00,148.9799957,148.9799957,149.7899933,148.7400055,149.6598053,168579
2023-08-16 16:30:00+00:00,149.4730072,149.4730072,149.5883026,148.6000061,149.0200043,111964
2023-08-16 17:30:00+00:00,149.6849976,149.6849976,149.8798981,149.0800934,149.4774933,138642
2023-08-16 18:30:00+00:00,148.4499969,148.4499969,149.8200073,148.0299988,149.6396942,243904
2023-08-16 19:30:00+00:00,149.0050049,149.0050049,149.0700073,148.3999939,148.4600067,410037
2023-08-17 13:30:00+00:00,145.6999969,145.6999969,149,144.8099976,149,760146
2023-08-17 14:30:00+00:00,145.1199951,145.1199951,146.375,144.8300018,145.7693939,525199
2023-08-17 15:30:00+00:00,146.2550049,146.2550049,146.3099976,144.3800049,145.0630035,355466
2023-08-17 16:30:00+00:00,146.0099945,146.0099945,146.2550049,145.4400024,146.2550049,207173
2023-08-17 17:30:00+00:00,145.7700043,145.7700043,146.0899963,145.2850037,145.9799957,198073
2023-08-17 18:30:00+00:00,144.9250031,144.9250031,145.7677002,144.2700043,145.7677002,455383
2023-08-17 19:30:00+00:00,144.3399963,144.3399963,145.1600037,143.9100037,144.8950043,608078
2023-08-18 13:30:00+00:00,144.9450073,144.9450073,145.8399963,140.5200043,141.6600037,836750
2023-08-18 14:30:00+00:00,144.8500061,144.8500061,146.1000061,144.7700043,145,291274
2023-08-18 15:30:00+00:00,144.8200073,144.8200073,145.4777069,144.4100037,144.8601074,240701
2023-08-18 16:30:00+00:00,144.8000031,144.8000031,145.3999023,144.3200073,144.75,280497
2023-08-18 17:30:00+00:00,145.75,145.75,145.8200073,144.7700043,144.8800049,203160
2023-08-18 18:30:00+00:00,147.1799927,147.1799927,147.3040924,145.6799927,145.6799927,409767
2023-08-18 19:30:00+00:00,146.8099976,146.8099976,147.2100067,146.4499969,147.1999969,526236
2023-08-21 13:30:00+00:00,152.3950043,152.3950043,155.1199951,150.5099945,150.7599945,1272744
2023-08-21 14:30:00+00:00,152.1999969,152.1999969,153.8099976,151.8800049,152.3600006,459540
2023-08-21 15:30:00+00:00,154.3099976,154.3099976,154.3800049,152.1199951,152.1750031,471507
2023-08-21 16:30:00+00:00,154.0599976,154.0599976,154.5500031,153.6100006,154.3600006,376838
2023-08-21 17:30:00+00:00,154.4181976,154.4181976,154.9400024,154.0299988,154.0599976,319279
2023-08-21 18:30:00+00:00,154.7899933,154.7899933,155.0700073,154.3600006,154.4900055,384509
2023-08-21 19:30:00+00:00,153.8800049,153.8800049,154.9600067,153.5500031,154.7400055,622088
2023-08-22 13:30:00+00:00,152.4199982,152.4199982,155,152.1399994,154.3399963,466770
2023-08-22 14:30:00+00:00,153.0099945,153.0099945,153.6699982,151.75,152.4149933,239837
2023-08-22 15:30:00+00:00,152.3399963,152.3399963,153.4349976,151.8300018,153.0800018,191576
2023-08-22 16:30:00+00:00,152.2035065,152.2035065,152.7200012,151.9199982,152.3296967,134728
2023-08-22 17:30:00+00:00,152.4499969,152.4499969,152.5299988,151.6100006,152.2200012,148983
2023-08-22 18:30:00+00:00,152.6809998,152.6809998,153,152.3600006,152.4600067,149671
2023-08-22 19:30:00+00:00,152.3099976,152.3099976,152.8099976,152.1799927,152.7250061,271184
2023-08-23 13:30:00+00:00,154.3600006,154.3600006,154.6499023,151.5700073,153.4799957,385291
2023-08-23 14:30:00+00:00,154.9600067,154.9600067,155.4299927,154.0700073,154.4376068,266501
2023-08-23 15:30:00+00:00,155.1699982,155.1699982,155.3300018,154.4499969,154.9113007,163951
2023-08-23 16:30:00+00:00,154.8200073,154.8200073,155.4398956,154.6000061,155.2100067,187306
2023-08-23 17:30:00+00:00,154.5299988,154.5299988,155.0299988,154.3600006,154.8200073,196297
2023-08-23 18:30:00+00:00,154.6587982,154.6587982,154.7799988,154.1999969,154.5299988,144096
2023-08-23 19:30:00+00:00,153.8000031,153.8000031,154.6600037,153.5,154.5850067,322987
2023-08-24 13:30:00+00:00,149.8399963,149.8399963,155.5500031,149.7649994,155.5500031,682724
2023-08-24 14:30:00+00:00,147.6600037,147.6600037,150.2899933,146.8099976,149.875,626302
2023-08-24 15:30:00+00:00,147.7357941,147.7357941,147.9299927,146.6600037,147.6300049,312896
2023-08-24 16:30:00+00:00,147.9900055,147.9900055,148.4971008,147.5950012,147.6999969,207112
2023-08-24 17:30:00+00:00,147.7100067,147.7100067,148.5700073,147.6410065,147.9763947,163286
2023-08-24 18:30:00+00:00,146.6649933,146.6649933,147.8114014,146.6000061,147.7200012,351705
2023-08-24 19:30:00+00:00,145.3699951,145.3699951,146.8399963,145.2899933,146.6600037,709469
2023-08-25 13:30:00+00:00,147.2899933,147.2899933,149.5,144.6999969,146,618470
2023-08-25 14:30:00+00:00,147.5299988,147.5299988,147.5599976,145.1799927,147.3099976,379869
2023-08-25 15:30:00+00:00,147.7700043,147.7700043,147.9799957,146.607193,147.446701,261378
2023-08-25 16:30:00+00:00,148.3800049,148.3800049,149.0200043,147.4631958,147.9100037,371962
2023-08-25 17:30:00+00:00,149.6600037,149.6600037,149.6999969,148.1100006,148.3999939,211135
2023-08-25 18:30:00+00:00,150.2998962,150.2998962,150.4400024,149.6499939,149.6999969,307237
2023-08-25 19:30:00+00:00,149.5800018,149.5800018,150.3699951,149.3899994,150.2259064,458651
2023-08-28 13:30:00+00:00,147.7485046,147.7485046,147.8500061,144.2200012,146.0200043,1679373
2023-08-28 14:30:00+00:00,145.8800049,145.8800049,147.9900055,145.1000061,147.7599945,629777
2023-08-28 15:30:00+00:00,144.4998932,144.4998932,146.2223053,144.170105,145.8849945,564311
2023-08-28 16:30:00+00:00,143.8699951,143.8699951,145.3350067,143.8399963,144.4400024,556653
2023-08-28 17:30:00+00:00,143.0299988,143.0299988,144.2400055,142.6401062,143.875,694249
2023-08-28 18:30:00+00:00,142.9850006,142.9850006,143.25,142.3600006,143.0800018,592224
2023-08-28 19:30:00+00:00,144.0299988,144.0299988,144.2299957,142.9253998,142.9299927,821759
2023-08-29 13:30:00+00:00,147.1799927,147.1799927,147.4629059,141.970993,142.9299927,943159
2023-08-29 14:30:00+00:00,147.4600067,147.4600067,148.4100037,147.1399994,147.1399994,488272
2023-08-29 15:30:00+00:00,147.0200043,147.0200043,147.7799988,146.5099945,147.4598999,346838
2023-08-29 16:30:00+00:00,147.0099945,147.0099945,147.4450073,146.7299957,147.0299988,251628
2023-08-29 17:30:00+00:00,147.0800018,147.0800018,147.5850067,147.0399933,147.0500031,254841
2023-08-29 18:30:00+00:00,146.9400024,146.9400024,147.449295,146.6799927,147.0800018,423838
2023-08-29 19:30:00+00:00,146.6399994,146.6399994,147.1199951,146.4700012,146.8999939,601951
2023-08-30 13:30:00+00:00,147.7200012,147.7200012,149.1999969,145.3800049,147,979123
2023-08-30 14:30:00+00:00,148.8399963,148.8399963,149.4400024,147.7601013,147.8300018,645796
2023-08-30 15:30:00+00:00,149.8399963,149.8399963,149.9100037,148.7899933,148.8600006,515528
2023-08-30 16:30:00+00:00,149.6199951,149.6199951,150.1699982,149.2299957,149.8600006,622007
2023-08-30 17:30:00+00:00,148.7100067,148.7100067,150.0899963,148.7100067,149.6199951,533468
2023-08-30 18:30:00+00:00,149.2875977,149.2875977,149.4199982,148.6300049,148.7599945,533433
2023-08-30 19:30:00+00:00,149.25,149.25,149.4199982,148.6499939,149.2700043,826256
2023-08-31 13:30:00+00:00,162.8899994,162.8899994,164.0299988,153.5800018,154.1100006,5359951
2023-08-31 14:30:00+00:00,163.4750061,163.4750061,164.4100037,162.6000061,162.8999939,1880125
2023-08-31 15:30:00+00:00,163.2299042,163.2299042,163.9400024,162.4136047,163.4600067,1236679
2023-08-31 16:30:00+00:00,162.9199982,162.9199982,163.4376984,161.8800049,163.1699982,989854
2023-08-31 17:30:00+00:00,162.2899933,162.2899933,162.9786072,160.8209991,162.9600067,978952
2023-08-31 18:30:00+00:00,162.4799957,162.4799957,162.8200073,161.5099945,162.3000031,927394
2023-08-31 19:30:00+00:00,163.0299988,163.0299988,163.8000031,162.4750061,162.4799957,1714802
2023-09-01 13:30:00+00:00,163.841095,163.841095,166.25,161.8000031,163.1199951,1403953
2023-09-01 14:30:00+00:00,163.2599945,163.2599945,163.8500061,162.2100067,163.8300018,482413
2023-09-01 15:30:00+00:00,162.0800018,162.0800018,163.4799957,162.0749969,163.170105,368922
2023-09-01 16:30:00+00:00,160.6900024,160.6900024,162.2100067,160.5700073,162.1049957,464046
2023-09-01 17:30:00+00:00,160.4700012,160.4700012,161.1900024,160.3099976,160.6900024,300790
2023-09-01 18:30:00+00:00,161.3600006,161.3600006,161.5,160.4100037,160.4799957,360092
2023-09-01 19:30:00+00:00,161.3000031,161.3000031,161.4799957,160.6399994,161.3399963,566371
2023-09-05 13:30:00+00:00,163.2449951,163.2449951,164,160.1000061,161.0299988,839282
2023-09-05 14:30:00+00:00,164.2350006,164.2350006,164.6499939,162.9210052,163.1900024,427416
2023-09-05 15:30:00+00:00,164.3500061,164.3500061,164.9299927,164.0800018,164.2449951,299811
2023-09-05 16:30:00+00:00,164.8800049,164.8800049,164.9900055,163.9299927,164.375,266644
2023-09-05 17:30:00+00:00,165.3600006,165.3600006,165.4799957,164.2299957,164.9499969,384385
2023-09-05 18:30:00+00:00,165.1450043,165.1450043,165.4299927,164.8399963,165.3899994,346738
2023-09-05 19:30:00+00:00,165.4299927,165.4299927,165.5899963,165.1399994,165.1450043,454550
2023-09-06 13:30:00+00:00,166.0500031,166.0500031,168.2299957,164.5099945,165.6654053,1262910
2023-09-06 14:30:00+00:00,166.2149048,166.2149048,168,165.7799988,166.0299988,789148
2023-09-06 15:30:00+00:00,164.4149933,164.4149933,166.5,164.2599945,166.2299042,386829
2023-09-06 16:30:00+00:00,164.6900024,164.6900024,164.8899994,164.0484009,164.3699951,344976
2023-09-06 17:30:00+00:00,165.3300018,165.3300018,165.4600067,164.3200073,164.6950073,248474
2023-09-06 18:30:00+00:00,164.6199951,164.6199951,165.5700073,164.5350037,165.3849945,347299
2023-09-06 19:30:00+00:00,166.2400055,166.2400055,166.3300018,164.6000977,164.6000977,673225
2023-09-07 13:30:00+00:00,165.7754974,165.7754974,166.2299957,163.1999969,164.3999939,663567
2023-09-07 14:30:00+00:00,166.6450043,166.6450043,167.2198944,165.2200012,165.875,460981
2023-09-07 15:30:00+00:00,166.1692047,166.1692047,167.4100037,166.1692047,166.4400024,415189
2023-09-07 16:30:00+00:00,167.3150024,167.3150024,167.3699036,166.2100067,166.2100067,223804
2023-09-07 17:30:00+00:00,167.3999939,167.3999939,167.9499969,166.8300018,167.2799988,287186
2023-09-07 18:30:00+00:00,166.7299957,166.7299957,167.5899963,166.7299957,167.3899994,265292
2023-09-07 19:30:00+00:00,166.7100067,166.7100067,167.1300049,166.3399963,166.7100067,448748
2023-09-08 13:30:00+00:00,167.9199982,167.9199982,168.8000031,166,166.4750061,510217
2023-09-08 14:30:00+00:00,167.6950073,167.6950073,168.1600037,166.3099976,168.0500031,354549
2023-09-08 15:30:00+00:00,167.7799988,167.7799988,168.3300018,167.5800018,167.7998962,282185
2023-09-08 16:30:00+00:00,168.6799927,168.6799927,168.7899017,167.0899963,167.7700043,305457
2023-09-08 17:30:00+00:00,168.3600006,168.3600006,169.2299957,168.1900024,168.7104034,318412
2023-09-08 18:30:00+00:00,168.1569977,168.1569977,168.9349976,167.8699951,168.3200073,281556
2023-09-08 19:30:00+00:00,168.125,168.125,168.4799957,167.9300995,168.2400055,408733
2023-09-11 13:30:00+00:00,171.8000031,171.8000031,171.8500061,168.6699982,169.5,873361
2023-09-11 14:30:00+00:00,171.4700012,171.4700012,171.9499969,170.5599976,171.75,365505
2023-09-11 15:30:00+00:00,171.6047058,171.6047058,171.779007,170.8899994,171.4199982,220320
2023-09-11 16:30:00+00:00,171.6000061,171.6000061,171.6990967,170.6000061,171.6499939,235844
2023-09-11 17:30:00+00:00,171.9799957,171.9799957,172.1900024,171.3800049,171.6049957,333759
2023-09-11 18:30:00+00:00,172.6399994,172.6399994,172.6399994,171.8999939,172.0200043,312358
2023-09-11 19:30:00+00:00,172.3099976,172.3099976,172.6199951,171.8600006,172.6199951,424362
2023-09-12 13:30:00+00:00,170.5800018,170.5800018,172.3500061,169.8300018,170.4400024,404852
2023-09-12 14:30:00+00:00,168.9100037,168.9100037,170.6499939,168.5,170.5099945,326237
2023-09-12 15:30:00+00:00,169.5700073,169.5700073,169.7115021,168.8300018,168.8950043,198049
2023-09-12 16:30:00+00:00,169.2100067,169.2100067,169.5899963,168.75,169.5599976,156606
2023-09-12 17:30:00+00:00,168.6000061,168.6000061,169.4187927,168.2749939,169.2599945,152346
2023-09-12 18:30:00+00:00,169.5650024,169.5650024,169.6999969,168.4649963,168.5200043,242932
2023-09-12 19:30:00+00:00,169.7100067,169.7100067,170.0500031,169.4700012,169.6006927,389332
2023-09-13 13:30:00+00:00,170.059906,170.059906,170.75,168.8374939,169.5200043,427608
2023-09-13 14:30:00+00:00,169.7769012,169.7769012,170.7799988,169.6900024,170,204539
2023-09-13 15:30:00+00:00,168.9199982,168.9199982,170.0399933,168.5,169.7299957,156118
2023-09-13 16:30:00+00:00,169.6900024,169.6900024,169.8899994,168.8699951,169.0500031,140073
2023-09-13 17:30:00+00:00,169.4385986,169.4385986,169.9542999,168.9949951,169.6999969,143160
2023-09-13 18:30:00+00:00,168.7400055,168.7400055,169.4499969,168.4100952,169.4349976,164947
2023-09-13 19:30:00+00:00,168.5399933,168.5399933,169,168.3300018,168.7400055,305520
2023-09-14 13:30:00+00:00,169.0099945,169.0099945,170.3000031,168.5700073,169.3500061,404479
2023-09-14 14:30:00+00:00,169.9250031,169.9250031,170.3800049,168.9199982,169.0050049,218567
2023-09-14 15:30:00+00:00,170.5099945,170.5099945,170.6799927,169.375,169.9250031,234710
2023-09-14 16:30:00+00:00,170.75,170.75,171.2899933,170.3450012,170.4799957,200564
2023-09-14 17:30:00+00:00,170.7850037,170.7850037,171.1399994,170.5099945,170.8500061,241876
2023-09-14 18:30:00+00:00,171.1799927,171.1799927,171.8000031,170.6499939,170.7308044,260448
2023-09-14 19:30:00+00:00,170.6799927,170.6799927,171.6900024,170.6499939,171.1600037,334345
2023-09-15 13:30:00+00:00,165.7799988,165.7799988,168.2106934,165.4900055,166.1199951,1118044
2023-09-15 14:30:00+00:00,165.3899994,165.3899994,166.6399994,165.1300049,165.7350006,593579
2023-09-15 15:30:00+00:00,164.0899963,164.0899963,165.7700043,163.4400024,165.3099976,660600
2023-09-15 16:30:00+00:00,164.6999969,164.6999969,165.8600006,164.0700073,164.0700073,385703
2023-09-15 17:30:00+00:00,164.5310059,164.5310059,164.8999939,164.2899933,164.7100067,294096
2023-09-15 18:30:00+00:00,165.3300018,165.3300018,165.4299927,164.1199951,164.5399933,387358
2023-09-15 19:30:00+00:00,165.4299927,165.4299927,165.7400055,165.1699982,165.3099976,565073
2023-09-18 13:30:00+00:00,167.3549957,167.3549957,167.75,164,164.9799957,614773
2023-09-18 14:30:00+00:00,166.1100006,166.1100006,167.3930054,165.25,167.3424988,241954
2023-09-18 15:30:00+00:00,166.7799988,166.7799988,166.9900055,166.1399994,166.1399994,194562
2023-09-18 16:30:00+00:00,168.2100067,168.2100067,168.3000031,166.7445984,166.7799988,241145
2023-09-18 17:30:00+00:00,167.6398926,167.6398926,168.6000061,167.4700012,168.2200012,306044
2023-09-18 18:30:00+00:00,166.7799988,166.7799988,167.6499939,166.5505981,167.6049957,342605
2023-09-18 19:30:00+00:00,166.9400024,166.9400024,167.1100006,166.3800049,166.75,292374
2023-09-19 13:30:00+00:00,164.2799988,164.2799988,167.6199951,163.8699951,166.9499969,571999
2023-09-19 14:30:00+00:00,163.9299927,163.9299927,164.3699951,162.8899994,164.2100067,284395
2023-09-19 15:30:00+00:00,164.3800049,164.3800049,164.7899933,163.75,163.9100037,191344
2023-09-19 16:30:00+00:00,164.6699982,164.6699982,164.9900055,164.0200043,164.3650055,255492
2023-09-19 17:30:00+00:00,165.1600037,165.1600037,165.4149933,164.6699982,164.7350006,168180
2023-09-19 18:30:00+00:00,165.1499939,165.1499939,165.5800018,164.5599976,165.1600037,246933
2023-09-19 19:30:00+00:00,165.4799957,165.4799957,165.7100067,164.9299927,165.1699982,419103
2023-09-20 13:30:00+00:00,167.3099976,167.3099976,168.5650024,165.1699982,165.5,478711
2023-09-20 14:30:00+00:00,166.8500061,166.8500061,167.5599976,166.5099945,167.1999969,223198
2023-09-20 15:30:00+00:00,167.2230988,167.2230988,167.4400024,166.5399933,166.8800049,157273
2023-09-20 16:30:00+00:00,167.5800018,167.5800018,167.9181976,167.0899963,167.25,133941
2023-09-20 17:30:00+00:00,167.8600006,167.8600006,168.3451996,166.8000031,167.5200043,326173
2023-09-20 18:30:00+00:00,166.0800018,166.0800018,168.5099945,165.8899994,167.8650055,390620
2023-09-20 19:30:00+00:00,163.8800049,163.8800049,166.1699982,163.8800049,166.1499939,655478
2023-09-21 13:30:00+00:00,162.8999939,162.8999939,171,162.5599976,169.3952942,2678022
2023-09-21 14:30:00+00:00,160.9533997,160.9533997,163.7660065,160.4600067,162.8800049,957831
2023-09-21 15:30:00+00:00,160.4400024,160.4400024,161.8699951,160.0299988,160.8800049,454418
2023-09-21 16:30:00+00:00,162.6082001,162.6082001,162.7100067,159.3600006,160.4600067,672055
2023-09-21 17:30:00+00:00,162.2326965,162.2326965,163.6950073,162.1199951,162.5299988,352121
2023-09-21 18:30:00+00:00,161.6600037,161.6600037,162.6300049,161.2438965,162.1999969,378448
2023-09-21 19:30:00+00:00,162.5299988,162.5299988,163.1349945,161.6600037,161.6600037,816548
2023-09-22 13:30:00+00:00,163.8249969,163.8249969,166.5899963,162.5899963,162.6399994,886456
2023-09-22 14:30:00+00:00,164.1649933,164.1649933,164.8899994,163.6349945,163.9199982,384956
2023-09-22 15:30:00+00:00,164.4799957,164.4799957,164.7913055,163.5800018,164.1399994,292739
2023-09-22 16:30:00+00:00,163.9985046,163.9985046,164.5899963,163.8600006,164.5299988,172892
2023-09-22 17:30:00+00:00,162.7998962,162.7998962,164,162.7100067,163.9199982,305911
2023-09-22 18:30:00+00:00,163.4250031,163.4250031,163.5805054,162.0101013,162.6950073,421237
2023-09-22 19:30:00+00:00,162.6600037,162.6600037,163.5899963,162.1600037,163.4172058,469803
2023-09-25 13:30:00+00:00,159.8849945,159.8849945,162,159.5700073,161.8999939,453469
2023-09-25 14:30:00+00:00,160.5950012,160.5950012,161.2098999,159.2501068,159.9400024,331331
2023-09-25 15:30:00+00:00,160.5700073,160.5700073,160.9400024,160.1999969,160.6300049,147419
2023-09-25 16:30:00+00:00,160.4299927,160.4299927,160.6699982,159.9400024,160.5650024,161008
2023-09-25 17:30:00+00:00,160.2599945,160.2599945,160.6000061,160.1376953,160.4799957,158043
2023-09-25 18:30:00+00:00,159.9199982,159.9199982,160.5500031,159.5500031,160.2599945,271136
2023-09-25 19:30:00+00:00,159.9499969,159.9499969,160.4049988,159.4199982,159.9100037,480448
2023-09-26 13:30:00+00:00,160.1999969,160.1999969,160.4898987,157.5899963,158.1100006,536294
2023-09-26 14:30:00+00:00,159.9100037,159.9100037,161,159.8000031,160.2599945,331114
2023-09-26 15:30:00+00:00,159.9799957,159.9799957,160.1199951,159.1699982,159.8200073,234815
2023-09-26 16:30:00+00:00,159.8249969,159.8249969,160.5899963,159.7801056,160.0399017,216846
2023-09-26 17:30:00+00:00,160.1199951,160.1199951,160.5,159.5,159.7899933,195215
2023-09-26 18:30:00+00:00,159.6799927,159.6799927,160.6325073,159.5399933,160.1699982,245412
2023-09-26 19:30:00+00:00,160.5099945,160.5099945,160.5399933,159.5700073,159.6401062,455868
2023-09-27 13:30:00+00:00,163.6799927,163.6799927,163.6799927,160.6699982,161.0299988,456390
2023-09-27 14:30:00+00:00,163.7899933,163.7899933,164.3500061,162.0500031,163.6750031,359448
2023-09-27 15:30:00+00:00,161.8600006,161.8600006,163.8399963,161.3000031,163.8343048,258912
2023-09-27 16:30:00+00:00,161.6199951,161.6199951,162.2749939,161.4700012,161.9400024,176621
2023-09-27 17:30:00+00:00,163.0399933,163.0399933,163.0700073,161.0101013,161.6549988,241669
2023-09-27 18:30:00+00:00,163.9400024,163.9400024,164.6900024,163.0899963,163.1100006,498755
2023-09-27 19:30:00+00:00,163.0500031,163.0500031,164.1849976,162.7599945,163.9100037,452884
2023-09-28 13:30:00+00:00,162.8899994,162.8899994,164.1799011,161.4299927,162.2899933,330642
2023-09-28 14:30:00+00:00,164.3099976,164.3099976,164.4799957,162.2162018,162.8249969,245733
2023-09-28 15:30:00+00:00,166.1300049,166.1300049,166.1399994,164.3150024,164.3150024,231833
2023-09-28 16:30:00+00:00,165.625,165.625,166.1399994,165.2599945,166.1399994,179032
2023-09-28 17:30:00+00:00,165.3000031,165.3000031,165.8300018,165.1199951,165.6150055,169391
2023-09-28 18:30:00+00:00,165.5850067,165.5850067,165.6900024,164.3950043,165.1750031,187182
2023-09-28 19:30:00+00:00,165.2299957,165.2299957,165.6699982,164.5800018,165.5850067,295346
2023-09-29 13:30:00+00:00,168.25,168.25,169.3999023,167.1024017,167.5299988,632396
2023-09-29 14:30:00+00:00,168.9799957,168.9799957,169.5149994,168.1399994,168.2373962,364830
2023-09-29 15:30:00+00:00,169.0099945,169.0099945,169.4100037,168.3200073,168.9900055,225844
2023-09-29 16:30:00+00:00,167.9900055,167.9900055,169.1643982,167.2801056,168.9299927,202864
2023-09-29 17:30:00+00:00,167.2799988,167.2799988,168.0599976,167.1600037,167.9600067,172196
2023-09-29 18:30:00+00:00,167.8549957,167.8549957,168.5050049,167.2599945,167.3399963,249236
2023-09-29 19:30:00+00:00,167.4100037,167.4100037,167.9499969,166.9700012,167.8099976,414921
2023-10-02 13:30:00+00:00,168.9900055,168.9900055,169.9499969,167.0700073,168,566234
2023-10-02 14:30:00+00:00,171.6999969,171.6999969,172.0099945,168.5099945,168.9757996,606905
2023-10-02 15:30:00+00:00,169.2449951,169.2449951,171.75,169.125,171.6900024,307866
2023-10-02 16:30:00+00:00,169.2799988,169.2799988,169.7299957,168.8800049,169.0899963,288204
2023-10-02 17:30:00+00:00,169.0200043,169.0200043,169.4900055,168.6799927,169.2799988,238001
2023-10-02 18:30:00+00:00,168.9550018,168.9550018,169.25,168.4499969,169.0599976,224026
2023-10-02 19:30:00+00:00,169.5399933,169.5399933,169.6100006,168.9299927,168.9799957,365598
2023-10-03 13:30:00+00:00,164.5700073,164.5700073,169,164.5700073,167.3099976,501149
2023-10-03 14:30:00+00:00,163.8300018,163.8300018,165.0800018,163.4199982,164.5800018,464041
2023-10-03 15:30:00+00:00,163.2100067,163.2100067,164.0599976,163.0200043,163.8099976,279919
2023-10-03 16:30:00+00:00,162.2559052,162.2559052,163.4400024,162.1600037,163.1699982,344080
2023-10-03 17:30:00+00:00,161,161,162.3291016,160.8600006,162.2799988,402671
2023-10-03 18:30:00+00:00,161.1775055,161.1775055,162.2400055,161.0200043,161.0700073,387417
2023-10-03 19:30:00+00:00,162.0500031,162.0500031,162.2799988,161.1300049,161.2100067,644557
2023-10-04 13:30:00+00:00,162.8399963,162.8399963,165.0449982,162.1900024,163.6199951,416402
2023-10-04 14:30:00+00:00,163.4600067,163.4600067,164.0984955,162.8699951,162.8699951,279432
2023-10-04 15:30:00+00:00,164.4400024,164.4400024,164.4900055,163.2400055,163.4499969,197834
2023-10-04 16:30:00+00:00,164.0599976,164.0599976,164.9700012,163.9299927,164.4499969,167253
2023-10-04 17:30:00+00:00,163.5500031,163.5500031,164.2599945,162.8899994,164.0599976,147419
2023-10-04 18:30:00+00:00,164.0599976,164.0599976,164.3999939,163.3670044,163.5399933,221064
2023-10-04 19:30:00+00:00,164.0299988,164.0299988,164.5500031,163.8899994,164.1199951,276066
2023-10-05 13:30:00+00:00,162.0650024,162.0650024,164.5200043,161.3999939,164.0700073,291106
2023-10-05 14:30:00+00:00,161.6199951,161.6199951,162.1600037,160.9199982,162.0299988,172386
2023-10-05 15:30:00+00:00,163.4936981,163.4936981,163.5998993,161.3899994,161.6390991,147207
2023-10-05 16:30:00+00:00,164.4400024,164.4400024,164.5800018,163.25,163.4850006,543450
2023-10-05 17:30:00+00:00,165.5500031,165.5500031,165.75,164.0523071,164.3999939,445853
2023-10-05 18:30:00+00:00,165.798996,165.798996,166.1100006,165.4100037,165.5800018,298846
2023-10-05 19:30:00+00:00,165.3600006,165.3600006,165.9900055,165.1999969,165.7899933,290912
2023-10-06 13:30:00+00:00,170.3650055,170.3650055,170.4799957,163,163.5099945,1196591
2023-10-06 14:30:00+00:00,172.2299957,172.2299957,173.4499969,170.3600006,170.4199982,1262690
2023-10-06 15:30:00+00:00,174.6799927,174.6799927,174.8000031,172.25,172.2700043,822810
2023-10-06 16:30:00+00:00,176.0899963,176.0899963,176.3200073,173.8999939,174.6849976,949205
2023-10-06 17:30:00+00:00,175.9750061,175.9750061,176.2868042,174.7599945,176.0399933,645121
2023-10-06 18:30:00+00:00,176.6399994,176.6399994,176.8399963,175.5101013,175.9624939,586928
2023-10-06 19:30:00+00:00,176.6999969,176.6999969,176.9447937,176.1600037,176.6399994,995642
2023-10-09 13:30:00+00:00,182.9001007,182.9001007,185.25,176.1000061,176.5,2415424
2023-10-09 14:30:00+00:00,180.5,180.5,183.1900024,179.8200073,183.1900024,873057
2023-10-09 15:30:00+00:00,181.5599976,181.5599976,182.305603,180.2200012,180.5299988,591661
2023-10-09 16:30:00+00:00,182.0599976,182.0599976,182.3000031,180.8099976,181.5500031,556731
2023-10-09 17:30:00+00:00,181.8800049,181.8800049,183.2400055,181.5800018,182.1199951,669368
2023-10-09 18:30:00+00:00,181.8600006,181.8600006,182.3699951,181.0417938,181.8800049,523798
2023-10-09 19:30:00+00:00,181.7299957,181.7299957,181.9900055,181.3000031,181.8600006,743420
2023-10-10 13:30:00+00:00,184.5399933,184.5399933,184.8999939,180.7599945,181.5200043,872756
2023-10-10 14:30:00+00:00,183.8800049,183.8800049,185.1999969,183.2100067,184.5449982,619328
2023-10-10 15:30:00+00:00,183.3800964,183.3800964,184.1748047,182.9400024,183.8999939,294090
2023-10-10 16:30:00+00:00,183.9049988,183.9049988,183.9049988,182.7299957,183.3899994,367788
2023-10-10 17:30:00+00:00,183.5899963,183.5899963,184.6000061,183.5610046,183.8950043,338667
2023-10-10 18:30:00+00:00,184.0363007,184.0363007,184.4299927,183.5886993,183.6150055,270023
2023-10-10 19:30:00+00:00,183.8200073,183.8200073,184.25,183.6799927,184,496920
2023-10-11 13:30:00+00:00,185.9586029,185.9586029,186.7299042,183.3000946,183.8500061,666385
2023-10-11 14:30:00+00:00,186.3800049,186.3800049,187.2899933,184.7899933,185.8999939,433157
2023-10-11 15:30:00+00:00,186.4205933,186.4205933,186.7400055,185.6000061,186.3000031,492860
2023-10-11 16:30:00+00:00,186.2100067,186.2100067,186.9398956,185.7301025,186.5,300402
2023-10-11 17:30:00+00:00,187.1849976,187.1849976,187.4051056,185.5901031,186.1999969,298639
2023-10-11 18:30:00+00:00,188.3800049,188.3800049,188.6421051,186.9427032,187.1799927,399306
2023-10-11 19:30:00+00:00,188.2899933,188.2899933,188.6600037,187.802002,188.3800049,605136
2023-10-12 13:30:00+00:00,188.4747925,188.4747925,190.3600006,186.3500977,188.2200012,773424
2023-10-12 14:30:00+00:00,187.8099976,187.8099976,189.4299927,187.75,188.5180054,354609
2023-10-12 15:30:00+00:00,188.4700012,188.4700012,188.8699951,187.8500061,187.8800049,239990
2023-10-12 16:30:00+00:00,186.8950043,186.8950043,188.7299957,186.5,188.4100952,457305
2023-10-12 17:30:00+00:00,186.2243958,186.2243958,187.3200073,184.8800049,186.8500061,427938
2023-10-12 18:30:00+00:00,186.6399994,186.6399994,187.5800018,186.1699982,186.1699982,266234
2023-10-12 19:30:00+00:00,187.6100006,187.6100006,187.7400055,186.7299957,186.7299957,381018
2023-10-13 13:30:00+00:00,187.7901001,187.7901001,189.3249969,186.9799957,187.5599976,520514
2023-10-13 14:30:00+00:00,186.259903,186.259903,188.6600037,185.9017029,187.7899933,432301
2023-10-13 15:30:00+00:00,187.7534027,187.7534027,187.7599945,186.1999969,186.1999969,200402
2023-10-13 16:30:00+00:00,185.9199982,185.9199982,188.1999969,185.7299957,187.7700043,357104
2023-10-13 17:30:00+00:00,185.889801,185.889801,186.8099976,185.3899994,185.9382019,303240
2023-10-13 18:30:00+00:00,186.3300018,186.3300018,186.949707,185.9149933,185.9299927,214545
2023-10-13 19:30:00+00:00,185.6900024,185.6900024,186.5899963,185.6000061,186.3300018,428370
2023-10-16 13:30:00+00:00,189.4098969,189.4098969,189.5800018,183.3500061,185.5299988,793376
2023-10-16 14:30:00+00:00,187.2149963,187.2149963,189.5599976,187.0500031,189.4199982,271130
2023-10-16 15:30:00+00:00,187.3999939,187.3999939,187.8000031,186.9199982,187.2299957,229944
2023-10-16 16:30:00+00:00,187.1499939,187.1499939,188.3500061,186.1900024,187.4049988,271555
2023-10-16 17:30:00+00:00,187.8000031,187.8000031,188.2599945,187.1600037,187.1600037,203578
2023-10-16 18:30:00+00:00,188.1499939,188.1499939,188.4998932,187.7100067,187.7799988,219932
2023-10-16 19:30:00+00:00,187.6799927,187.6799927,188.2350006,187.4600067,188.1300049,361192
2023-10-17 13:30:00+00:00,188.7449951,188.7449951,189.0140076,185.1999969,185.9900055,559721
2023-10-17 14:30:00+00:00,189.4499969,189.4499969,190.2799988,188.3500061,188.8300018,426638
2023-10-17 15:30:00+00:00,188.1849976,188.1849976,189.9900055,187.7200012,189.3800964,338670
2023-10-17 16:30:00+00:00,187.8350067,187.8350067,188.2599945,187.1999969,188.1759949,332351
2023-10-17 17:30:00+00:00,187.7700043,187.7700043,188.4998932,186.5350037,187.8549957,304759
2023-10-17 18:30:00+00:00,187.3450012,187.3450012,188.1300049,186.7200012,187.7749939,300940
2023-10-17 19:30:00+00:00,187.1999969,187.1999969,187.4530029,186.8300018,187.3500061,368400
2023-10-18 13:30:00+00:00,188.1000061,188.1000061,189.2998962,185.9700012,186.2200012,398893
2023-10-18 14:30:00+00:00,188.5402069,188.5402069,188.75,187.2899933,188.0001068,216305
2023-10-18 15:30:00+00:00,188.6499939,188.6499939,189.3800049,188.0726929,188.5500031,213827
2023-10-18 16:30:00+00:00,188.9499969,188.9499969,189.3200073,188.1000061,188.5901031,227406
2023-10-18 17:30:00+00:00,188.6999969,188.6999969,188.9600067,187.9100037,188.9100037,261188
2023-10-18 18:30:00+00:00,188.2850037,188.2850037,188.9786072,188.0800018,188.6950073,272980
2023-10-18 19:30:00+00:00,187.8300018,187.8300018,188.3600006,187.6799927,188.2899933,350870
2023-10-19 13:30:00+00:00,188.6100006,188.6100006,191.9900055,188.5435028,191.75,830218
2023-10-19 14:30:00+00:00,187.0899963,187.0899963,189.2877045,186.5,188.6000061,370526
2023-10-19 15:30:00+00:00,188.5,188.5,189.079895,186.75,187.1799927,323306
2023-10-19 16:30:00+00:00,187.3000031,187.3000031,188.4832001,186.3200073,188.4400024,382737
2023-10-19 17:30:00+00:00,185.9450073,185.9450073,187.0149994,185.0200043,186.9799957,337253
2023-10-19 18:30:00+00:00,184.5299988,184.5299988,185.9199982,184.1199951,185.8699951,579087
2023-10-19 19:30:00+00:00,184.4900055,184.4900055,185.0399017,183.9600067,184.5700073,484486
2023-10-20 13:30:00+00:00,178.5700073,178.5700073,183.6000061,178.4100037,183,954491
2023-10-20 14:30:00+00:00,177.5899963,177.5899963,179.1499939,176.3000031,178.6600037,886752
2023-10-20 15:30:00+00:00,178.875,178.875,179.3899994,177.0001068,177.5399933,364169
2023-10-20 16:30:00+00:00,180.8300018,180.8300018,180.9963074,178.8399963,178.9499969,217908
2023-10-20 17:30:00+00:00,179.3399963,179.3399963,181.1000061,179.0099945,180.9199982,181216
2023-10-20 18:30:00+00:00,178.4600067,178.4600067,179.8500061,178.1999969,179.2299957,353321
2023-10-20 19:30:00+00:00,178.7400055,178.7400055,179.5599976,178.4700012,178.5350037,437437
2023-10-23 13:30:00+00:00,176.8399963,176.8399963,177.4900055,173.2899933,176,783327
2023-10-23 14:30:00+00:00,178.8350067,178.8350067,179.3950043,176.079895,176.9799957,362179
2023-10-23 15:30:00+00:00,180.0149994,180.0149994,180.1199951,178.5599976,178.8600006,216954
2023-10-23 16:30:00+00:00,180.2299957,180.2299957,181.1699982,179.7850037,179.9400024,224654
2023-10-23 17:30:00+00:00,180.2400055,180.2400055,181.1383972,179.9400024,180.1399994,279782
2023-10-23 18:30:00+00:00,180.1300049,180.1300049,180.8170013,179.75,180.2299957,213533
2023-10-23 19:30:00+00:00,179.0800018,179.0800018,180.0650024,179.0800018,180.0500031,258486
2023-10-24 13:30:00+00:00,183.7100067,183.7100067,183.9600067,179.0532074,181,470639
2023-10-24 14:30:00+00:00,181.9100037,181.9100037,184.1598969,181.7599945,183.8399963,263919
2023-10-24 15:30:00+00:00,180.6985931,180.6985931,182.4799957,180.6000061,181.9499969,136055
2023-10-24 16:30:00+00:00,181.5599976,181.5599976,181.7799988,180.0800018,180.5299988,103433
2023-10-24 17:30:00+00:00,181.9100037,181.9100037,181.9750061,181.0899963,181.6499939,103790
2023-10-24 18:30:00+00:00,182.6999969,182.6999969,182.8399963,181.8200073,181.9799957,166814
2023-10-24 19:30:00+00:00,182.7599945,182.7599945,182.8899994,182.2200012,182.6999969,226034
2023-10-25 13:30:00+00:00,179.1000061,179.1000061,181.9799957,178.4750061,181.1900024,364196
2023-10-25 14:30:00+00:00,179.5599976,179.5599976,180.6450043,178.7799988,179.0946045,175409
2023-10-25 15:30:00+00:00,177.7100067,177.7100067,179.6900024,177.1000061,179.5299988,207434
2023-10-25 16:30:00+00:00,175.9436951,175.9436951,178.0599976,175.6900024,177.6349945,208918
2023-10-25 17:30:00+00:00,175.4700012,175.4700012,176.2899933,175.2527008,175.8341064,228198
2023-10-25 18:30:00+00:00,175.9349976,175.9349976,175.9799957,175.1199951,175.6000061,229188
2023-10-25 19:30:00+00:00,175.4100037,175.4100037,176.2649994,175.3699951,175.9400024,395828
2023-10-26 13:30:00+00:00,174.4250031,174.4250031,178.4499969,173,176.1199951,416671
2023-10-26 14:30:00+00:00,173.0240021,173.0240021,175.8899994,172.9255981,174.4250031,285691
2023-10-26 15:30:00+00:00,171.4499969,171.4499969,174,170.7400055,173.1100006,340306
2023-10-26 16:30:00+00:00,171.2299957,171.2299957,172.1399994,170.1699982,171.5,299199
2023-10-26 17:30:00+00:00,172.4299927,172.4299927,173.1598969,170.9700012,171.1999969,173840
2023-10-26 18:30:00+00:00,172.3200073,172.3200073,173.7698975,172.1750031,172.5099945,331585
2023-10-26 19:30:00+00:00,171.6399994,171.6399994,172.4799957,171.3569031,172.2799988,422386
2023-10-27 13:30:00+00:00,172.6150055,172.6150055,175.6999969,171.2216034,174.2200012,401335
2023-10-27 14:30:00+00:00,173.7700043,173.7700043,174.3000031,171.4700012,172.6150055,252286
2023-10-27 15:30:00+00:00,173.3300018,173.3300018,174.1398926,172.860199,173.8950043,165889
2023-10-27 16:30:00+00:00,172.5099945,172.5099945,173.6100006,172.1799927,173.3249969,131367
2023-10-27 17:30:00+00:00,172.0800018,172.0800018,172.829895,171.9700012,172.5099945,154428
2023-10-27 18:30:00+00:00,173.1450043,173.1450043,173.2299957,172.0599976,172.1699982,196226
2023-10-27 19:30:00+00:00,172.8999939,172.8999939,173.2299957,172.4600067,173.1549988,311308
2023-10-30 13:30:00+00:00,172.0899963,172.0899963,175.1999969,171.6826019,174.6000061,331181
2023-10-30 14:30:00+00:00,174.0514984,174.0514984,174.9499969,171.7799988,172.0800018,205319
2023-10-30 15:30:00+00:00,174.9098969,174.9098969,175.4450073,173.8000946,174.2149963,189197
2023-10-30 16:30:00+00:00,174.4499969,174.4499969,174.9499969,173.1199951,174.8350067,141752
2023-10-30 17:30:00+00:00,174.3500061,174.3500061,174.9199982,174.2955933,174.4799957,112487
2023-10-30 18:30:00+00:00,175.1799927,175.1799927,175.7299957,174.3300018,174.3300018,206175
2023-10-30 19:30:00+00:00,174.6799927,174.6799927,175.25,174.4100037,175.1799927,280256
2023-10-31 13:30:00+00:00,175.6999969,175.6999969,176.8800049,172.5800018,175.1649933,368631
2023-10-31 14:30:00+00:00,175.4149933,175.4149933,176.6499023,174.6199951,175.6600037,183740
2023-10-31 15:30:00+00:00,175.7899933,175.7899933,176.0399933,174.7200012,175.2599945,108711
2023-10-31 16:30:00+00:00,175.5500031,175.5500031,176.6999969,175.25,175.8235016,104664
2023-10-31 17:30:00+00:00,176.0599976,176.0599976,176.3999939,175.2100067,175.5050049,177236
2023-10-31 18:30:00+00:00,177.0899963,177.0899963,177.5899963,176.0350037,176.1000061,274038
2023-10-31 19:30:00+00:00,176.7700043,176.7700043,177.0249939,176.2599945,177.0249939,243217
2023-11-01 13:30:00+00:00,178.3399963,178.3399963,179.6300049,176.3399963,178.1199951,383611
2023-11-01 14:30:00+00:00,176.7899933,176.7899933,179.0899963,176.6600037,178.2550049,218139
2023-11-01 15:30:00+00:00,176.6562958,176.6562958,177.0449982,175.6712036,176.7400055,147082
2023-11-01 16:30:00+00:00,177.4868927,177.4868927,177.6699982,175.8500977,176.7779999,167965
2023-11-01 17:30:00+00:00,176.8036957,176.8036957,177.5399933,176.4176025,177.4499969,174294
2023-11-01 18:30:00+00:00,177.9450073,177.9450073,178.1600037,174.8099976,176.9250031,394508
2023-11-01 19:30:00+00:00,178.3600006,178.3600006,178.5800018,177.7949982,177.9499969,318819
2023-11-02 13:30:00+00:00,182.3412933,182.3412933,184.6699982,180.8899994,180.8899994,891486
2023-11-02 14:30:00+00:00,182.1900024,182.1900024,182.6100006,179.7140045,182.2649994,609644
2023-11-02 15:30:00+00:00,181.6799927,181.6799927,182.6165009,181.1799927,182.1750031,275777
2023-11-02 16:30:00+00:00,181.4100037,181.4100037,181.8079987,180.8999939,181.7899933,179785
2023-11-02 17:30:00+00:00,181.8849945,181.8849945,182.0599976,181.4600067,181.5,178640
2023-11-02 18:30:00+00:00,182.3899994,182.3899994,182.75,181.3699951,181.8849945,316221
2023-11-02 19:30:00+00:00,182.9199982,182.9199982,182.9400024,181.875,182.3699951,569522
2023-11-03 13:30:00+00:00,181.9499969,181.9499969,185,178.3500061,182.6699982,837465
2023-11-03 14:30:00+00:00,183.7899933,183.7899933,183.9600067,180.6286926,181.9700012,377165
2023-11-03 15:30:00+00:00,186.3450012,186.3450012,186.6900024,183.7899933,183.8450012,338020
2023-11-03 16:30:00+00:00,187.4149933,187.4149933,187.8000031,186.0500031,186.3450012,316096
2023-11-03 17:30:00+00:00,187.5180054,187.5180054,188.1600037,187.1999969,187.4199982,273800
2023-11-03 18:30:00+00:00,188.228302,188.228302,188.7400055,187.1300049,187.5200043,315261
2023-11-03 19:30:00+00:00,188.25,188.25,188.6000061,187.8249969,188.1999969,533652
2023-11-06 14:30:00+00:00,184.9349976,184.9349976,189.5,183.6000061,188.9799957,565490
2023-11-06 15:30:00+00:00,184.8000946,184.8000946,186.75,184.5899963,184.9199982,208708
2023-11-06 16:30:00+00:00,185.4499969,185.4499969,185.5099945,184.3399963,185.0099945,155132
2023-11-06 17:30:00+00:00,184.1199951,184.1199951,185.6100006,183.9600067,185.4900055,152097
2023-11-06 18:30:00+00:00,185.4499969,185.4499969,185.5099945,183.990097,184.0899963,161714
2023-11-06 19:30:00+00:00,186.1649933,186.1649933,186.1999969,185.3500977,185.3950043,144404
2023-11-06 20:30:00+00:00,186.7700043,186.7700043,187.1199951,185.9600067,186.1999969,308870
2023-11-07 14:30:00+00:00,194.2926941,194.2926941,194.4400024,189.4499969,191.1499939,1002257
2023-11-07 15:30:00+00:00,193.7799988,193.7799988,194.8300018,193.3899994,194.3379974,398550
2023-11-07 16:30:00+00:00,192.5800018,192.5800018,194.1898956,192.4799957,193.75,285678
2023-11-07 17:30:00+00:00,191.8200073,191.8200073,192.7100067,191.6537933,192.6199951,225059
2023-11-07 18:30:00+00:00,192.1499939,192.1499939,193.0800018,191.5299988,191.9199982,223891
2023-11-07 19:30:00+00:00,193.0350037,193.0350037,193.1100006,191.1600037,192.1600037,299822
2023-11-07 20:30:00+00:00,192.3699951,192.3699951,193.2400055,192,193.0700073,350443
2023-11-08 14:30:00+00:00,191.5,191.5,194.7799988,191.3699951,192.5200043,367649
2023-11-08 15:30:00+00:00,192.8699951,192.8699951,193.0877075,191.2100067,191.6499939,188300
2023-11-08 16:30:00+00:00,192.4400024,192.4400024,193.5,191.8600006,192.8000031,180624
2023-11-08 17:30:00+00:00,193.8950043,193.8950043,193.9199982,192.3800049,192.3800049,139246
2023-11-08 18:30:00+00:00,194.0700073,194.0700073,194.4900055,193.3500061,193.8099976,227959
2023-11-08 19:30:00+00:00,193.4900055,193.4900055,194.1649933,193.3699951,194.0697021,178992
2023-11-08 20:30:00+00:00,193.7400055,193.7400055,193.9700012,193.1764984,193.5050049,260382
2023-11-09 14:30:00+00:00,189.9100037,189.9100037,194.1799927,189.1199951,193.4400024,618984
2023-11-09 15:30:00+00:00,192.0650024,192.0650024,192.6799011,189.7299957,190.0599976,298822
2023-11-09 16:30:00+00:00,190.6349945,190.6349945,192.2599945,190.3500977,192.0650024,204919
2023-11-09 17:30:00+00:00,192.2700043,192.2700043,192.4700012,190.2299957,190.6549988,313629
2023-11-09 18:30:00+00:00,191.4093018,191.4093018,192.8950043,191.1549988,192.1900024,259280
2023-11-09 19:30:00+00:00,191.2100067,191.2100067,192.0599976,190.4499969,191.5500031,200456
2023-11-09 20:30:00+00:00,190.7599945,190.7599945,191.4192963,190.5,191.2299957,269781
2023-11-10 14:30:00+00:00,193.6600037,193.6600037,195.177002,190.1999969,192.3699951,474108
2023-11-10 15:30:00+00:00,194.3999939,194.3999939,195.0299988,192.5,193.75,184445
2023-11-10 16:30:00+00:00,194.2100067,194.2100067,194.9799957,193.8800049,194.4499969,151993
2023-11-10 17:30:00+00:00,195.4850006,195.4850006,195.6898956,194.052002,194.0700073,158301
2023-11-10 18:30:00+00:00,196.2899933,196.2899933,196.3800049,195.4700012,195.4850006,162571
2023-11-10 19:30:00+00:00,196.4499969,196.4499969,196.9499969,196.0700073,196.3099976,244599
2023-11-10 20:30:00+00:00,196.25,196.25,196.6242981,196.1150055,196.4524994,303649
2023-11-13 14:30:00+00:00,199.75,199.75,200.1799927,197.1699982,198,998083
2023-11-13 15:30:00+00:00,199.8874969,199.8874969,200.8099976,198.8099976,199.7899933,527825
2023-11-13 16:30:00+00:00,199.7599945,199.7599945,200.6799927,198.6199951,199.9499969,284430
2023-11-13 17:30:00+00:00,199.8907013,199.8907013,200.6399994,199.490097,199.7599945,196719
2023-11-13 18:30:00+00:00,200.8450012,200.8450012,201.1600037,199.7001038,199.8500061,216043
2023-11-13 19:30:00+00:00,201.2350006,201.2350006,201.5500031,200.6499939,200.8399963,323442
2023-11-13 20:30:00+00:00,201.0800018,201.0800018,201.3999939,200.8699951,201.2350006,347250
2023-11-14 14:30:00+00:00,206.1300049,206.1300049,206.5343933,203.5,205,997079
2023-11-14 15:30:00+00:00,206.7749939,206.7749939,207.4400024,206.0950012,206.1199951,561003
2023-11-14 16:30:00+00:00,206.5599976,206.5599976,207.2100067,205.9499969,206.7949982,359424
2023-11-14 17:30:00+00:00,207.8000031,207.8000031,209.0670929,206.5099945,206.5749969,387054
2023-11-14 18:30:00+00:00,207.2599945,207.2599945,207.8905945,206.4400024,207.8699951,250880
2023-11-14 19:30:00+00:00,207.6849976,207.6849976,207.9100037,207.0399933,207.2599945,366892
2023-11-14 20:30:00+00:00,207.9700012,207.9700012,208.5299988,207.4465027,207.6799927,437146
2023-11-15 14:30:00+00:00,207.5800018,207.5800018,210.0899963,207.2899933,208.7100067,669695
2023-11-15 15:30:00+00:00,206.9900055,206.9900055,208.8000031,206.6000061,207.5700073,613857
2023-11-15 16:30:00+00:00,205.6000061,205.6000061,207.4199982,205.4203949,206.9700012,343075
2023-11-15 17:30:00+00:00,203.8099976,203.8099976,205.829895,202.6999969,205.6049957,428586
2023-11-15 18:30:00+00:00,203.3099976,203.3099976,204.3000031,202.6699982,203.7949982,369227
2023-11-15 19:30:00+00:00,203.5821991,203.5821991,204.1300049,203.0500031,203.4049988,367068
2023-11-15 20:30:00+00:00,204.2899933,204.2899933,204.6100006,203.4799957,203.6150055,472586
2023-11-16 14:30:00+00:00,206.0850067,206.0850067,207.1100006,198.8600006,200.3300018,1035861
2023-11-16 15:30:00+00:00,203.875,203.875,206.780899,203.8200073,206.0800018,355316
2023-11-16 16:30:00+00:00,205.8300018,205.8300018,205.8399963,203.6100006,203.8399963,268215
2023-11-16 17:30:00+00:00,204.8450012,204.8450012,206.0500031,204.2599945,205.7799988,276371
2023-11-16 18:30:00+00:00,204.75,204.75,204.9600067,203.8899994,204.8549957,203438
2023-11-16 19:30:00+00:00,204.875,204.875,205.3399963,204.3099976,204.7467957,321647
2023-11-16 20:30:00+00:00,204.25,204.25,205.0200043,204.0599976,204.8699951,373750
2023-11-17 14:30:00+00:00,206.5599976,206.5599976,206.8806,203.0399933,204.2700043,486399
2023-11-17 15:30:00+00:00,207.2212982,207.2212982,207.6499939,206.1349945,206.6499939,224008
2023-11-17 16:30:00+00:00,207.1699982,207.1699982,207.6000061,206.8999939,207.1450043,167825
2023-11-17 17:30:00+00:00,207.8200073,207.8200073,207.9098969,207,207.25,113111
2023-11-17 18:30:00+00:00,206.4799957,206.4799957,207.8699951,206.3950043,207.8300018,148915
2023-11-17 19:30:00+00:00,206.6999969,206.6999969,206.9199982,205.9299927,206.4799957,234057
2023-11-17 20:30:00+00:00,207.0899963,207.0899963,207.0899963,205.9199982,206.6699982,250484
2023-11-20 14:30:00+00:00,207.1750031,207.1750031,208.9700012,206.0650024,208,460313
2023-11-20 15:30:00+00:00,208.5299988,208.5299988,208.9700012,206.3200073,207.1999969,266812
2023-11-20 16:30:00+00:00,207.9199982,207.9199982,208.6100006,207.7200012,208.6100006,169743
2023-11-20 17:30:00+00:00,208.4400024,208.4400024,208.5899963,207.3099976,207.9165039,184662
2023-11-20 18:30:00+00:00,208.2899933,208.2899933,208.5800018,207.6699982,208.4900055,284471
2023-11-20 19:30:00+00:00,208.2805939,208.2805939,209.0269012,208,208.25,288901
2023-11-20 20:30:00+00:00,207.7299957,207.7299957,208.2299957,207.5399933,208.2299957,369142
2023-11-21 14:30:00+00:00,206.9799957,206.9799957,209.0200043,205.8500061,207.7400055,625632
2023-11-21 15:30:00+00:00,206.9700012,206.9700012,207.3300018,206.3000031,206.8999939,253528
2023-11-21 16:30:00+00:00,208.1000061,208.1000061,208.3899994,206.6300049,206.9400024,236085
2023-11-21 17:30:00+00:00,208.0050049,208.0050049,208.6100006,207.6999969,208.1399994,168249
2023-11-21 18:30:00+00:00,208.3899994,208.3899994,208.4960022,207.5899963,207.9900055,218886
2023-11-21 19:30:00+00:00,209.1999969,209.1999969,209.3000031,208.4199982,208.4400024,268190
2023-11-21 20:30:00+00:00,208.9499969,208.9499969,209.3200073,208.5200043,209.25,317000
2023-11-22 14:30:00+00:00,208.8699951,208.8699951,210.4900055,206.5500031,209.8999939,556891
2023-11-22 15:30:00+00:00,209.2599945,209.2599945,209.3899994,208,208.8999939,289550
2023-11-22 16:30:00+00:00,209.6716003,209.6716003,209.9799957,209.2799988,209.2799988,203554
2023-11-22 17:30:00+00:00,210,210,210.3249969,209.3800049,209.6399994,226938
2023-11-22 18:30:00+00:00,210.5200043,210.5200043,210.6434021,209.9400024,210,216389
2023-11-22 19:30:00+00:00,210.2599945,210.2599945,210.6499939,209.4100037,210.4499969,264325
2023-11-22 20:30:00+00:00,209.6600037,209.6600037,210.3300018,209.4400024,210.2649994,289138
2023-11-24 14:30:00+00:00,210.6600037,210.6600037,212.8598938,207.6750031,208.8600006,624202
2023-11-24 15:30:00+00:00,210.1900024,210.1900024,210.875,209.8999939,210.5899963,337416
2023-11-24 16:30:00+00:00,210.6600037,210.6600037,211.6499939,210.0200043,210.0700073,337082
2023-11-27 14:30:00+00:00,211.4799957,211.4799957,211.9900055,207.5700073,209.6199951,731025
2023-11-27 15:30:00+00:00,211.1999969,211.1999969,212.3699951,210.6725006,211.4799957,371311
2023-11-27 16:30:00+00:00,212.3699951,212.3699951,213.1399994,211.0899963,211.1399994,468013
2023-11-27 17:30:00+00:00,211.4199982,211.4199982,212.7675018,211.3200073,212.3899994,435548
2023-11-27 18:30:00+00:00,210.75,210.75,211.7799988,210.4799957,211.4199982,415984
2023-11-27 19:30:00+00:00,210.9100037,210.9100037,211.0599976,209.9100037,210.7940063,602042
2023-11-27 20:30:00+00:00,210.0149994,210.0149994,210.9400024,209.8899994,210.8999939,666582
2023-11-28 14:30:00+00:00,212.5500031,212.5500031,212.9598999,207.2200928,208.9300995,1653476
2023-11-28 15:30:00+00:00,213.25,213.25,214.2599945,212.3300018,212.5500031,701779
2023-11-28 16:30:00+00:00,214.2599945,214.2599945,214.7050018,213.1499939,213.2749939,493141
2023-11-28 17:30:00+00:00,212.5299988,212.5299988,214.6000061,212.1000061,214.2599945,577824
2023-11-28 18:30:00+00:00,212.6600037,212.6600037,213.2200012,212.2100067,212.5993958,409586
2023-11-28 19:30:00+00:00,212.3399963,212.3399963,212.8500061,212.2200012,212.6600037,600522
2023-11-28 20:30:00+00:00,212.3800049,212.3800049,212.8583069,212.1399994,212.3000031,999328
2023-11-29 14:30:00+00:00,227.9349976,227.9349976,230.7700043,218.8300018,220,5154637
2023-11-29 15:30:00+00:00,232.1900024,232.1900024,234.1999969,227.1750031,227.887207,2215723
2023-11-29 16:30:00+00:00,232.9400024,232.9400024,234.1999969,231.6499939,232.25,1242012
2023-11-29 17:30:00+00:00,234,234,234.1900024,232.1199951,232.8399963,722345
2023-11-29 18:30:00+00:00,233.5,233.5,234.4786072,233.0225067,233.9550018,575568
2023-11-29 19:30:00+00:00,233.1199951,233.1199951,235.6298981,232.6000061,233.5149994,1081347
2023-11-29 20:30:00+00:00,234.3699951,234.3699951,234.5099945,232.1300049,233.2299957,1435007
2023-11-30 14:30:00+00:00,232.3600006,232.3600006,238.4799957,229.1900024,231.1900024,2236571
2023-11-30 15:30:00+00:00,234.3300018,234.3300018,234.9284058,230.2799988,232.3000031,1024147
2023-11-30 16:30:00+00:00,233.8899994,233.8899994,234.3699951,232.8601074,234.1499939,513807
2023-11-30 17:30:00+00:00,235.6600037,235.6600037,236.1300049,233.891098,233.891098,569047
2023-11-30 18:30:00+00:00,235.9998932,235.9998932,236.4700012,235.2899933,235.697998,543623
2023-11-30 19:30:00+00:00,235.7200012,235.7200012,237.0399017,235.2100067,235.8899994,551072
2023-11-30 20:30:00+00:00,237.0200043,237.0200043,238.0800018,235.3000031,235.7200012,875346
2023-12-01 14:30:00+00:00,230.1999969,230.1999969,236.6499939,229.8000031,235.7200012,1350095
2023-12-01 15:30:00+00:00,231.5850067,231.5850067,232.2949982,229.9199982,230.2725983,475407
2023-12-01 16:30:00+00:00,233.7070007,233.7070007,233.7281036,231.2899933,231.6499939,358676
2023-12-01 17:30:00+00:00,233.9949951,233.9949951,234.2899933,233.3200073,233.5899963,292571
2023-12-01 18:30:00+00:00,235.8600006,235.8600006,236.0998993,233.3999939,233.9149933,399094
2023-12-01 19:30:00+00:00,235.7200012,235.7200012,236.125,235.2100067,235.8200073,302231
2023-12-01 20:30:00+00:00,235.0299988,235.0299988,235.6699982,234.5700073,235.6699982,482540
2023-12-04 14:30:00+00:00,232.6499939,232.6499939,236.4900055,231.5001068,234.0800018,1002862
2023-12-04 15:30:00+00:00,232.7050018,232.7050018,233,230.9100037,232.6900024,445076
2023-12-04 16:30:00+00:00,234.8800049,234.8800049,235.0933075,231.6100006,232.6199951,324353
2023-12-04 17:30:00+00:00,235.6750031,235.6750031,235.9600067,234.7449951,234.9400024,241121
2023-12-04 18:30:00+00:00,236.75,236.75,237.0599976,235.4850006,235.6399994,286127
2023-12-04 19:30:00+00:00,237.3450012,237.3450012,237.8500061,236.5,236.7449951,389473
2023-12-04 20:30:00+00:00,237.4199982,237.4199982,237.7899933,236.8495026,237.4694977,528053
2023-12-05 14:30:00+00:00,234.7899933,234.7899933,236.7698975,233.3274994,233.9600067,552321
2023-12-05 15:30:00+00:00,235.7023926,235.7023926,236.6999969,234.6607971,234.7899933,232218
2023-12-05 16:30:00+00:00,236.4299927,236.4299927,236.7299957,234.8200073,235.7400055,192920
2023-12-05 17:30:00+00:00,236.9799957,236.9799957,237.25,235.0899963,236.4900055,201446
2023-12-05 18:30:00+00:00,238.3500061,238.3500061,238.6681061,236.8450012,237.0299988,348124
2023-12-05 19:30:00+00:00,238.0700073,238.0700073,238.6399994,237.5101013,238.2799988,393168
2023-12-05 20:30:00+00:00,239.0200043,239.0200043,239.0700073,237.8800049,238.0200043,379468
2023-12-06 14:30:00+00:00,242.1600037,242.1600037,244.6399994,237.7886963,240,1269875
2023-12-06 15:30:00+00:00,243.0249939,243.0249939,243.8099976,242.0599976,242.1735992,469868
2023-12-06 16:30:00+00:00,242.7400055,242.7400055,244.1399994,242.4949951,243.0249939,368139
2023-12-06 17:30:00+00:00,242.1699982,242.1699982,243,241.1799927,242.7299957,400764
2023-12-06 18:30:00+00:00,242.4750061,242.4750061,242.7599945,241.6399994,242.0700073,228141
2023-12-06 19:30:00+00:00,240.2700043,240.2700043,243.2799988,240.2200012,242.4750061,357666
2023-12-06 20:30:00+00:00,239.3800049,239.3800049,240.6649933,239.1799927,240.25,392061
2023-12-07 14:30:00+00:00,237.4299927,237.4299927,239.7599945,234.2400055,239.6300049,844582
2023-12-07 15:30:00+00:00,238.5500031,238.5500031,238.7700043,237.0099945,237.4850006,312290
2023-12-07 16:30:00+00:00,239.6100006,239.6100006,239.8500061,238.5,238.5850067,212655
2023-12-07 17:30:00+00:00,239.8699951,239.8699951,240.4098969,239.3350067,239.7100067,169403
2023-12-07 18:30:00+00:00,240.3350067,240.3350067,240.3999023,239.4499969,240,123881
2023-12-07 19:30:00+00:00,240.3549957,240.3549957,240.7100067,239.8200073,240.3350067,208193
2023-12-07 20:30:00+00:00,240.1499939,240.1499939,240.5099945,239.7400055,240.3899994,308588
2023-12-08 14:30:00+00:00,241.0800018,241.0800018,241.7899933,237.6300049,238.3399963,383802
2023-12-08 15:30:00+00:00,240.1699982,240.1699982,241.2200012,239.2100067,241.1000061,270842
2023-12-08 16:30:00+00:00,241.5,241.5,241.6040039,240,240.2350006,197598
2023-12-08 17:30:00+00:00,242.1100006,242.1100006,242.1100006,241.1150055,241.4949951,146248
2023-12-08 18:30:00+00:00,243.1009979,243.1009979,243.2200012,241.8999939,242.1109009,225634
2023-12-08 19:30:00+00:00,243.2799988,243.2799988,243.4900055,242.9100037,243.1100006,181975
2023-12-08 20:30:00+00:00,242.5399933,242.5399933,243.3399963,242.5200043,243.2899933,252572
2023-12-11 14:30:00+00:00,248.7599945,248.7599945,248.9299927,241.3899994,242.125,861816
2023-12-11 15:30:00+00:00,245.7100067,245.7100067,249.2799988,245.4700012,248.6799927,416805
2023-12-11 16:30:00+00:00,247.6499939,247.6499939,248.1100006,245.5599976,245.7899933,270826
2023-12-11 17:30:00+00:00,246.1799927,246.1799927,247.7299957,246.0099945,247.6600037,210961
2023-12-11 18:30:00+00:00,246.6100006,246.6100006,247.0700073,245.8099976,246.2299957,186057
2023-12-11 19:30:00+00:00,246.3650055,246.3650055,246.6900024,245.7868042,246.6074982,200627
2023-12-11 20:30:00+00:00,246.9499969,246.9499969,247.2100067,246.4100037,246.4100037,344955
2023-12-12 14:30:00+00:00,249.3200073,249.3200073,250,243.2700043,244.6399994,707087
2023-12-12 15:30:00+00:00,249.3200073,249.3200073,250.25,248.9600067,249.3699951,491209
2023-12-12 16:30:00+00:00,248.5700073,248.5700073,249.8999939,248.2901001,249.3399963,288586
2023-12-12 17:30:00+00:00,248.5,248.5,249.2799988,247.8699951,248.5500031,177508
2023-12-12 18:30:00+00:00,249.8899994,249.8899994,249.8999939,248.1950073,248.5099945,183844
2023-12-12 19:30:00+00:00,250.0099945,250.0099945,250.2899933,249.6000061,249.8668976,248659
2023-12-12 20:30:00+00:00,248.5399933,248.5399933,250.0149994,248.4199982,249.9499969,518507
2023-12-13 14:30:00+00:00,248.6062012,248.6062012,250.2299957,247.1799927,249.75,496506
2023-12-13 15:30:00+00:00,248.0050049,248.0050049,248.9499054,247.6649933,248.5800018,240722
2023-12-13 16:30:00+00:00,249.1999969,249.1999969,249.3500061,247.8500061,247.9600067,139394
2023-12-13 17:30:00+00:00,248.6499939,248.6499939,249.5700073,248.5001068,249.1999969,155570
2023-12-13 18:30:00+00:00,251.2200012,251.2200012,251.7400055,248.4499969,248.6000061,372924
2023-12-13 19:30:00+00:00,251.2599945,251.2599945,253.3000031,250.5599976,251.2487946,461074
2023-12-13 20:30:00+00:00,252.0399933,252.0399933,252.3899994,251.3699951,251.3800049,414069
2023-12-14 14:30:00+00:00,251.1049957,251.1049957,257.3699951,250.6799927,253.8249969,946963
2023-12-14 15:30:00+00:00,249.4562988,249.4562988,251.6849976,247.8699951,251.1199951,584911
2023-12-14 16:30:00+00:00,252.5599976,252.5599976,252.5599976,249.3999939,249.5899963,373988
2023-12-14 17:30:00+00:00,249.7599945,249.7599945,252.8699036,248.6999969,252.5399933,295413
2023-12-14 18:30:00+00:00,251.8800049,251.8800049,251.8800049,248.9212952,249.7700043,307064
2023-12-14 19:30:00+00:00,252.6349945,252.6349945,253.1199951,251.6499939,251.8800049,419452
2023-12-14 20:30:00+00:00,252.4799957,252.4799957,252.9698944,251.8401031,252.6300049,433501
2023-12-15 14:30:00+00:00,260.519989,260.519989,260.6000061,254.0200043,256.1900024,1098738
2023-12-15 15:30:00+00:00,259.3299866,259.3299866,260.7687073,258.1900024,260.5450134,536357
2023-12-15 16:30:00+00:00,258.8399963,258.8399963,259.730011,258.2800903,259.3500061,216362
2023-12-15 17:30:00+00:00,258.9451904,258.9451904,259.75,257.9700012,258.8399963,334934
2023-12-15 18:30:00+00:00,258.519989,258.519989,259,256.9700012,258.8924866,277994
2023-12-15 19:30:00+00:00,259.6138,259.6138,259.8145142,258.6000061,258.6000061,290193
2023-12-15 20:30:00+00:00,260.0799866,260.0799866,260.4599915,258.8299866,259.6600037,564816
2023-12-18 14:30:00+00:00,260.4700012,260.4700012,261.4750061,257.3399963,260.1700134,629890
2023-12-18 15:30:00+00:00,260.9700012,260.9700012,261.8099976,259.0400085,260.4549866,327154
2023-12-18 16:30:00+00:00,259.6600037,259.6600037,261.3200073,259.5100098,260.9700012,235660
2023-12-18 17:30:00+00:00,260.3699951,260.3699951,260.6600037,258.7200012,259.6102905,252959
2023-12-18 18:30:00+00:00,260.3500061,260.3500061,261.1950073,260.1445923,260.480011,205622
2023-12-18 19:30:00+00:00,260.480011,260.480011,260.6000061,259.6700134,260.3299866,389682
2023-12-18 20:30:00+00:00,259.7399902,259.7399902,260.5650024,259.6499939,260.5299988,312800
2023-12-19 14:30:00+00:00,258.8391113,258.8391113,260.769989,257.4000854,260.1199951,673301
2023-12-19 15:30:00+00:00,257.7799988,257.7799988,259.1099854,257.2825012,258.7189941,318906
2023-12-19 16:30:00+00:00,256.7000122,256.7000122,258.0495911,256.2399902,257.7900085,359354
2023-12-19 17:30:00+00:00,257.6499939,257.6499939,257.6950073,256.3001099,256.6845093,279606
2023-12-19 18:30:00+00:00,257.8349915,257.8349915,258.1000061,257.3900146,257.7099915,189868
2023-12-19 19:30:00+00:00,257.9400024,257.9400024,258.5712891,257.6300049,257.8803101,234144
2023-12-19 20:30:00+00:00,258.4299927,258.4299927,258.5499878,257.8500061,257.9700012,308632
2023-12-20 14:30:00+00:00,258.8500061,258.8500061,259.5700073,255.2599945,256.2999878,423779
2023-12-20 15:30:00+00:00,258.0400085,258.0400085,259.329895,257.3850098,258.9249878,186213
2023-12-20 16:30:00+00:00,258.269989,258.269989,259,257.8299866,258.0100098,127076
2023-12-20 17:30:00+00:00,258.4150085,258.4150085,258.8800049,257.7049866,258.3150024,133386
2023-12-20 18:30:00+00:00,257.4549866,257.4549866,258.5098877,257.3800049,258.4862061,133046
2023-12-20 19:30:00+00:00,254.4900055,254.4900055,257.4500122,253.6300049,257.3999939,435223
2023-12-20 20:30:00+00:00,253.9700012,253.9700012,255.7200012,253.8899994,254.4900055,461107
2023-12-21 14:30:00+00:00,253.9499969,253.9499969,256.3641052,250.6100006,254.25,1620871
2023-12-21 15:30:00+00:00,254.4199982,254.4199982,254.5198975,252.9550018,254,262830
2023-12-21 16:30:00+00:00,256.25,256.25,256.2799988,254.2799988,254.3999939,197392
2023-12-21 17:30:00+00:00,257.0450134,257.0450134,257.329895,255.9790039,256.2399902,192018
2023-12-21 18:30:00+00:00,256.4599915,256.4599915,257.1900024,256.0899963,257.1499939,197645
2023-12-21 19:30:00+00:00,257.5899963,257.5899963,257.5899963,256.3200073,256.3200073,246332
2023-12-21 20:30:00+00:00,257.4100037,257.4100037,257.7099915,257.1099854,257.6600037,268663
2023-12-22 14:30:00+00:00,256.0299988,256.0299988,256.9700012,254.6000061,256.9700012,462347
2023-12-22 15:30:00+00:00,255.6549988,255.6549988,256.9400024,255.0218964,256,169513
2023-12-22 16:30:00+00:00,254.8099976,254.8099976,256.0249939,254.4900055,255.6000061,285987
2023-12-22 17:30:00+00:00,255.4600067,255.4600067,255.6600037,254.1699982,254.8444977,153193
2023-12-22 18:30:00+00:00,254.1999969,254.1999969,255.6699982,253.7599945,255.5097961,145569
2023-12-22 19:30:00+00:00,255.8950043,255.8950043,256.0990906,253.7700043,254.2100067,217897
2023-12-22 20:30:00+00:00,255.6699982,255.6699982,256,255.0700073,255.9700012,231168
2023-12-26 14:30:00+00:00,256.9500122,256.9500122,257.2099915,253.582901,254.8300018,446865
2023-12-26 15:30:00+00:00,256.1578064,256.1578064,257.5700073,255.75,257.0299988,201287
2023-12-26 16:30:00+00:00,256.269989,256.269989,256.6803894,255.8300018,256.25,221100
2023-12-26 17:30:00+00:00,256.3200073,256.3200073,256.5299988,255.5700073,256.2999878,170286
2023-12-26 18:30:00+00:00,257.0799866,257.0799866,257.2000122,256.3200073,256.480011,103238
2023-12-26 19:30:00+00:00,257.7600098,257.7600098,258.1300049,257.0499878,257.1297913,287822
2023-12-26 20:30:00+00:00,257.8599854,257.8599854,258.2399902,257.7200012,257.7799988,238968
2023-12-27 14:30:00+00:00,256.9049988,256.9049988,259.5400085,256.2999878,258.2650146,374690
2023-12-27 15:30:00+00:00,257.5332031,257.5332031,257.5599976,255.8500061,256.6900024,173212
2023-12-27 16:30:00+00:00,256.7099915,256.7099915,257.5899963,256.6400146,257.4100037,194881
2023-12-27 17:30:00+00:00,256.4299927,256.4299927,257.6499939,256.2999878,256.8599854,169685
2023-12-27 18:30:00+00:00,257.1350098,257.1350098,257.2799988,255.7299957,256.3864136,206792
2023-12-27 19:30:00+00:00,257.0700073,257.0700073,257.3800049,256.6400146,257.1427002,132196
2023-12-27 20:30:00+00:00,257.4299927,257.4299927,257.519989,256.7999878,257.0899963,190712
2023-12-28 14:30:00+00:00,256.2999878,256.2999878,257.4200134,255.1100006,257.4100037,227439
2023-12-28 15:30:00+00:00,255.7350006,255.7350006,256.4912109,255.5,256.3099976,196885
2023-12-28 16:30:00+00:00,256.0599976,256.0599976,256.480011,255.3000031,255.7400055,93426
2023-12-28 17:30:00+00:00,256.2099915,256.2099915,256.5499878,255.7700043,256,87994
2023-12-28 18:30:00+00:00,256.144989,256.144989,256.3399963,255.6300049,256.1600037,87846
2023-12-28 19:30:00+00:00,255.9700012,255.9700012,256.3399048,255.7799988,256.0899963,89117
2023-12-28 20:30:00+00:00,256.0299988,256.0299988,256.230011,255.6799927,255.8999939,138217
2023-12-29 14:30:00+00:00,256.1691895,256.1691895,257.1799927,253.6600037,254.8300018,261473
2023-12-29 15:30:00+00:00,252.5200043,252.5200043,256.230011,252.5200043,256.1400146,242854
2023-12-29 16:30:00+00:00,253.1499939,253.1499939,254.1000061,251.8800049,252.6499939,299674
2023-12-29 17:30:00+00:00,255.5800018,255.5800018,255.8312073,253.0899963,253.0998993,313649
2023-12-29 18:30:00+00:00,255.9299927,255.9299927,256.2687988,255.5050049,255.5099945,143891
2023-12-29 19:30:00+00:00,255.5500031,255.5500031,256.3699951,255.4783936,255.9900055,171156
2023-12-29 20:30:00+00:00,255.2799988,255.2799988,255.5200043,254.7599945,255.5200043,218169
2024-01-02 14:30:00+00:00,245.8699951,245.8699951,252.2899933,245.5500031,249.6100006,1341060
2024-01-02 15:30:00+00:00,247.2140961,247.2140961,247.4700012,243.0299988,245.8200073,584104
2024-01-02 16:30:00+00:00,247.0041962,247.0041962,247.5,246.1649933,247.2250061,310154
2024-01-02 17:30:00+00:00,246.8699951,246.8699951,247.4499969,246.0899963,246.9349976,182758
2024-01-02 18:30:00+00:00,246.0046997,246.0046997,247.1799927,244.6260071,246.9598999,250433
2024-01-02 19:30:00+00:00,244.8650055,244.8650055,246.1300049,244.4499969,246.0317993,319661
2024-01-02 20:30:00+00:00,246.8899994,246.8899994,246.9700012,244.8399963,244.8650055,406670
2024-01-03 14:30:00+00:00,247.1049957,247.1049957,247.7400055,240.3200073,240.3399963,755040
2024-01-03 15:30:00+00:00,245.4100037,245.4100037,248.8309937,245.3099976,247.1499939,561878
2024-01-03 16:30:00+00:00,243.8450012,243.8450012,245.5500031,243.5099945,245.3899994,338076
2024-01-03 17:30:00+00:00,243.9199982,243.9199982,244.5599976,243.25,243.75,327230
2024-01-03 18:30:00+00:00,244.0399933,244.0399933,244.4400024,242.6549988,243.9100037,219630
2024-01-03 19:30:00+00:00,243.5399933,243.5399933,244.2200012,243.1699982,244.1199951,208656
2024-01-03 20:30:00+00:00,244.3699951,244.3699951,244.3899994,243.1900024,243.5700073,396747
2024-01-04 14:30:00+00:00,246.1300049,246.1300049,247.3500061,243.6399994,246,462929
2024-01-04 15:30:00+00:00,246.2299957,246.2299957,247.6100006,245.920105,246.1799927,336024
2024-01-04 16:30:00+00:00,245.8899994,245.8899994,246.8200073,245.0621033,246.1900024,248836
2024-01-04 17:30:00+00:00,246.0099945,246.0099945,246.3300018,245.3249969,245.8899994,139929
2024-01-04 18:30:00+00:00,246.0648041,246.0648041,246.6900024,245.8699951,246.0500031,160792
2024-01-04 19:30:00+00:00,245.7799988,245.7799988,246.7400055,245.5216064,245.9149933,193492
2024-01-04 20:30:00+00:00,245.6499939,245.6499939,245.9649963,245.2200012,245.8049927,350506
2024-01-05 14:30:00+00:00,247.3699951,247.3699951,247.9600067,244.6499939,245,410835
2024-01-05 15:30:00+00:00,247.7200012,247.7200012,248.5904999,247.2799988,247.4266968,263543
2024-01-05 16:30:00+00:00,248.0899963,248.0899963,248.5399933,247.3249969,247.8699951,228117
2024-01-05 17:30:00+00:00,248.3029022,248.3029022,248.8999939,247.5399933,248.2100067,227743
2024-01-05 18:30:00+00:00,249.0700073,249.0700073,249.4799957,248.2440033,248.2440033,255582
2024-01-05 19:30:00+00:00,247.3000031,247.3000031,249.1100006,247.0500031,249.0700073,217120
2024-01-05 20:30:00+00:00,247.5,247.5,248.3300018,246.7781982,247.3200073,426884
2024-01-08 14:30:00+00:00,258.8200073,258.8200073,258.8599854,251.5599976,251.8999939,1055394
2024-01-08 15:30:00+00:00,257.2999878,257.2999878,259.0899963,256.6928101,258.8800049,410045
2024-01-08 16:30:00+00:00,259.1700134,259.1700134,259.2600098,256.8299866,257.3500061,291872
2024-01-08 17:30:00+00:00,261.1799927,261.1799927,261.4400024,259.1700134,259.230011,531845
2024-01-08 18:30:00+00:00,260.5950012,260.5950012,261.5,259.8900146,261.230011,316506
2024-01-08 19:30:00+00:00,261.269989,261.269989,261.4249878,260.4500122,260.6000061,387702
2024-01-08 20:30:00+00:00,261.2799988,261.2799988,261.6387939,260.5899963,261.2749939,553212
2024-01-09 14:30:00+00:00,274,274,275.4500122,264.9899902,265.6950073,2343296
2024-01-09 15:30:00+00:00,273.9299927,273.9299927,275.3999939,272.1253967,274.1099854,812440
2024-01-09 16:30:00+00:00,275.144989,275.144989,275.6099854,272.8099976,273.9500122,543212
2024-01-09 17:30:00+00:00,276.0487061,276.0487061,276.5599976,274.8699951,275.1101074,416881
2024-01-09 18:30:00+00:00,275.9200134,275.9200134,276.3399963,274.8205872,276,418458
2024-01-09 19:30:00+00:00,273.8200989,273.8200989,276.019989,273.3900146,275.9200134,579481
2024-01-09 20:30:00+00:00,273.8599854,273.8599854,273.9700012,272.8999939,273.8674927,593233
2024-01-10 14:30:00+00:00,279.1163025,279.1163025,279.5799866,274.8699951,274.8699951,1197091
2024-01-10 15:30:00+00:00,280.2325134,280.2325134,281,278.7799988,279.1749878,836176
2024-01-10 16:30:00+00:00,280.3723145,280.3723145,280.9899902,279.6300049,280.2399902,477535
2024-01-10 17:30:00+00:00,281.019989,281.019989,281.3599854,280.0599976,280.4349976,433889
2024-01-10 18:30:00+00:00,281.5899963,281.5899963,282.0849915,280.769989,281.0499878,471058
2024-01-10 19:30:00+00:00,281.4500122,281.4500122,282.3150024,280.8399963,281.519989,468074
2024-01-10 20:30:00+00:00,282.0100098,282.0100098,282.1499939,280.8158875,281.4400024,581033
2024-01-11 14:30:00+00:00,282.9949951,282.9949951,287.7600098,281.5,284,1163999
2024-01-11 15:30:00+00:00,281.8200073,281.8200073,283.9100037,281.3017883,283.0636902,504179
2024-01-11 16:30:00+00:00,280.6700134,280.6700134,283,280.6000061,281.7399902,302930
2024-01-11 17:30:00+00:00,283.5,283.5,283.7399902,280.3500977,280.6600037,287484
2024-01-11 18:30:00+00:00,284.9100037,284.9100037,285.0799866,282.8500977,283.4200134,234904
2024-01-11 19:30:00+00:00,284.8299866,284.8299866,285.7449951,284.1650085,284.9150085,391428
2024-01-11 20:30:00+00:00,284.4100037,284.4100037,285.0050049,283.9700012,284.980011,336641
2024-01-12 14:30:00+00:00,284.769989,284.769989,290.3299866,283.2999878,287,859290
2024-01-12 15:30:00+00:00,284.3341064,284.3341064,285.8299866,283.1000061,284.7950134,381935
2024-01-12 16:30:00+00:00,283.7575073,283.7575073,284.9299927,283.2099915,284.2900085,229658
2024-01-12 17:30:00+00:00,282.8346863,282.8346863,283.8099976,282.5100098,283.7550049,221043
2024-01-12 18:30:00+00:00,283.7099915,283.7099915,284.1000061,282.8301086,282.8699951,191522
2024-01-12 19:30:00+00:00,283.75,283.75,284.4498901,283.4100037,283.7399902,220216
2024-01-12 20:30:00+00:00,283.3399963,283.3399963,284.1749878,283.2399902,283.6400146,304586
2024-01-16 14:30:00+00:00,286.1849976,286.1849976,286.4599915,279.1799927,280.9999084,871605
2024-01-16 15:30:00+00:00,285.8399963,285.8399963,287.2000122,283.9154053,286.144989,425275
2024-01-16 16:30:00+00:00,285.25,285.25,286.7250061,284.1900024,285.855011,202813
2024-01-16 17:30:00+00:00,285.4899902,285.4899902,286.6499939,284.6000061,285.25,317386
2024-01-16 18:30:00+00:00,284.7099915,284.7099915,286.1099854,284.25,285.4700012,165314
2024-01-16 19:30:00+00:00,284.9825134,284.9825134,285.3500061,284.5599976,284.8450012,196383
2024-01-16 20:30:00+00:00,286.25,286.25,286.5,284.8800964,285.1000061,347308
2024-01-17 14:30:00+00:00,274.0799866,274.0799866,283.230011,273.0400085,279.5400085,1380034
2024-01-17 15:30:00+00:00,275.5400085,275.5400085,276.0174866,272.7986145,274,786396
2024-01-17 16:30:00+00:00,274.6184082,274.6184082,276,274.4410095,275.6149902,368703
2024-01-17 17:30:00+00:00,273.9400024,273.9400024,275.7499084,273.5400085,274.6149902,313336
2024-01-17 18:30:00+00:00,275.8287964,275.8287964,275.8999939,273.4200134,273.8999939,372605
2024-01-17 19:30:00+00:00,275.4786072,275.4786072,277.1199951,275.3399963,275.769989,355899
2024-01-17 20:30:00+00:00,276.2799988,276.2799988,276.4899902,275.3599854,275.3901062,580201
2024-01-18 14:30:00+00:00,282.0524902,282.0524902,284.4602051,279.1697998,281.6700134,763466
2024-01-18 15:30:00+00:00,283.2200012,283.2200012,283.3500061,280.25,281.9299927,350313
2024-01-18 16:30:00+00:00,280.8500061,280.8500061,283.8499146,279.7099915,283.2399902,303571
2024-01-18 17:30:00+00:00,280.3599854,280.3599854,281.6300049,279.8500061,280.9500122,183432
2024-01-18 18:30:00+00:00,283.0400085,283.0400085,283.1199951,280.269989,280.3500061,192917
2024-01-18 19:30:00+00:00,283.3299866,283.3299866,284.3699951,282.7000122,283.0549927,353743
2024-01-18 20:30:00+00:00,283.2999878,283.2999878,283.9299927,282.9500122,283.3200073,351894
2024-01-19 14:30:00+00:00,286,286,287.2550964,283.7999878,285,568796
2024-01-19 15:30:00+00:00,285.3078918,285.3078918,286.6000061,285.1000061,285.9400024,392384
2024-01-19 16:30:00+00:00,284.6650085,284.6650085,285.5917969,284.0100098,285.3364868,196587
2024-01-19 17:30:00+00:00,286.170105,286.170105,286.5899963,284.5650024,284.6824951,273900
2024-01-19 18:30:00+00:00,288.519989,288.519989,288.9500122,286.1900024,286.2250061,322628
2024-01-19 19:30:00+00:00,289.7099915,289.7099915,289.8999939,287.7999878,288.5499878,348531
2024-01-19 20:30:00+00:00,290.6000061,290.6000061,290.8500061,289.2999878,289.6400146,540617
2024-01-22 14:30:00+00:00,296.6099854,296.6099854,302,295.4700928,300.480011,1393187
2024-01-22 15:30:00+00:00,299.1600037,299.1600037,299.230011,295.3699951,296.5499878,511742
2024-01-22 16:30:00+00:00,299.4599915,299.4599915,300.3299866,297.7900085,299.2399902,454976
2024-01-22 17:30:00+00:00,296.0700073,296.0700073,299.6400146,296,299.3752136,305476
2024-01-22 18:30:00+00:00,297.8699951,297.8699951,298.1149902,295.9700012,296.131012,255012
2024-01-22 19:30:00+00:00,299.2049866,299.2049866,299.2471924,297.5700989,297.8900146,293206
2024-01-22 20:30:00+00:00,298.7600098,298.7600098,299.3999939,298.1499939,299.2600098,559353
2024-01-23 14:30:00+00:00,293.5599976,293.5599976,299.7000122,291.7049866,298.1700134,826937
2024-01-23 15:30:00+00:00,292.9020081,292.9020081,295.1300049,292.6000061,293.6149902,322748
2024-01-23 16:30:00+00:00,294.0299988,294.0299988,294.0899963,292.5,292.9500122,198465
2024-01-23 17:30:00+00:00,295.8850098,295.8850098,296.0899963,293.5599976,293.9670105,225991
2024-01-23 18:30:00+00:00,296.2900085,296.2900085,296.8500061,294.7900085,295.8900146,209324
2024-01-23 19:30:00+00:00,297.0799866,297.0799866,297.3999939,295.769989,295.9500122,433812
2024-01-23 20:30:00+00:00,297.1799927,297.1799927,297.5599976,296.4899902,297.0599976,325107
2024-01-24 14:30:00+00:00,303.3800049,303.3800049,303.9700012,298.5400085,300.5799866,1056600
2024-01-24 15:30:00+00:00,305.4400024,305.4400024,306,303.019989,303.3900146,579291
2024-01-24 16:30:00+00:00,306.4849854,306.4849854,306.9500122,304.9299927,305.4180908,364332
2024-01-24 17:30:00+00:00,304.9500122,304.9500122,307.5499878,303.8745117,306.5599976,370221
2024-01-24 18:30:00+00:00,302.125,302.125,305.1000061,301.8599854,304.9899902,278681
2024-01-24 19:30:00+00:00,300.4299927,300.4299927,303.2900085,300.3599854,302.1600037,327898
2024-01-24 20:30:00+00:00,300.3500061,300.3500061,301.0150146,299.4200134,300.4299927,628798
2024-01-25 14:30:00+00:00,300.5700073,300.5700073,306.2999878,298.1300049,305.6099854,870715
2024-01-25 15:30:00+00:00,299.3800049,299.3800049,301.3200073,298.6000061,300.9100037,597223
2024-01-25 16:30:00+00:00,296.0400085,296.0400085,299.3800049,295.4899902,299.3800049,492321
2024-01-25 17:30:00+00:00,293.5650024,293.5650024,296.3399048,293.3299866,296.0549927,454059
2024-01-25 18:30:00+00:00,292.1044922,292.1044922,294.8399963,290.7900085,293.4500122,472414
2024-01-25 19:30:00+00:00,293.5,293.5,294.9198914,291.6499939,292.144989,317080
2024-01-25 20:30:00+00:00,293.4400024,293.4400024,294.1700134,292.6700134,293.4974976,427626
2024-01-26 14:30:00+00:00,291.9200134,291.9200134,293.2000122,286.75,290.4899902,842278
2024-01-26 15:30:00+00:00,292.8850098,292.8850098,293.4111023,291.6400146,292.019989,346296
2024-01-26 16:30:00+00:00,292.4599915,292.4599915,293.7499084,291.3599854,292.8299866,216820
2024-01-26 17:30:00+00:00,291.6499939,291.6499939,292.3900146,290.3999939,292.3900146,286900
2024-01-26 18:30:00+00:00,291.1199951,291.1199951,291.8500061,290.3500061,291.6000061,190244
2024-01-26 19:30:00+00:00,290.2200012,290.2200012,291.6900024,290.0100098,291.1900024,281755
2024-01-26 20:30:00+00:00,290.3099976,290.3099976,290.6400146,289.8800049,290.1600037,446904
2024-01-29 14:30:00+00:00,298.5975037,298.5975037,299.6300049,293.75,294,783540
2024-01-29 15:30:00+00:00,295.7922058,295.7922058,298.8699951,294.7600098,298.5899963,353875
2024-01-29 16:30:00+00:00,297.7449951,297.7449951,298.1749878,295.6900024,295.75,256116
2024-01-29 17:30:00+00:00,296.1000061,296.1000061,297.855011,296.0100098,297.6499939,183756
2024-01-29 18:30:00+00:00,297.9899902,297.9899902,298.0100098,294.75,296.0899963,280514
2024-01-29 19:30:00+00:00,299.7000122,299.7000122,299.8900146,297.7200012,297.9750061,365143
2024-01-29 20:30:00+00:00,300.6700134,300.6700134,300.7000122,299.2099915,299.8717041,387340
2024-01-30 14:30:00+00:00,301.4899902,301.4899902,302.6149902,298.4899902,301,588898
2024-01-30 15:30:00+00:00,300.1950073,300.1950073,302.0599976,299.8100891,301.5899963,216547
2024-01-30 16:30:00+00:00,299.0299988,299.0299988,300.8299866,298.8999939,300.2900085,190254
2024-01-30 17:30:00+00:00,299.6700134,299.6700134,299.8800049,298.3999939,298.9599915,161526
2024-01-30 18:30:00+00:00,299.8500061,299.8500061,300.3099976,298.7399902,299.7550049,159788
2024-01-30 19:30:00+00:00,300.8500061,300.8500061,300.9700012,299.1499939,299.7799988,234270
2024-01-30 20:30:00+00:00,301.2399902,301.2399902,301.480011,299.9100037,300.7900085,320508
2024-01-31 14:30:00+00:00,293.5249939,293.5249939,300.1149902,293.3250122,298,442098
2024-01-31 15:30:00+00:00,293.6099854,293.6099854,294.9367981,290.8900146,293.7099915,408927
2024-01-31 16:30:00+00:00,295.6075134,295.6075134,295.6799927,293.2015991,293.6900024,226247
2024-01-31 17:30:00+00:00,296.5100098,296.5100098,297.6400146,294.9700928,295.730011,133187
2024-01-31 18:30:00+00:00,294.5404053,294.5404053,296.5859985,294.1000977,296.5791931,155216
2024-01-31 19:30:00+00:00,294.8973083,294.8973083,298.954895,293.1000061,294.625,323733
2024-01-31 20:30:00+00:00,292.5100098,292.5100098,295.0299988,291.8599854,295.019989,438576
2024-02-01 14:30:00+00:00,298.4549866,298.4549866,298.6098938,294.1700134,296.2000122,381945
2024-02-01 15:30:00+00:00,294.480011,294.480011,298.8800049,294.3900146,298.4450073,234022
2024-02-01 16:30:00+00:00,294.8500061,294.8500061,296.5499878,294.6199951,294.6499939,160464
2024-02-01 17:30:00+00:00,296.7600098,296.7600098,296.7898865,294.7399902,294.8649902,157240
2024-02-01 18:30:00+00:00,298.3598938,298.3598938,298.3598938,296.0599976,296.8299866,125547
2024-02-01 19:30:00+00:00,299.5018921,299.5018921,299.5588074,297.8800964,298.1989136,229985
2024-02-01 20:30:00+00:00,299.0799866,299.0799866,299.8999939,298.0899963,299.5599976,383367
2024-02-02 14:30:00+00:00,301.9599915,301.9599915,303.4898987,296.7099915,299.75,559869
2024-02-02 15:30:00+00:00,303.0400085,303.0400085,303.2399902,299.0513,301.7799988,297339
2024-02-02 16:30:00+00:00,304.6799927,304.6799927,304.6799927,303,303.269989,249146
2024-02-02 17:30:00+00:00,302.9100037,302.9100037,305.2099915,302.1801147,304.7399902,216648
2024-02-02 18:30:00+00:00,302.6900024,302.6900024,304.0400085,302.1210938,302.8299866,134646
2024-02-02 19:30:00+00:00,303.894989,303.894989,303.9599915,302.3099976,302.769989,180045
2024-02-02 20:30:00+00:00,303.5799866,303.5799866,304.7499084,303.1900024,303.9400024,324985
2024-02-05 14:30:00+00:00,298.5549927,298.5549927,307.7658997,297.25,305,744842
2024-02-05 15:30:00+00:00,299.0599976,299.0599976,299.5700073,295.5700073,298.6614075,295142
2024-02-05 16:30:00+00:00,301.3399963,301.3399963,301.480011,299.1099854,299.125,211730
2024-02-05 17:30:00+00:00,301.5,301.5,302.6099854,301.3099976,301.5100098,194568
2024-02-05 18:30:00+00:00,301.7650146,301.7650146,301.8800049,299.708313,301.4849854,192074
2024-02-05 19:30:00+00:00,302.637085,302.637085,302.9849854,301.2200928,301.7650146,218241
2024-02-05 20:30:00+00:00,302.4899902,302.4899902,303.7099915,302.4649963,302.6350098,283961
2024-02-06 14:30:00+00:00,301.5,301.5,307.769989,300.6199951,305.3699951,454416
2024-02-06 15:30:00+00:00,301.3999939,301.3999939,302.3999939,300.3699951,301.3900146,197483
2024-02-06 16:30:00+00:00,297.519989,297.519989,301.8399963,295.3099976,301.4249878,322501
2024-02-06 17:30:00+00:00,300.0050049,300.0050049,300.0050049,296.4100037,297.5700073,178761
2024-02-06 18:30:00+00:00,298.6799927,298.6799927,300.1300049,297.6000061,300.0599976,147485
2024-02-06 19:30:00+00:00,301.8496094,301.8496094,302.2406921,298.7000122,298.7999878,175639
2024-02-06 20:30:00+00:00,302.0299988,302.0299988,302.644989,300.8099976,301.8299866,260296
2024-02-07 14:30:00+00:00,318.8819885,318.8819885,318.9500122,306.7099915,307.730011,1350030
2024-02-07 15:30:00+00:00,318.8299866,318.8299866,321.0700073,317.5389099,319.0700073,599627
2024-02-07 16:30:00+00:00,317.4299927,317.4299927,320.5299072,316.7999878,319,395904
2024-02-07 17:30:00+00:00,319.2349854,319.2349854,319.2349854,315.9299927,317.5150146,286872
2024-02-07 18:30:00+00:00,319.7900085,319.7900085,320,317.8399963,319.3399963,290158
2024-02-07 19:30:00+00:00,318.730011,318.730011,320.4299927,318.5100098,319.9299927,340608
2024-02-07 20:30:00+00:00,317.769989,317.769989,319.5799866,317.769989,318.7799988,466009
2024-02-08 14:30:00+00:00,320.9450073,320.9450073,322.2099915,314.0296021,316.7099915,692095
2024-02-08 15:30:00+00:00,322.1099854,322.1099854,323.1199951,320.519989,321.355011,298567
2024-02-08 16:30:00+00:00,322.6101074,322.6101074,323.9289856,321.7200928,322.3150024,251048
2024-02-08 17:30:00+00:00,323.0100098,323.0100098,323.480011,321.5599976,322.730011,272083
2024-02-08 18:30:00+00:00,323.2399902,323.2399902,323.7149963,322.4599915,323.2000122,244763
2024-02-08 19:30:00+00:00,322.6549988,322.6549988,323.2900085,322.1499939,323.1000061,267125
2024-02-08 20:30:00+00:00,323.1600037,323.1600037,323.3099976,322.0700073,322.7200012,333226
2024-02-09 14:30:00+00:00,335.5700073,335.5700073,336.9899902,326.4299927,330,1356912
2024-02-09 15:30:00+00:00,331.2789001,331.2789001,336.25,329.7001038,335.5700073,758939
2024-02-09 16:30:00+00:00,332.2124939,332.2124939,333.5289001,330.519989,331.2900085,297216
2024-02-09 17:30:00+00:00,329.975708,329.975708,332.4898987,329.6199951,332.2099915,270054
2024-02-09 18:30:00+00:00,331.3699951,331.3699951,331.7600098,328.9899902,330,275475
2024-02-09 19:30:00+00:00,330.2770996,330.2770996,332.7399902,330.1000061,331.3299866,269173
2024-02-09 20:30:00+00:00,329.519989,329.519989,331.1099854,329.2799988,330.2600098,448719
2024-02-12 14:30:00+00:00,325.6650085,325.6650085,330.667511,322.0100098,329.7000122,895819
2024-02-12 15:30:00+00:00,326.1700134,326.1700134,327.7000122,325.5,325.7998962,473275
2024-02-12 16:30:00+00:00,325.25,325.25,327.3699951,324.269989,326.1700134,414421
2024-02-12 17:30:00+00:00,323.75,323.75,327,323.3599854,325.2099915,296480
2024-02-12 18:30:00+00:00,322.230011,322.230011,324,320.7701111,323.6033936,414668
2024-02-12 19:30:00+00:00,321.4500122,321.4500122,322.9450073,320.6300049,322.1199951,353658
2024-02-12 20:30:00+00:00,321.2900085,321.2900085,322.4899902,321.2399902,321.3301086,329351
2024-02-13 14:30:00+00:00,323.3525085,323.3525085,324.9899902,302,307.5400085,1793752
2024-02-13 15:30:00+00:00,324,324,326.3399048,322.0635986,323.2749939,687455
2024-02-13 16:30:00+00:00,322.519989,322.519989,326.25,321.7099915,323.9899902,432856
2024-02-13 17:30:00+00:00,323.1700134,323.1700134,324.2099915,320.9455872,322.6300049,285764
2024-02-13 18:30:00+00:00,321.8500061,321.8500061,323.9500122,320.730011,323.0750122,347871
2024-02-13 19:30:00+00:00,319.9700012,319.9700012,323.3299866,319.2999878,321.9500122,369438
2024-02-13 20:30:00+00:00,322.519989,322.519989,322.8099976,320.0599976,320.0700073,395022
2024-02-14 14:30:00+00:00,333.1000061,333.1000061,333.6499939,326.5599976,327.7600098,727323
2024-02-14 15:30:00+00:00,330.5799866,330.5799866,333.9898987,328.3399963,333.2399902,309305
2024-02-14 16:30:00+00:00,332.1000061,332.1000061,332.1799927,329.5400085,330.6900024,178292
2024-02-14 17:30:00+00:00,332.1149902,332.1149902,333.3049927,331.6799927,332.1000061,236240
2024-02-14 18:30:00+00:00,332.1119995,332.1119995,333.6000061,331.4899902,332.2399902,196236
2024-02-14 19:30:00+00:00,332.7999878,332.7999878,333.3599854,331.6000061,332.1081848,186371
2024-02-14 20:30:00+00:00,334.7489929,334.7489929,334.8999939,332.2999878,332.9187012,361920
2024-02-15 14:30:00+00:00,327.8700867,327.8700867,338.4530945,327.1199951,337.5,985560
2024-02-15 15:30:00+00:00,329.5549927,329.5549927,330.9498901,327.1127014,328.1600037,430025
2024-02-15 16:30:00+00:00,332.0799866,332.0799866,332.6270142,329.0672913,329.5549927,263418
2024-02-15 17:30:00+00:00,331.3599854,331.3599854,333.0650024,330.6799927,332.230011,237777
2024-02-15 18:30:00+00:00,330.8099976,330.8099976,331.9700012,330.420105,331.4100037,197488
2024-02-15 19:30:00+00:00,330.8019104,330.8019104,331.4400024,330.0100098,330.8175049,201257
2024-02-15 20:30:00+00:00,331.4349976,331.4349976,332,330.2000122,330.7999878,348683
2024-02-16 14:30:00+00:00,328.3599854,328.3599854,332.3699951,325.1300964,331.7900085,529435
2024-02-16 15:30:00+00:00,330.2749939,330.2749939,331.1319885,327.0779114,328.519989,231306
2024-02-16 16:30:00+00:00,331.1099854,331.1099854,331.5403137,329.6243896,330.3900146,170025
2024-02-16 17:30:00+00:00,330.3599854,330.3599854,331.6900024,329.0657043,331.2999878,206872
2024-02-16 18:30:00+00:00,330.9500122,330.9500122,332,329.9400024,330.2999878,174704
2024-02-16 19:30:00+00:00,329.9916077,329.9916077,331.0899963,328.7099915,331.0499878,186531
2024-02-16 20:30:00+00:00,329.2999878,329.2999878,330.1600037,328.7589111,329.9500122,307923
2024-02-20 14:30:00+00:00,316.504303,316.504303,327,315.8500061,327,1002628
2024-02-20 15:30:00+00:00,321.7449951,321.7449951,322.3699036,315.0700073,316.4200134,447135
2024-02-20 16:30:00+00:00,317.5,317.5,321.6600037,316.7600098,321.6600037,382781
2024-02-20 17:30:00+00:00,319.8764954,319.8764954,321.1700134,316.3299866,317.3999939,480572
2024-02-20 18:30:00+00:00,321.9784851,321.9784851,321.9784851,319.2901001,320,379036
2024-02-20 19:30:00+00:00,322.2200012,322.2200012,322.6499939,321.1700134,321.9750061,223933
2024-02-20 20:30:00+00:00,323.7749939,323.7749939,324.3699951,321,322.1300049,453526
2024-02-21 14:30:00+00:00,290.1799927,290.1799927,292.9299927,273.1600037,283.0299988,3948282
2024-02-21 15:30:00+00:00,290.2200928,290.2200928,294.598999,288.1700134,290.2000122,1227125
2024-02-21 16:30:00+00:00,290.7799988,290.7799988,293.230011,288.480011,290.2200012,773481
2024-02-21 17:30:00+00:00,291.5899963,291.5899963,293.9400024,290.4299927,290.7749939,591197
2024-02-21 18:30:00+00:00,289.5599976,289.5599976,293.3800049,289.3599854,291.6000061,503957
2024-02-21 19:30:00+00:00,289.7950134,289.7950134,291,288.1400146,289.5599976,692835
2024-02-21 20:30:00+00:00,292.2600098,292.2600098,293.3962097,289.4100952,289.7950134,713381
2024-02-22 14:30:00+00:00,306.6069946,306.6069946,307.3900146,297,302,1657961
2024-02-22 15:30:00+00:00,307.8999939,307.8999939,309.75,305.2099915,306.6400146,732613
2024-02-22 16:30:00+00:00,311.1499939,311.1499939,311.1600037,308.0150146,308.0150146,394645
2024-02-22 17:30:00+00:00,310.9599915,310.9599915,313.6599121,310.8800049,311.0126038,415056
2024-02-22 18:30:00+00:00,312.269989,312.269989,312.4379883,310.1300049,310.9899902,301195
2024-02-22 19:30:00+00:00,310.6799927,310.6799927,312.269989,310.019989,312.1900024,351972
2024-02-22 20:30:00+00:00,310.8999939,310.8999939,312.3800049,310.4100037,310.769989,670723
2024-02-23 14:30:00+00:00,312.0300903,312.0300903,317,311.5700989,313.7799988,800861
2024-02-23 15:30:00+00:00,311.1400146,311.1400146,312.3699036,308.5799866,312,489785
2024-02-23 16:30:00+00:00,314.3059998,314.3059998,314.7799988,310.519989,311.0400085,276122
2024-02-23 17:30:00+00:00,315.3200073,315.3200073,316.019989,313.4899902,314.3189087,249003
2024-02-23 18:30:00+00:00,314.6300049,314.6300049,316.4299927,314.1799927,315.1600037,219489
2024-02-23 19:30:00+00:00,312.0235901,312.0235901,315.5,311.8299866,314.6700134,180103
2024-02-23 20:30:00+00:00,311.3800049,311.3800049,313.4400024,311.2999878,312.0899963,484697
2024-02-26 14:30:00+00:00,319.0849915,319.0849915,320.5,309.4899902,313.1600037,868267
2024-02-26 15:30:00+00:00,319.9150085,319.9150085,322.134491,318.4154053,319.1799927,626870
2024-02-26 16:30:00+00:00,322.7692871,322.7692871,323.2999878,319.730011,319.9750061,321241
2024-02-26 17:30:00+00:00,321.0700073,321.0700073,323.2998962,321,322.7875061,333312
2024-02-26 18:30:00+00:00,322.7179871,322.7179871,323.2900085,320.5599976,321.2467041,315768
2024-02-26 19:30:00+00:00,321.6499939,321.6499939,323.3138123,321.519989,322.7900085,295485
2024-02-26 20:30:00+00:00,320.8599854,320.8599854,322.1700134,320.4200134,321.730011,460210
2024-02-27 14:30:00+00:00,326.5,326.5,329.0899963,321.7999878,325,908982
2024-02-27 15:30:00+00:00,324.5799866,324.5799866,326.9299927,323.5299988,326.6799927,393789
2024-02-27 16:30:00+00:00,323.3399963,323.3399963,325.9899902,323.2900085,324.4400024,214644
2024-02-27 17:30:00+00:00,321.7099915,321.7099915,323.3500061,320.7099915,323.3500061,214568
2024-02-27 18:30:00+00:00,322.8450012,322.8450012,323.5765076,321.4700012,321.769989,250831
2024-02-27 19:30:00+00:00,322.8200073,322.8200073,323.2799988,321.4500122,322.9964905,256611
2024-02-27 20:30:00+00:00,321.0100098,321.0100098,322.9899902,320.980011,322.769989,356407
2024-02-28 14:30:00+00:00,315.0400085,315.0400085,319,314.5499878,318.8599854,553836
2024-02-28 15:30:00+00:00,319.1499939,319.1499939,319.8599854,315.019989,315.0899963,275033
2024-02-28 16:30:00+00:00,319.2900085,319.2900085,320.3349915,318.8601074,319.3099976,236027
2024-02-28 17:30:00+00:00,320.4790955,320.4790955,321.2999878,318.25,319.2940063,241229
2024-02-28 18:30:00+00:00,320.3656921,320.3656921,321.2099915,319.6109924,320.6799927,161451
2024-02-28 19:30:00+00:00,321.4500122,321.4500122,321.6900024,319.5,320.3999939,178757
2024-02-28 20:30:00+00:00,320.9100037,320.9100037,321.3850098,320.0100098,321.269989,210659
2024-02-29 14:30:00+00:00,324.7200012,324.7200012,328.8800049,323.3500061,325.0849915,757143
2024-02-29 15:30:00+00:00,322.9200134,322.9200134,328.0050049,322.7099915,324.9100037,388668
2024-02-29 16:30:00+00:00,324.2033997,324.2033997,324.6000061,321.0700073,322.6900024,250383
2024-02-29 17:30:00+00:00,324.7000122,324.7000122,326.1278992,323.8099976,324.3900146,238887
2024-02-29 18:30:00+00:00,324.5299988,324.5299988,325.1300049,323.2900085,324.5899963,205966
2024-02-29 19:30:00+00:00,324.1400146,324.1400146,325.0700073,323.3500061,324.5700073,299531
2024-02-29 20:30:00+00:00,324.0299988,324.0299988,325.4200134,322.7600098,324.1650085,558897
2024-03-01 14:30:00+00:00,311.9299927,311.9299927,317.9750061,309.1200867,316.4700012,1478379
2024-03-01 15:30:00+00:00,312,312,313.2200012,311,311.9599915,1331671
2024-03-01 16:30:00+00:00,314.7049866,314.7049866,315.9299927,311.0499878,312.1499939,733870
2024-03-01 17:30:00+00:00,314.75,314.75,315.730011,313.0024109,314.8099976,454405
2024-03-01 18:30:00+00:00,314.6099854,314.6099854,316,314.0499878,314.6700134,479241
2024-03-01 19:30:00+00:00,315.2399902,315.2399902,315.8099976,313.0299988,314.5100098,512488
2024-03-01 20:30:00+00:00,314.6099854,314.6099854,315.3237,314.0799866,315.2399902,614155
2024-03-04 14:30:00+00:00,314.7806091,314.7806091,317.1398926,311.2900085,315.6492004,1338516
2024-03-04 15:30:00+00:00,315.4700012,315.4700012,316.8599854,314.0947876,314.9649963,0
2024-03-04 16:30:00+00:00,316.0917053,316.0917053,316.3999939,313.8900146,315.5400085,306561
2024-03-04 17:30:00+00:00,315.6099854,315.6099854,316.3800049,314.8200073,316.230011,297174
2024-03-04 18:30:00+00:00,314.5340881,314.5340881,315.7999878,313.9599915,315.5400085,333347
2024-03-04 19:30:00+00:00,315.0700073,315.0700073,315.6199951,314.1600037,314.519989,306613
2024-03-04 20:30:00+00:00,313.7000122,313.7000122,315.3599854,313,315.144989,1767817
2024-03-05 14:30:00+00:00,294.3399963,294.3399963,306.25,293.6099854,306.25,2440871
2024-03-05 15:30:00+00:00,294.2965088,294.2965088,294.6099854,291.5499878,294.2099915,1121934
2024-03-05 16:30:00+00:00,293.1950073,293.1950073,294.4898987,292.0201111,293.5263977,0
2024-03-05 17:30:00+00:00,291.7677917,291.7677917,293.6299133,291.4100037,293.5499878,511563
2024-03-05 18:30:00+00:00,290.6199951,290.6199951,292.5400085,290.2001038,291.7250061,500803
2024-03-05 19:30:00+00:00,292.75,292.75,293.6000061,289.7999878,290.6700134,876144
2024-03-05 20:30:00+00:00,297.8420105,297.8420105,298.3988037,292.6199951,292.6600037,3797296
2024-03-06 14:30:00+00:00,343.9899902,343.9899902,357.4949951,342.0400085,352,8839751
2024-03-06 15:30:00+00:00,330.6000061,330.6000061,345.5499878,329.3900146,343.8800049,0
2024-03-06 16:30:00+00:00,337.1319885,337.1319885,337.1799927,328.7999878,330.5249939,2338516
2024-03-06 17:30:00+00:00,333.8900146,333.8900146,338.6499939,332.8200073,337.0299988,1057939
2024-03-06 18:30:00+00:00,330.9725037,330.9725037,334.9899902,327.3500061,333.8900146,1404985
2024-03-06 19:30:00+00:00,326.6000061,326.6000061,332.4899902,325.3999939,331.1000061,1036392
2024-03-06 20:30:00+00:00,329.7000122,329.7000122,329.8800049,324.0100098,326.6700134,8017949
2024-03-07 14:30:00+00:00,325.730011,325.730011,331,315.2099915,329.75,3586183
2024-03-07 15:30:00+00:00,321.1099854,321.1099854,326.0931091,320.75,325.8699951,1012372
2024-03-07 16:30:00+00:00,319.7999878,319.7999878,322.4668884,318.7600098,320.9802856,874666
2024-03-07 17:30:00+00:00,322.6091003,322.6091003,323,318.0299988,319.75,823498
2024-03-07 18:30:00+00:00,327.9263916,327.9263916,328.5,322.3100891,322.5,1066964
2024-03-07 19:30:00+00:00,329.8850098,329.8850098,330.0499878,326.2000122,327.8955994,902627
2024-03-07 20:30:00+00:00,329.9100037,329.9100037,331.8500061,329.170105,329.8880005,863911
2024-03-08 14:30:00+00:00,339.8099976,339.8099976,341.7399902,328.1000061,331,1875192
2024-03-08 15:30:00+00:00,324.5,324.5,340.3699951,324.1099854,339.7999878,1377668
2024-03-08 16:30:00+00:00,326,326,326.75,322.8399963,324.5150146,709384
2024-03-08 17:30:00+00:00,324.006012,324.006012,327.75,323.5100098,326.1499939,382758
2024-03-08 18:30:00+00:00,326.2099915,326.2099915,326.3699951,322.4100037,323.8500061,370913
2024-03-08 19:30:00+00:00,323.6749878,323.6749878,327.4899902,323.5000916,326.2149963,427707
2024-03-08 20:30:00+00:00,322.8399963,322.8399963,324.2399902,322.6199951,323.5499878,535166
2024-03-11 13:30:00+00:00,317.6199951,317.6199951,323.5,316.2701111,320,906823
2024-03-11 14:30:00+00:00,316.769989,316.769989,320.730011,316,317.7600098,432711
2024-03-11 15:30:00+00:00,317.5499878,317.5499878,319.7200012,316.394989,316.7399902,401951
2024-03-11 16:30:00+00:00,318.3963013,318.3963013,318.5100098,316.4599915,317.6900024,220717
2024-03-11 17:30:00+00:00,319.9135132,319.9135132,320.8900146,316.7601013,318.3800049,309784
2024-03-11 18:30:00+00:00,316.6724854,316.6724854,320.3399963,316.5209045,319.9100037,304627
2024-03-11 19:30:00+00:00,317.2600098,317.2600098,317.7349854,316.5209961,316.7049866,424385
2024-03-12 13:30:00+00:00,326.7000122,326.7000122,327.4999084,317.3699951,318.6099854,988688
2024-03-12 14:30:00+00:00,331.3699951,331.3699951,331.8367004,326.8150024,326.9200134,780675
2024-03-12 15:30:00+00:00,331.8634033,331.8634033,333.8099976,329.4299927,331.2099915,564552
2024-03-12 16:30:00+00:00,330.6650085,330.6650085,332.3399963,328.8299866,332.1698914,407696
2024-03-12 17:30:00+00:00,329.7850037,329.7850037,331.0899963,328.3800049,330.8599854,292611
2024-03-12 18:30:00+00:00,329.1700134,329.1700134,329.9700012,328.7000122,329.8599854,290289
2024-03-12 19:30:00+00:00,329.3200073,329.3200073,330.1879883,328.5799866,329.144989,413928
2024-03-13 13:30:00+00:00,328.8099976,328.8099976,329.9400024,325.5,329.730011,585728
2024-03-13 14:30:00+00:00,331.5,331.5,332.2749939,328.7399902,328.7600098,370006
2024-03-13 15:30:00+00:00,329.5899963,329.5899963,332.3999939,329.4899902,331.4700012,290277
2024-03-13 16:30:00+00:00,331.5599976,331.5599976,332.2998962,328.7401123,329.6199951,214349
2024-03-13 17:30:00+00:00,334.1588135,334.1588135,334.5,331.2200928,331.7000122,266816
2024-03-13 18:30:00+00:00,331.4299927,331.4299927,334.8250122,330.7701111,334.3200073,276738
2024-03-13 19:30:00+00:00,332.1700134,332.1700134,332.3099976,330.8200073,331.3599854,360042
2024-03-14 13:30:00+00:00,331.1400146,331.1400146,337.7799988,328.6300049,333,776701
2024-03-14 14:30:00+00:00,329.5,329.5,332.3070068,328.7000122,331.0899963,320263
2024-03-14 15:30:00+00:00,327.6799927,327.6799927,330.730011,327.3999939,329.5599976,344286
2024-03-14 16:30:00+00:00,328.5820007,328.5820007,328.980011,325.4750061,327.8500061,323506
2024-03-14 17:30:00+00:00,329.5899963,329.5899963,329.859314,327.3200073,328.4200134,233251
2024-03-14 18:30:00+00:00,326.4899902,326.4899902,329.8898926,325.5299988,329.6400146,264786
2024-03-14 19:30:00+00:00,328.7900085,328.7900085,328.8099976,325.5100098,326.5799866,312790
2024-03-15 13:30:00+00:00,321.25,321.25,327.3900146,318.2999878,325.5799866,743813
2024-03-15 14:30:00+00:00,320.5899963,320.5899963,323.6700134,319.4500122,321.269989,209499
2024-03-15 15:30:00+00:00,317.2500916,317.2500916,321.1600037,316.2000122,320.4700012,289217
2024-03-15 16:30:00+00:00,318.7160034,318.7160034,318.9299927,316.2999878,317.1499939,206460
2024-03-15 17:30:00+00:00,317.4400024,317.4400024,318.9200134,317.2900085,318.7399902,155983
2024-03-15 18:30:00+00:00,318.0499878,318.0499878,318.6697998,316.9100037,317.4100037,221581
2024-03-15 19:30:00+00:00,315.6400146,315.6400146,318.2799988,315.6000061,318.0100098,1456401
2024-03-18 13:30:00+00:00,319.006012,319.006012,321.3599854,315.8999939,319,690735
2024-03-18 14:30:00+00:00,317.7999878,317.7999878,319.4400024,316.7850037,319.1799927,313506
2024-03-18 15:30:00+00:00,317.6300049,317.6300049,318.8786011,316.3900146,317.8699951,234099
2024-03-18 16:30:00+00:00,318.6300049,318.6300049,318.7049866,315.9700012,317.5,202919
2024-03-18 17:30:00+00:00,319.5400085,319.5400085,319.6619873,318.3099976,318.6300049,224024
2024-03-18 18:30:00+00:00,322.1499939,322.1499939,322.3699951,319,319.5299988,342525
2024-03-18 19:30:00+00:00,321.0690002,321.0690002,322.2799988,319.9500122,322.0799866,364743
2024-03-19 13:30:00+00:00,311.9899902,311.9899902,318.6185913,310.2200012,318.1499939,723569
2024-03-19 14:30:00+00:00,312.5,312.5,313.6698914,311.4200134,312.3099976,294143
2024-03-19 15:30:00+00:00,315.3099976,315.3099976,316,312.4100952,312.4100952,329845
2024-03-19 16:30:00+00:00,317.1099854,317.1099854,318.5141907,315.3399963,315.4100037,380037
2024-03-19 17:30:00+00:00,320.6400146,320.6400146,320.894989,316.7799988,317.1650085,248364
2024-03-19 18:30:00+00:00,319.9549866,319.9549866,321.480011,319.0799866,320.480011,298209
2024-03-19 19:30:00+00:00,320.8599854,320.8599854,321.3250122,319.3601074,319.8200073,308811
2024-03-20 13:30:00+00:00,322.6549988,322.6549988,323.1029968,318.0625,321.5,343379
2024-03-20 14:30:00+00:00,321.7200012,321.7200012,323.2799988,319.8200073,322.6460876,258302
2024-03-20 15:30:00+00:00,322.2200012,322.2200012,322.7322083,321.269989,321.9649963,132593
2024-03-20 16:30:00+00:00,323.6900024,323.6900024,324.480011,321.1000061,321.8599854,182273
2024-03-20 17:30:00+00:00,326.2384033,326.2384033,327,323.0799866,323.6849976,321110
2024-03-20 18:30:00+00:00,327.6799927,327.6799927,328.4700012,324.0899963,326.3099976,408974
2024-03-20 19:30:00+00:00,326.8699951,326.8699951,328.25,325.8399963,327.75,367498
2024-03-21 13:30:00+00:00,331.1958008,331.1958008,333.230011,322.0499878,325.8900146,1484662
2024-03-21 14:30:00+00:00,330.3800049,330.3800049,332.1199036,329.3599854,331.3200073,342551
2024-03-21 15:30:00+00:00,330.7200012,330.7200012,332.3200073,329.8699951,330.1900024,265422
2024-03-21 16:30:00+00:00,331.9400024,331.9400024,332.3999939,329.6300049,330.6400146,222087
2024-03-21 17:30:00+00:00,329.7850037,329.7850037,332.2399902,328.0499878,331.5499878,208280
2024-03-21 18:30:00+00:00,328.4700012,328.4700012,329.9623108,328.0401001,329.7000122,212041
2024-03-21 19:30:00+00:00,329.3200073,329.3200073,329.6799011,328.1700134,328.4809875,281710
2024-03-22 13:30:00+00:00,320.8999939,320.8999939,328.3450012,319.5499878,327.6000061,765642
2024-03-22 14:30:00+00:00,323.2200012,323.2200012,323.9798889,319.7999878,320.9100037,403657
2024-03-22 15:30:00+00:00,323.894989,323.894989,324.8500061,322.6500854,323.3150024,195818
2024-03-22 16:30:00+00:00,325.4699097,325.4699097,326.019989,323.3699951,323.7950134,150882
2024-03-22 17:30:00+00:00,327.0350037,327.0350037,327.0549927,325.3749084,325.5,191032
2024-03-22 18:30:00+00:00,326.8099976,326.8099976,327.519989,325.4301147,326.9400024,321987
2024-03-22 19:30:00+00:00,327.4500122,327.4500122,327.6900024,326.4899902,326.7900085,269204
2024-03-25 13:30:00+00:00,327.7449951,327.7449951,329.25,321,326,531643
2024-03-25 14:30:00+00:00,325.0499878,325.0499878,328.5700073,325.0499878,327.7399902,221700
2024-03-25 15:30:00+00:00,324.6799927,324.6799927,326.25,323.8699951,325.1000061,220957
2024-03-25 16:30:00+00:00,326,326,326.5799866,324.5201111,324.8500061,158105
2024-03-25 17:30:00+00:00,326.7000122,326.7000122,327.1700134,325.4400024,326.1369019,108699
2024-03-25 18:30:00+00:00,326.0299988,326.0299988,327.2398987,325.7000122,326.6156921,117285
2024-03-25 19:30:00+00:00,324.5899963,324.5899963,326.4299927,324.5799866,326.1350098,242599
2024-03-26 13:30:00+00:00,325.2160034,325.2160034,329.769989,324.7900085,326,520170
2024-03-26 14:30:00+00:00,326.1900024,326.1900024,326.8234863,323.8599854,325,212069
2024-03-26 15:30:00+00:00,328.3699951,328.3699951,328.9400024,325.769989,325.9700928,171726
2024-03-26 16:30:00+00:00,328.5650024,328.5650024,329.230011,328.0899963,328.723999,168014
2024-03-26 17:30:00+00:00,332.1400146,332.1400146,332.5,328.5400085,328.8099976,455734
2024-03-26 18:30:00+00:00,329.9899902,329.9899902,332.4400024,329.7900085,332.144989,324824
2024-03-26 19:30:00+00:00,329.9500122,329.9500122,330.4899902,328.7485962,330.0763855,304777
2024-03-27 13:30:00+00:00,321.3599854,321.3599854,333.8399963,317.6099854,333.3399963,1241418
2024-03-27 14:30:00+00:00,322.1700134,322.1700134,322.8500061,320,321.5,335195
2024-03-27 15:30:00+00:00,324.2799988,324.2799988,324.4299927,321.7200012,322.0599976,223141
2024-03-27 16:30:00+00:00,323.2496948,323.2496948,324.5950012,322.730011,324.394989,229985
2024-03-27 17:30:00+00:00,324.1149902,324.1149902,324.4649963,322.6149902,323.1099854,195568
2024-03-27 18:30:00+00:00,321.7898865,321.7898865,324.332489,320.9000854,324.2600098,222836
2024-03-27 19:30:00+00:00,322.0299988,322.0299988,323,321.6700134,321.8299866,340543
2024-03-28 13:30:00+00:00,325.7999878,325.7999878,327.6499939,321.75,322.5,413298
2024-03-28 14:30:00+00:00,324.7799988,324.7799988,327.1000061,323.6499939,325.6900024,251741
2024-03-28 15:30:00+00:00,323.5899963,323.5899963,325.1499023,322.6499939,324.9849854,153388
2024-03-28 16:30:00+00:00,321.1199951,321.1199951,323.5899963,320.769989,323.519989,204755
2024-03-28 17:30:00+00:00,320.7999878,320.7999878,321.7499084,320.4200134,321,177091
2024-03-28 18:30:00+00:00,321.1650085,321.1650085,322.3399963,319.9400024,320.7049866,226753
2024-03-28 19:30:00+00:00,320.6000061,320.6000061,321.4881897,320.3450012,321.1000061,326947
2024-04-01 13:30:00+00:00,317.7652893,317.7652893,321.9899902,313.7200012,321,626224
2024-04-01 14:30:00+00:00,318.5499878,318.5499878,319.8500061,317.3699951,317.6499939,161455
2024-04-01 15:30:00+00:00,318.2200012,318.2200012,318.5100098,316.9500122,318.5100098,154153
2024-04-01 16:30:00+00:00,319.0100098,319.0100098,320.4599915,318.1400146,318.2000122,177665
2024-04-01 17:30:00+00:00,318.5499878,318.5499878,319.6000061,318.1987915,319.1600037,124516
2024-04-01 18:30:00+00:00,319.6372986,319.6372986,319.7099915,318.4049988,318.7200012,158401
2024-04-01 19:30:00+00:00,319.5599976,319.5599976,319.8280029,318.5299988,319.5299988,206383
2024-04-02 13:30:00+00:00,313.2738953,313.2738953,314.5400085,311,312.0799866,611880
2024-04-02 14:30:00+00:00,315.2210083,315.2210083,315.4599915,311.9599915,313.2860107,273166
2024-04-02 15:30:00+00:00,316.6300049,316.6300049,316.6300049,314.8500061,315.2999878,186048
2024-04-02 16:30:00+00:00,317.8250122,317.8250122,318.3735962,316.3887939,316.4299927,143984
2024-04-02 17:30:00+00:00,317.5450134,317.5450134,318.0299988,317.1000061,317.6849976,120264
2024-04-02 18:30:00+00:00,318.625,318.625,318.9656982,317.3301086,317.5650024,166816
2024-04-02 19:30:00+00:00,319.5400085,319.5400085,319.7000122,318.5799866,318.8099976,266664
2024-04-03 13:30:00+00:00,321.6373901,321.6373901,321.8399963,314.480011,316.5700073,484975
2024-04-03 14:30:00+00:00,321.9150085,321.9150085,323.5499878,321.2662048,321.4317932,284566
2024-04-03 15:30:00+00:00,321.1600037,321.1600037,322.1900024,320.3800049,322.1900024,171335
2024-04-03 16:30:00+00:00,320.1000061,320.1000061,321.6600037,319.7600098,321.0400085,155312
2024-04-03 17:30:00+00:00,320.5499878,320.5499878,321.3500061,319.9706116,320.1394958,137825
2024-04-03 18:30:00+00:00,318.5899963,318.5899963,320.9599915,318.0599976,320.480011,180288
2024-04-03 19:30:00+00:00,320.0190125,320.0190125,320.2000122,318.394989,318.5549927,270184
2024-04-04 13:30:00+00:00,321.6499939,321.6499939,325.9899902,320.1499939,324,471884
2024-04-04 14:30:00+00:00,320.6849976,320.6849976,322.1300049,319.7200012,321.8399963,178616
2024-04-04 15:30:00+00:00,322.6000061,322.6000061,322.7099915,320.6099854,320.8099976,217344
2024-04-04 16:30:00+00:00,320.1350098,320.1350098,322.9200134,320.1199951,322.5401001,193342
2024-04-04 17:30:00+00:00,315.3900146,315.3900146,320.6499939,315.2399902,320.1350098,217633
2024-04-04 18:30:00+00:00,309.6499939,309.6499939,315.3200073,309.618988,315.306488,462819
2024-04-04 19:30:00+00:00,309.0499878,309.0499878,311.2999878,308.8800049,309.625,533952
2024-04-05 13:30:00+00:00,314.1253967,314.1253967,316.4299927,309.3299866,310.5,450563
2024-04-05 14:30:00+00:00,315.2749939,315.2749939,316.1998901,313.5599976,313.8500061,202670
2024-04-05 15:30:00+00:00,316.0299988,316.0299988,316.7538147,314.7347107,315.1400146,185912
2024-04-05 16:30:00+00:00,316.4500122,316.4500122,317.4819946,315.7900085,316.1520081,167064
2024-04-05 17:30:00+00:00,314.6400146,314.6400146,316.8900146,314.6400146,316.3500061,178020
2024-04-05 18:30:00+00:00,315.1000061,315.1000061,315.6749878,314.6749878,314.8500061,153490
2024-04-05 19:30:00+00:00,315.5,315.5,315.7900085,314.5299988,315.0499878,241365
2024-04-08 13:30:00+00:00,313.644989,313.644989,316.5499878,309.5,315.5549927,416560
2024-04-08 14:30:00+00:00,313.6149902,313.6149902,314.6199951,312.4400024,314.1499939,181544
2024-04-08 15:30:00+00:00,312.5599976,312.5599976,313.7799988,311.5549927,313.4700012,130190
2024-04-08 16:30:00+00:00,312.7900085,312.7900085,313.1350098,312.4899902,312.6749878,87529
2024-04-08 17:30:00+00:00,313.1799927,313.1799927,313.7969971,312.3500061,312.8200073,91760
2024-04-08 18:30:00+00:00,312.1749878,312.1749878,313.1799927,311.6877136,313.1799927,166251
2024-04-08 19:30:00+00:00,313.6199951,313.6199951,313.8999939,312.1499939,312.1499939,200472
2024-04-09 13:30:00+00:00,310.3765869,310.3765869,316,310.0400085,315,383678
2024-04-09 14:30:00+00:00,309.7449951,309.7449951,311.3900146,309.2600098,310.2600098,299639
2024-04-09 15:30:00+00:00,311.5484009,311.5484009,312.1199951,308.6300049,309.7470093,231290
2024-04-09 16:30:00+00:00,311.4200134,311.4200134,311.9500122,310.3500061,311.5700073,130202
2024-04-09 17:30:00+00:00,310.2900085,310.2900085,311.6499939,309.6364136,311.3500061,156519
2024-04-09 18:30:00+00:00,310.7099915,310.7099915,310.8999939,309.1799927,310.2900085,188191
2024-04-09 19:30:00+00:00,310.769989,310.769989,311.3200073,309.1799927,310.8497009,299719
2024-04-10 13:30:00+00:00,312.9849854,312.9849854,315.0809937,305.3399963,306.2999878,765843
2024-04-10 14:30:00+00:00,312.1350098,312.1350098,313.980011,310.8200073,312.6099854,199812
2024-04-10 15:30:00+00:00,312.2099915,312.2099915,312.3900146,310.9500122,312.1350098,159815
2024-04-10 16:30:00+00:00,311.9299927,311.9299927,312.9043884,310.7905884,312.0899963,145642
2024-04-10 17:30:00+00:00,311.1099854,311.1099854,312.2600098,310.2999878,311.9400024,95741
2024-04-10 18:30:00+00:00,311.6950073,311.6950073,312.3399963,310.4400024,311.1849976,139420
2024-04-10 19:30:00+00:00,312.5400085,312.5400085,312.6400146,310.6499939,311.7200012,194760
2024-04-11 13:30:00+00:00,312.4899902,312.4899902,314.5799866,310.1350098,313.5400085,238856
2024-04-11 14:30:00+00:00,312.4299927,312.4299927,313.1499023,311.0401001,312.1400146,159452
2024-04-11 15:30:00+00:00,312.4200134,312.4200134,313.480011,312.0350037,312.3367004,228694
2024-04-11 16:30:00+00:00,314.4349976,314.4349976,314.8862915,311.5700073,312.6900024,206219
2024-04-11 17:30:00+00:00,317.0350037,317.0350037,317.1900024,313.9630127,314.4899902,277120
2024-04-11 18:30:00+00:00,316.7420044,316.7420044,317.5899963,316.3999939,317.269989,243674
2024-04-11 19:30:00+00:00,317.6600037,317.6600037,317.9049988,316.4700012,316.6868896,249986
2024-04-12 13:30:00+00:00,311.5335999,311.5335999,314.680603,310.2799988,314.0050049,375995
2024-04-12 14:30:00+00:00,310.2099915,310.2099915,312.0047913,308.6650085,311.4849854,257325
2024-04-12 15:30:00+00:00,309.5696106,309.5696106,311.5144958,309.25,310.2749939,210300
2024-04-12 16:30:00+00:00,308.0100098,308.0100098,309.8099976,307.75,309.6799927,170841
2024-04-12 17:30:00+00:00,308.6199951,308.6199951,308.9899902,307,307.980011,153219
2024-04-12 18:30:00+00:00,308.0799866,308.0799866,308.8999939,307.0700073,308.5,279483
2024-04-12 19:30:00+00:00,309.0599976,309.0599976,309.0899963,307.1600037,308.1400146,467518
2024-04-15 13:30:00+00:00,308.0899963,308.0899963,311.9999084,307.3599854,310,462534
2024-04-15 14:30:00+00:00,306.8049927,306.8049927,308.519989,306.1000061,307.9400024,316039
2024-04-15 15:30:00+00:00,305.5,305.5,308.4100037,305.3919983,306.6900024,178358
2024-04-15 16:30:00+00:00,301.5,301.5,305.5299988,301.5,305.5299988,272593
2024-04-15 17:30:00+00:00,300.3500061,300.3500061,301.5,299.3399963,301.5,380293
2024-04-15 18:30:00+00:00,298.5799866,298.5799866,300.9798889,298.4100037,300.3399963,267601
2024-04-15 19:30:00+00:00,299.5,299.5,299.875,298.3900146,298.5899963,336840
2024-04-16 13:30:00+00:00,299.9700012,299.9700012,301.2799988,296.7999878,296.7999878,452697
2024-04-16 14:30:00+00:00,300.9200134,300.9200134,301.6499939,299.0799866,299.8248901,205725
2024-04-16 15:30:00+00:00,299.6099854,299.6099854,301.6065979,299.3790894,300.5700073,143351
2024-04-16 16:30:00+00:00,299.0499878,299.0499878,300.6799927,298.9100037,299.6275024,132655
2024-04-16 17:30:00+00:00,298.2799988,298.2799988,300.7099915,297.3800049,299.1387939,171839
2024-04-16 18:30:00+00:00,298.1499939,298.1499939,299.9198914,297.7799988,298.6300049,172001
2024-04-16 19:30:00+00:00,299.2099915,299.2099915,299.769989,297.6799927,298.0899963,315703
2024-04-17 13:30:00+00:00,297.9500122,297.9500122,304.7999878,296.3999939,304.7999878,454599
2024-04-17 14:30:00+00:00,294.8351135,294.8351135,298.1499939,294.480011,297.9299927,286905
2024-04-17 15:30:00+00:00,293.1099854,293.1099854,295.230011,292.519989,294.6499939,352143
2024-04-17 16:30:00+00:00,293.9100037,293.9100037,294.6400146,291.7099915,292.9700012,261870
2024-04-17 17:30:00+00:00,294.9100037,294.9100037,295.7399902,293.9500122,293.980011,170718
2024-04-17 18:30:00+00:00,293.8599854,293.8599854,297.2900085,293.6600952,295.0249939,207395
2024-04-17 19:30:00+00:00,293.5799866,293.5799866,294.5799866,293.2149963,293.7900085,315657
2024-04-18 13:30:00+00:00,292.2799988,292.2799988,293.6799927,290.1799927,293,475627
2024-04-18 14:30:00+00:00,295.1199951,295.1199951,295.7496033,292.3299866,292.3900146,305931
2024-04-18 15:30:00+00:00,297.2799988,297.2799988,297.4500122,294.9100037,295.3204956,164831
2024-04-18 16:30:00+00:00,294.6900024,294.6900024,297.4957886,294.0100098,297.4150085,287915
2024-04-18 17:30:00+00:00,294.3349915,294.3349915,295.1400146,293.0599976,294.6964111,266873
2024-04-18 18:30:00+00:00,293.9899902,293.9899902,294.7799988,293.2799988,294.4500122,147611
2024-04-18 19:30:00+00:00,294.1000061,294.1000061,294.5580139,293.0249939,294.2070923,259505
2024-04-19 13:30:00+00:00,284.2200012,284.2200012,292.730011,283.769989,291.9500122,804104
2024-04-19 14:30:00+00:00,284.7549133,284.7549133,287.2741089,284.2200012,284.2200012,370928
2024-04-19 15:30:00+00:00,282.8275146,282.8275146,285.4599915,282.5187073,284.814209,323196
2024-04-19 16:30:00+00:00,284.1700134,284.1700134,285.4899902,281.9700012,282.769989,242306
2024-04-19 17:30:00+00:00,282.7449951,282.7449951,285.3099976,282.7449951,284.2200012,201840
2024-04-19 18:30:00+00:00,283.0499878,283.0499878,283.829895,280.8800049,282.6499939,363100
2024-04-19 19:30:00+00:00,282.6499939,282.6499939,283.4599915,280.980011,283.1600037,416470
2024-04-22 13:30:00+00:00,281.8334045,281.8334045,287.8200073,281.5299988,285.5436096,505442
2024-04-22 14:30:00+00:00,282.9100037,282.9100037,283.6300049,281.3999939,282.0400085,338674
2024-04-22 15:30:00+00:00,286.6549988,286.6549988,287.5,283.0499878,283.0899963,217451
2024-04-22 16:30:00+00:00,288.1749878,288.1749878,288.480011,286.2000122,286.5299988,147295
2024-04-22 17:30:00+00:00,290.4899902,290.4899902,290.9700012,288.0799866,288.2749939,269452
2024-04-22 18:30:00+00:00,289.7282104,289.7282104,291.230011,289.3100891,290.5100098,199436
2024-04-22 19:30:00+00:00,289.25,289.25,289.6600037,288.1300049,289.6099854,290574
2024-04-23 13:30:00+00:00,298.3200073,298.3200073,298.769989,292.2099915,292.5,528326
2024-04-23 14:30:00+00:00,299.1600037,299.1600037,300.4899902,297.4599915,298.3875122,351840
2024-04-23 15:30:00+00:00,299.9700012,299.9700012,300.25,298.2799988,299.2149963,210359
2024-04-23 16:30:00+00:00,300.9899902,300.9899902,301,298.6900024,300.0549927,256261
2024-04-23 17:30:00+00:00,302.3399963,302.3399963,302.4599915,300.5799866,300.8826904,230850
2024-04-23 18:30:00+00:00,301.1650085,301.1650085,302.8031921,301.1099854,302.4899902,228015
2024-04-23 19:30:00+00:00,299.6300049,299.6300049,301.519989,299,300.980011,431984
2024-04-24 13:30:00+00:00,299.8999939,299.8999939,304.8200073,299.7600098,303.6000061,389396
2024-04-24 14:30:00+00:00,297.8999939,297.8999939,301.4500122,297.5849915,300.0100098,189817
2024-04-24 15:30:00+00:00,296.7550049,296.7550049,298.4931946,294.75,297.9049988,216252
2024-04-24 16:30:00+00:00,298.8049927,298.8049927,298.8099976,295.6149902,296.5799866,126382
2024-04-24 17:30:00+00:00,298.105011,298.105011,299.4899902,297.7099915,298.6749878,177260
2024-04-24 18:30:00+00:00,298.3349915,298.3349915,298.9599915,297.1099854,298.0750122,130390
2024-04-24 19:30:00+00:00,297.6499939,297.6499939,298.9500122,297.5,298.3200073,212675
2024-04-25 13:30:00+00:00,292.940094,292.940094,294.7999878,287.9100037,289.1684875,542366
2024-04-25 14:30:00+00:00,293.5718994,293.5718994,293.6099854,291.3399963,292.9700012,202669
2024-04-25 15:30:00+00:00,294.3150024,294.3150024,294.9100037,292.6499939,293.5499878,158328
2024-04-25 16:30:00+00:00,297.8900146,297.8900146,297.8900146,294.0799866,294.4200134,150577
2024-04-25 17:30:00+00:00,298.1474915,298.1474915,299.7749939,297.7799988,297.8200073,179398
2024-04-25 18:30:00+00:00,298.5899963,298.5899963,298.8599854,297.4299927,298.1517944,186003
2024-04-25 19:30:00+00:00,298.019989,298.019989,298.6499939,296.9599915,298.5911865,222967
2024-04-26 13:30:00+00:00,303.8699951,303.8699951,305.7799988,298.2701111,300.4400024,407825
2024-04-26 14:30:00+00:00,303.5700073,303.5700073,305.4100037,302.9949951,303.7999878,213752
2024-04-26 15:30:00+00:00,302.0700989,302.0700989,303.8299866,301.9899902,303.4899902,173573
2024-04-26 16:30:00+00:00,303.8200073,303.8200073,304.1400146,302.0799866,302.0799866,156766
2024-04-26 17:30:00+00:00,303.3200073,303.3200073,304.8900146,302.8299866,303.8450012,135510
2024-04-26 18:30:00+00:00,303.7799988,303.7799988,303.8900146,302.0801086,303.2900085,155706
2024-04-26 19:30:00+00:00,304.230011,304.230011,304.5100098,303.1849976,303.7200012,276036
2024-04-29 13:30:00+00:00,308.2449951,308.2449951,313.8624878,304.8399963,312,712058
2024-04-29 14:30:00+00:00,306.4100037,306.4100037,309.0400085,305.2901001,308.3599854,190860
2024-04-29 15:30:00+00:00,306.4750061,306.4750061,307.3200073,304.8310852,306.0650024,130772
2024-04-29 16:30:00+00:00,305.2999878,305.2999878,306.6799927,304.1799927,306.6799927,160503
2024-04-29 17:30:00+00:00,304.1000061,304.1000061,305.3999939,304.1000061,305.2999878,128937
2024-04-29 18:30:00+00:00,302.6950073,302.6950073,304.0950012,302.0499878,304.0700073,192668
2024-04-29 19:30:00+00:00,304,304,304.5310974,302.6900024,302.7600098,191814
2024-04-30 13:30:00+00:00,299.5899963,299.5899963,303.0650024,299.4992065,302,328703
2024-04-30 14:30:00+00:00,297.2419128,297.2419128,299.7000122,296.8349915,299.5299988,243229
2024-04-30 15:30:00+00:00,298.0599976,298.0599976,298.8399963,296.0100098,297.2499084,191399
2024-04-30 16:30:00+00:00,294.980011,294.980011,297.980011,294.1000061,297.980011,251194
2024-04-30 17:30:00+00:00,294.9599915,294.9599915,296.8500061,294.6700134,295.1400146,150748
2024-04-30 18:30:00+00:00,295.1199951,295.1199951,295.769989,294,294.9899902,145784
2024-04-30 19:30:00+00:00,292.3299866,292.3299866,295.25,292.3299866,295.1900024,365401
2024-05-01 13:30:00+00:00,290.230011,290.230011,293,288.5499878,290.4400024,392167
2024-05-01 14:30:00+00:00,292.4332886,292.4332886,293.9949951,289.9649963,290.269989,213932
2024-05-01 15:30:00+00:00,293.7999878,293.7999878,293.9200134,291.230011,292.5903015,127670
2024-05-01 16:30:00+00:00,294.5499878,294.5499878,294.7650146,292.9450073,293.730011,159378
2024-05-01 17:30:00+00:00,297.9099121,297.9099121,297.9099121,294.6099854,294.6199951,216164
2024-05-01 18:30:00+00:00,299.6499939,299.6499939,302.3999939,294.6099854,297.6400146,417420
2024-05-01 19:30:00+00:00,295.4700012,295.4700012,299.5899963,294.8850098,299.5899963,397774
2024-05-02 13:30:00+00:00,303.5100098,303.5100098,306.769989,298.0429993,303.8699951,766551
2024-05-02 14:30:00+00:00,305.980011,305.980011,307.9349976,303.2099915,303.2900085,505793
2024-05-02 15:30:00+00:00,305.9700012,305.9700012,306.8244934,304.5385132,305.9500122,312030
2024-05-02 16:30:00+00:00,305.3500061,305.3500061,306.9200134,304.0499878,305.9150085,345540
2024-05-02 17:30:00+00:00,302.5700073,302.5700073,305.4599915,301.8399963,305.4500122,305878
2024-05-02 18:30:00+00:00,304.1900024,304.1900024,305.1400146,302.2900085,302.3125916,394419
2024-05-02 19:30:00+00:00,303.7000122,303.7000122,304.4400024,302.6199951,304.1300049,500400
2024-05-03 13:30:00+00:00,305.8200073,305.8200073,308.5,300,304.7600098,885495
2024-05-03 14:30:00+00:00,304.0499878,304.0499878,306.3900146,302.5100098,305.9599915,372633
2024-05-03 15:30:00+00:00,306.5599976,306.5599976,306.9500122,304.3800049,304.3800049,372383
2024-05-03 16:30:00+00:00,308.2850037,308.2850037,308.6849976,306.5556946,306.5556946,399596
2024-05-03 17:30:00+00:00,309.2200012,309.2200012,309.6700134,307.6600037,308.2799988,284004
2024-05-03 18:30:00+00:00,310.3710022,310.3710022,311.5499878,309.0799866,309.2000122,586431
2024-05-03 19:30:00+00:00,310.2099915,310.2099915,310.7900085,309.4500122,310.3900146,649751
2024-05-06 13:30:00+00:00,314.7399902,314.7399902,314.9899902,304.2999878,307.3699951,876118
2024-05-06 14:30:00+00:00,313.6499939,313.6499939,315.2600098,310.2099915,314.8500061,372200
2024-05-06 15:30:00+00:00,313.8788147,313.8788147,315.5599976,313.4400024,313.7250061,213359
2024-05-06 16:30:00+00:00,315.1849976,315.1849976,315.8999939,313.9899902,313.9899902,205881
2024-05-06 17:30:00+00:00,316.1567993,316.1567993,316.5,315.0700073,315.3200073,221118
2024-05-06 18:30:00+00:00,316.5700073,316.5700073,317.6000061,315.5499878,316.119812,293915
2024-05-06 19:30:00+00:00,317.8099976,317.8099976,317.8900146,316.4599915,316.6199951,438159
2024-05-07 13:30:00+00:00,311.9525146,311.9525146,321.4200134,311.6499939,315.9899902,877081
2024-05-07 14:30:00+00:00,313.5400085,313.5400085,315.480011,311.9400024,311.9750061,304518
2024-05-07 15:30:00+00:00,318.2200012,318.2200012,318.7099915,313.3800049,313.4700012,499707
2024-05-07 16:30:00+00:00,318.25,318.25,319.0700073,317.5,318.1199951,223592
2024-05-07 17:30:00+00:00,316.4861145,316.4861145,319.1749878,315.8800964,318.3200073,219425
2024-05-07 18:30:00+00:00,315.3409119,315.3409119,316.8099976,315.269989,316.4949951,210746
2024-05-07 19:30:00+00:00,312.598999,312.598999,316.2799988,312.2600098,315.3200073,473010
2024-05-08 13:30:00+00:00,315.7749939,315.7749939,316.980011,308.5799866,311.8800049,400256
2024-05-08 14:30:00+00:00,317.3825073,317.3825073,317.9200134,315.7550049,315.9500122,310497
2024-05-08 15:30:00+00:00,318.5849915,318.5849915,319.230011,317.0100098,317.4500122,238330
2024-05-08 16:30:00+00:00,316.684906,316.684906,319.0899963,316.1499939,318.6565857,186225
2024-05-08 17:30:00+00:00,314.3999939,314.3999939,317.1300049,314.25,316.5100098,210480
2024-05-08 18:30:00+00:00,313.7999878,313.7999878,314.7799988,311.7900085,314.4400024,305445
2024-05-08 19:30:00+00:00,313.730011,313.730011,314.25,313.1900024,313.7900085,255552
2024-05-09 13:30:00+00:00,314.5549927,314.5549927,316.0899048,309.3800049,313.2999878,439212
2024-05-09 14:30:00+00:00,316.480011,316.480011,317.4530029,314.25,314.8999939,252757
2024-05-09 15:30:00+00:00,314.7049866,314.7049866,316.980011,314,316.6499939,163385
2024-05-09 16:30:00+00:00,315.6499939,315.6499939,315.7799988,313.7000122,314.5599976,154678
2024-05-09 17:30:00+00:00,316.5486145,316.5486145,317.2600098,314.8999939,315.6400146,301502
2024-05-09 18:30:00+00:00,318,318,318.0486145,316.4899902,316.5499878,207522
2024-05-09 19:30:00+00:00,317.980011,317.980011,318.2449951,317.0899963,317.8002014,342708
2024-05-10 13:30:00+00:00,321.0439148,321.0439148,327.4949951,320,320.2940063,978515
2024-05-10 14:30:00+00:00,322.4100037,322.4100037,322.519989,320.1101074,321.0799866,297154
2024-05-10 15:30:00+00:00,323.3200073,323.3200073,323.3522034,321.3465881,322.1300049,231852
2024-05-10 16:30:00+00:00,319.8150024,319.8150024,323.3800049,319.8099976,323.1900024,190666
2024-05-10 17:30:00+00:00,320.4349976,320.4349976,321,318.3900146,319.8299866,238772
2024-05-10 18:30:00+00:00,320.1700134,320.1700134,320.5700073,319.1500854,320.4349976,205695
2024-05-10 19:30:00+00:00,320.7600098,320.7600098,320.9500122,319.8500061,320.1650085,252436
2024-05-13 13:30:00+00:00,318.7409058,318.7409058,323.9899902,317.1199951,323.4100037,396685
2024-05-13 14:30:00+00:00,317.0650024,317.0650024,318.8924866,316.6300049,318.8500061,252628
2024-05-13 15:30:00+00:00,319.1950073,319.1950073,319.2000122,316.9501038,316.9501038,108455
2024-05-13 16:30:00+00:00,320.1499939,320.1499939,320.269989,317.4200134,319.1199951,138369
2024-05-13 17:30:00+00:00,318.4299927,318.4299927,320.1499939,318.1383057,320.1499939,97634
2024-05-13 18:30:00+00:00,318.9150085,318.9150085,319.2600098,317.6300049,318.3999939,141295
2024-05-13 19:30:00+00:00,319.3299866,319.3299866,319.3599854,318.4150085,318.9476929,246150
2024-05-14 13:30:00+00:00,325.0799866,325.0799866,326.4400024,319.1799927,319.2000122,535186
2024-05-14 14:30:00+00:00,325.6239014,325.6239014,325.9200134,322.769989,325.3800049,257284
2024-05-14 15:30:00+00:00,325.1600037,325.1600037,326.8800049,324.5299988,325.5100098,259107
2024-05-14 16:30:00+00:00,326.3099976,326.3099976,326.3299866,324.9599915,325.1099854,138497
2024-05-14 17:30:00+00:00,329.0599976,329.0599976,329.3699951,326.2900085,326.3099976,331342
2024-05-14 18:30:00+00:00,330.4200134,330.4200134,330.7900085,328.6983948,329.1099854,351116
2024-05-14 19:30:00+00:00,329.7099915,329.7099915,330.4500122,329.25,330.4200134,417817
2024-05-15 13:30:00+00:00,337.8399963,337.8399963,337.9299927,330.9299927,332.519989,699743
2024-05-15 14:30:00+00:00,336.644989,336.644989,338.6600037,335.2799988,337.980011,493643
2024-05-15 15:30:00+00:00,339.2901917,339.2901917,339.3900146,336.230011,336.6499939,257912
2024-05-15 16:30:00+00:00,341.230011,341.230011,341.230011,338.5799866,339.2600098,323277
2024-05-15 17:30:00+00:00,341.8399963,341.8399963,342.7900085,340.8200073,341.2977905,370592
2024-05-15 18:30:00+00:00,344.1900024,344.1900024,344.3699951,341.2999878,341.8399963,344198
2024-05-15 19:30:00+00:00,343.1199951,343.1199951,344.3150024,342.8500061,344.1099854,426444
2024-05-16 13:30:00+00:00,341.5600891,341.5600891,344.0799866,340.1499939,343,470674
2024-05-16 14:30:00+00:00,342.6499939,342.6499939,343,341.2200012,341.8349915,239088
2024-05-16 15:30:00+00:00,342.9825134,342.9825134,343.480011,341.5101013,342.6499939,173290
2024-05-16 16:30:00+00:00,341.1350098,341.1350098,343.2698975,340.6000061,342.9200134,200473
2024-05-16 17:30:00+00:00,340.6549988,340.6549988,341.7499084,340.6549988,341.4299927,129694
2024-05-16 18:30:00+00:00,341.1549988,341.1549988,341.9399109,340.4899902,340.6744995,204373
2024-05-16 19:30:00+00:00,339.1000061,339.1000061,341.230011,338.8309937,341.2000122,309821
2024-05-17 13:30:00+00:00,344.5,344.5,344.5799866,338.7099915,340,506844
2024-05-17 14:30:00+00:00,345.2900085,345.2900085,345.3900146,343.2600098,344.5,308548
2024-05-17 15:30:00+00:00,346.1376953,346.1376953,346.2799072,344.5599976,345.3569031,263957
2024-05-17 16:30:00+00:00,344.1579895,344.1579895,346.2000122,343.5801086,346.1075134,184040
2024-05-17 17:30:00+00:00,343.4100037,343.4100037,345.1000061,342.2101135,344.0849915,156009
2024-05-17 18:30:00+00:00,345.2149963,345.2149963,345.5499878,343.2900085,343.3299866,203139
2024-05-17 19:30:00+00:00,346.0350037,346.0350037,346.1900024,345.1000061,345.1799927,255581
2024-05-20 13:30:00+00:00,345.6419067,345.6419067,349.5899963,344.9129944,346,516748
2024-05-20 14:30:00+00:00,345.9500122,345.9500122,346.6900024,344.6643982,345.5849915,242815
2024-05-20 15:30:00+00:00,345.3099976,345.3099976,346.3799133,344.6499939,346.0750122,161010
2024-05-20 16:30:00+00:00,345.5799866,345.5799866,347.230011,345.3327942,345.4798889,146989
2024-05-20 17:30:00+00:00,346.0450134,346.0450134,346.2099915,345,345.6099854,165158
2024-05-20 18:30:00+00:00,347.3099976,347.3099976,347.3699036,346.0299988,346.0299988,185798
2024-05-20 19:30:00+00:00,348.769989,348.769989,348.769989,346.5799866,347.3099976,413574
2024-05-21 13:30:00+00:00,347.980011,347.980011,348.3989868,340.519989,342.6400146,548194
2024-05-21 14:30:00+00:00,348.5650024,348.5650024,349.6199951,348.0400085,348.2000122,214806
2024-05-21 15:30:00+00:00,349.3999939,349.3999939,350.8200073,348.3800049,348.7000122,226579
2024-05-21 16:30:00+00:00,350.3250122,350.3250122,350.3250122,348.5700989,349.3707886,118800
2024-05-21 17:30:00+00:00,349.7449951,349.7449951,351.6499939,349.5,350.1300049,156779
2024-05-21 18:30:00+00:00,348.5799866,348.5799866,349.7600098,348.3450012,349.7000122,198465
2024-05-21 19:30:00+00:00,349.1900024,349.1900024,350,348.480011,348.5025024,255764
2024-05-22 13:30:00+00:00,348.6300049,348.6300049,352.9400024,348.25,350,454493
2024-05-22 14:30:00+00:00,347.0100098,347.0100098,348.8200073,346.1799927,348.75,257697
2024-05-22 15:30:00+00:00,348.0950012,348.0950012,348.6087036,346.8800964,347.243988,127683
2024-05-22 16:30:00+00:00,346.3099976,346.3099976,348.0570984,346.1900024,348.0101013,124985
2024-05-22 17:30:00+00:00,343.0400085,343.0400085,346.321991,343.0400085,346.321991,199973
2024-05-22 18:30:00+00:00,345.4100037,345.4100037,345.5950012,342.8601074,343.1199951,173229
2024-05-22 19:30:00+00:00,345.4500122,345.4500122,346.2974854,344.7500916,345.5700073,202495
2024-05-23 13:30:00+00:00,346.5100098,346.5100098,350,342.3800049,350,428686
2024-05-23 14:30:00+00:00,348.1199951,348.1199951,348.3099976,344.0100098,346.6900024,191162
2024-05-23 15:30:00+00:00,349.2099915,349.2099915,349.3399963,348.4100037,348.6199951,137093
2024-05-23 16:30:00+00:00,348.9299927,348.9299927,349.7398987,347.7900085,349.3250122,132675
2024-05-23 17:30:00+00:00,343.6109009,343.6109009,348.75,343.2500916,348.7349854,225108
2024-05-23 18:30:00+00:00,342.5730896,342.5730896,343.7099915,341.2749939,343.2900085,233713
2024-05-23 19:30:00+00:00,342.1499939,342.1499939,344.0599976,342,342.7999878,249286
2024-05-24 13:30:00+00:00,348.8099976,348.8099976,348.9700012,340.8099976,342.6700134,402308
2024-05-24 14:30:00+00:00,353.5899963,353.5899963,354.6499939,348.6799927,348.9700012,564699
2024-05-24 15:30:00+00:00,355.0400085,355.0400085,355.730011,353.25,353.6546936,376487
2024-05-24 16:30:00+00:00,354.131897,354.131897,355.2000122,353.3999939,355.0499878,297961
2024-05-24 17:30:00+00:00,352.9649963,352.9649963,354.3800049,352.6300964,354.3699951,230007
2024-05-24 18:30:00+00:00,351.9147949,351.9147949,353.1900024,351.375,352.8800049,222221
2024-05-24 19:30:00+00:00,351.480011,351.480011,352.7900085,350.690094,351.9150085,352944
2024-05-28 13:30:00+00:00,349.607605,349.607605,358.8399963,343.3099976,358.8399963,1266810
2024-05-28 14:30:00+00:00,351.3299866,351.3299866,351.6099854,347.1000061,349.3699951,387437
2024-05-28 15:30:00+00:00,348.3599854,348.3599854,351.9700012,348.0899963,351.2349854,274915
2024-05-28 16:30:00+00:00,348.3922119,348.3922119,349.6299133,346.5299988,348.3399963,262200
2024-05-28 17:30:00+00:00,347.7401123,347.7401123,348.6900024,347.4418945,348.5050049,180891
2024-05-28 18:30:00+00:00,347.3705139,347.3705139,347.9549866,346.0307922,347.7672119,273173
2024-05-28 19:30:00+00:00,346.6900024,346.6900024,348.1300049,346.2900085,347.3999939,373253
2024-05-29 13:30:00+00:00,350.75,350.75,352.0799866,341.9599915,342.5,823648
2024-05-29 14:30:00+00:00,352.0050049,352.0050049,353.5400085,351.0336914,351.0899963,341649
2024-05-29 15:30:00+00:00,350.3800049,350.3800049,352.2434998,350.0599976,351.8699951,208006
2024-05-29 16:30:00+00:00,348.5700073,348.5700073,351.8729858,347.8099976,350.519989,223610
2024-05-29 17:30:00+00:00,349.8299866,349.8299866,350.5499878,347.75,348.5599976,176135
2024-05-29 18:30:00+00:00,350.2200012,350.2200012,350.4500122,348.6099854,349.8299866,204586
2024-05-29 19:30:00+00:00,349.3599854,349.3599854,350.6499939,349.2000122,350.0799866,317201
2024-05-30 13:30:00+00:00,330.4299927,330.4299927,346.6300049,328.3500061,346.1499939,1513246
2024-05-30 14:30:00+00:00,328.3045959,328.3045959,330.8800049,325.2850037,330.5499878,727273
2024-05-30 15:30:00+00:00,326.3500061,326.3500061,329,325.8999939,328.2600098,539220
2024-05-30 16:30:00+00:00,322.7600098,322.7600098,326.9700012,322.2399902,326.6900024,644134
2024-05-30 17:30:00+00:00,319.2000122,319.2000122,323.4400024,318.5770874,322.7799988,711600
2024-05-30 18:30:00+00:00,316.5750122,316.5750122,320.1698914,315.6099854,319.2749939,730115
2024-05-30 19:30:00+00:00,315.8399963,315.8399963,317.4100037,314.1300964,316.7399902,906900
2024-05-31 13:30:00+00:00,312.5700073,312.5700073,329.769989,311.5799866,329.7600098,1571888
2024-05-31 14:30:00+00:00,310.4700012,310.4700012,312.8352051,309.4299927,312.480011,626487
2024-05-31 15:30:00+00:00,307.0700073,307.0700073,311.6700134,306.5700073,310.3500061,532138
2024-05-31 16:30:00+00:00,310.1575928,310.1575928,310.3499146,306.5,307.019989,442738
2024-05-31 17:30:00+00:00,309.0398865,309.0398865,310.6799927,308.3599854,310.1882019,303503
2024-05-31 18:30:00+00:00,310.5050049,310.5050049,310.7775879,308.1000061,308.9500122,410485
2024-05-31 19:30:00+00:00,313.6900024,313.6900024,313.9100037,310.019989,310.4100037,662319
2024-06-03 13:30:00+00:00,310.980011,310.980011,319.480011,310.6199951,319.25,953218
2024-06-03 14:30:00+00:00,307.8299866,307.8299866,311.519989,307.8200073,311.0499878,468986
2024-06-03 15:30:00+00:00,307.2550049,307.2550049,309.25,305.4103088,307.9549866,752149
2024-06-03 16:30:00+00:00,306.9299927,306.9299927,307.75,305.1099854,307.1499939,414207
2024-06-03 17:30:00+00:00,306.855011,306.855011,308.124115,306.4700012,306.980011,395842
2024-06-03 18:30:00+00:00,307.6900024,307.6900024,307.7799988,305.7000122,306.8349915,481757
2024-06-03 19:30:00+00:00,308.7049866,308.7049866,308.8999939,307.1350098,307.7600098,547344
2024-06-04 13:30:00+00:00,309.3500061,309.3500061,312.3799133,307,310,1093839
2024-06-04 14:30:00+00:00,306.8023071,306.8023071,310.3299866,306.7999878,309.3850098,694150
2024-06-04 15:30:00+00:00,305.6998901,305.6998901,307.2900085,305.0700073,306.8999939,491204
2024-06-04 16:30:00+00:00,306.5097961,306.5097961,307.1199951,304.7099915,305.5499878,735925
2024-06-04 17:30:00+00:00,307.1149902,307.1149902,307.2298889,305.519989,306.4299927,458620
2024-06-04 18:30:00+00:00,305.8999939,305.8999939,307.332489,303.5050049,307.1149902,1008562
2024-06-04 19:30:00+00:00,305.6499939,305.6499939,306.7149963,305.0799866,305.8599854,1111281
2024-06-05 13:30:00+00:00,324.75,324.75,337.4700012,316.3900146,334.4200134,6476009
2024-06-05 14:30:00+00:00,327.6799927,327.6799927,328.7999878,322.7200012,324.8399963,2102354
2024-06-05 15:30:00+00:00,335.8894958,335.8894958,336.3900146,326.8800049,327.6849976,1847557
2024-06-05 16:30:00+00:00,338.8499146,338.8499146,339.1300049,333.7099915,335.8699951,1372787
2024-06-05 17:30:00+00:00,338.8900146,338.8900146,341.1099854,337.5,338.6849976,1277144
2024-06-05 18:30:00+00:00,339.7875061,339.7875061,340.8699951,337.8699951,338.7099915,1047362
2024-06-05 19:30:00+00:00,342.2799988,342.2799988,342.5899963,339.769989,339.7799988,1474304
2024-06-06 13:30:00+00:00,344.3999939,344.3999939,349.3299866,336.1900024,343,1676217
2024-06-06 14:30:00+00:00,345.9299927,345.9299927,347.7999878,343.8500061,344.1400146,621542
2024-06-06 15:30:00+00:00,344.4400024,344.4400024,345.9339905,342.1799927,345.6300049,553271
2024-06-06 16:30:00+00:00,344.3475952,344.3475952,344.7900085,342.2900085,344.4599915,359598
2024-06-06 17:30:00+00:00,342.9400024,342.9400024,345.2265015,342.0499878,344.3599854,332808
2024-06-06 18:30:00+00:00,343.5286865,343.5286865,344.0299988,342.0700073,342.8800049,298276
2024-06-06 19:30:00+00:00,340.4500122,340.4500122,343.6300049,340.1799927,343.3500061,560746
2024-06-07 13:30:00+00:00,341.3900146,341.3900146,346.3999939,337.1300049,343,1064089
2024-06-07 14:30:00+00:00,342.8599854,342.8599854,346.7499084,341.0799866,341.4200134,531744
2024-06-07 15:30:00+00:00,345.625,345.625,346.2999878,341.7200012,342.8900146,339329
2024-06-07 16:30:00+00:00,346.3771057,346.3771057,346.7999878,344.6499939,345.7900085,290051
2024-06-07 17:30:00+00:00,347,347,348.6499939,344.9400024,346.4299927,471645
2024-06-07 18:30:00+00:00,348.3720093,348.3720093,348.9500122,346.6340942,346.9100037,499917
2024-06-07 19:30:00+00:00,349.0700073,349.0700073,349.9100037,348,348.2799988,758603
2024-06-10 13:30:00+00:00,380.1199951,380.1199951,383.6499939,367.1000061,368,6607615
2024-06-10 14:30:00+00:00,380.1400146,380.1400146,382.9899902,378.3999939,380.1199951,1870473
2024-06-10 15:30:00+00:00,383.4599915,383.4599915,384.980011,379.9500122,380.1700134,1426445
2024-06-10 16:30:00+00:00,380.2000122,380.2000122,383.9599915,380.0599976,383.5700073,965573
2024-06-10 17:30:00+00:00,380.1300049,380.1300049,381.2399902,379.0299988,380.0799866,854341
2024-06-10 18:30:00+00:00,382.7951965,382.7951965,382.8599854,379.1000977,379.9460144,1019230
2024-06-10 19:30:00+00:00,374.3500061,374.3500061,383.3999939,373.5700073,382.8049927,2376832
2024-06-11 13:30:00+00:00,377.644989,377.644989,378.3850098,370.1400146,371.7399902,1759100
2024-06-11 14:30:00+00:00,376.1000061,376.1000061,379.8900146,375.25,377.8299866,963899
2024-06-11 15:30:00+00:00,378.2963867,378.2963867,379.1600037,374.4500122,376.1799927,687160
2024-06-11 16:30:00+00:00,379.2553101,379.2553101,379.559906,377.8250122,378.3200073,580859
2024-06-11 17:30:00+00:00,382.2950134,382.2950134,383.2398987,378.4700928,379.2428894,758796
2024-06-11 18:30:00+00:00,383.8049927,383.8049927,384.5,381.1000977,382.3900146,1011822
2024-06-11 19:30:00+00:00,384.5899963,384.5899963,385,383.0346069,383.7001038,904696
2024-06-12 13:30:00+00:00,381.4200134,381.4200134,390.7051086,380.2999878,390.6099854,1810856
2024-06-12 14:30:00+00:00,381.9150085,381.9150085,383,378.8699951,381.2399902,739730
2024-06-12 15:30:00+00:00,388.5,388.5,388.7998962,381.5599976,381.9150085,705575
2024-06-12 16:30:00+00:00,388.5499878,388.5499878,389.6499939,386.6499939,388.5,473326
2024-06-12 17:30:00+00:00,388.7200012,388.7200012,389.4599915,386.2600098,388.4100037,485321
2024-06-12 18:30:00+00:00,385.6600037,385.6600037,388.7900085,385.1000061,388.5889893,532757
2024-06-12 19:30:00+00:00,386.8900146,386.8900146,387.8999023,384.7099915,385.394989,607873
2024-06-13 13:30:00+00:00,385.25,385.25,389.8900146,383.6499939,387.8500061,776666
2024-06-13 14:30:00+00:00,382.2200012,382.2200012,385.9798889,381.4801025,385.3200073,558344
2024-06-13 15:30:00+00:00,382.7799988,382.7799988,383.4299927,381.0899963,382.3999939,501938
2024-06-13 16:30:00+00:00,382.5950012,382.5950012,383.8099976,381.3299866,382.7099915,343300
2024-06-13 17:30:00+00:00,383.3099976,383.3099976,385.0650024,382.1207886,382.6549988,362044
2024-06-13 18:30:00+00:00,383.2200012,383.2200012,384.3499146,382.6400146,383.3099976,347778
2024-06-13 19:30:00+00:00,382.730011,382.730011,383.9299927,382.6799927,383.2099915,497975
2024-06-14 13:30:00+00:00,386.4700012,386.4700012,387.269989,381.1499939,382,1051887
2024-06-14 14:30:00+00:00,384.8200073,384.8200073,388.3453979,381.506012,386.1199951,548020
2024-06-14 15:30:00+00:00,385.9200134,385.9200134,387.8399963,384.0100098,384.8181152,317817
2024-06-14 16:30:00+00:00,387.4299927,387.4299927,387.4299927,384.6099854,386.019989,275843
2024-06-14 17:30:00+00:00,385.9599915,385.9599915,387.5,384.0499878,387.4200134,309001
2024-06-14 18:30:00+00:00,386.4599915,386.4599915,387.1799011,385.4801025,385.9500122,263787
2024-06-14 19:30:00+00:00,385.3599854,385.3599854,386.5599976,385.1600037,386.4224854,407321
2024-06-17 13:30:00+00:00,385.0499878,385.0499878,386.8901978,376.5780029,382.519989,1058144
2024-06-17 14:30:00+00:00,387.5183105,387.5183105,387.75,384.4352112,385.3299866,415966
2024-06-17 15:30:00+00:00,389.8699951,389.8699951,389.8699951,387.1430969,387.355011,410311
2024-06-17 16:30:00+00:00,391.1300049,391.1300049,391.9500122,388.6749878,389.7900085,552941
2024-06-17 17:30:00+00:00,392,392,392.8659058,390.855011,391.3099976,440379
2024-06-17 18:30:00+00:00,394.0599976,394.0599976,394.0599976,391.5799866,392.0799866,607827
2024-06-17 19:30:00+00:00,390.1799927,390.1799927,394.6300049,390.0899963,394.0150146,906140
2024-06-18 13:30:00+00:00,391.0700073,391.0700073,391.8099976,386.6600037,390,809273
2024-06-18 14:30:00+00:00,392.3200073,392.3200073,393.1836853,390.5,391,568768
2024-06-18 15:30:00+00:00,388.1799927,388.1799927,393.0799866,388,392.4100037,485640
2024-06-18 16:30:00+00:00,390.3800049,390.3800049,391,387.6400146,388.200592,484145
2024-06-18 17:30:00+00:00,391.2600098,391.2600098,391.6799927,389.5400085,390.2550049,322167
2024-06-18 18:30:00+00:00,391.4028015,391.4028015,392.4100037,390.6600037,391.1900024,416108
2024-06-18 19:30:00+00:00,389.480011,389.480011,392,389.1000061,391.4299927,561723
2024-06-20 13:30:00+00:00,385.1499939,385.1499939,393.25,382.2200012,390.7799988,1048803
2024-06-20 14:30:00+00:00,386.519989,386.519989,389.6099854,384.6199951,385,600880
2024-06-20 15:30:00+00:00,380.7550049,380.7550049,386.2399902,380.550415,386.2399902,706400
2024-06-20 16:30:00+00:00,381.5400085,381.5400085,383.4200134,379.2000122,380.519989,744243
2024-06-20 17:30:00+00:00,383.4299927,383.4299927,383.9702148,379.9200134,381.7049866,561246
2024-06-20 18:30:00+00:00,381.7650146,381.7650146,383.6499939,380.480011,383.430603,622536
2024-06-20 19:30:00+00:00,381.9700012,381.9700012,383.4899902,381.0000916,381.730011,722648
2024-06-21 13:30:00+00:00,372.1300049,372.1300049,380.9899902,370.7399902,380.6300049,2037399
2024-06-21 14:30:00+00:00,372.9249878,372.9249878,374.980011,370.7999878,372.1199951,777236
2024-06-21 15:30:00+00:00,374.2600098,374.2600098,375.1000061,371.8120117,372.9150085,379711
2024-06-21 16:30:00+00:00,372.0100098,372.0100098,375,371.3299866,374.230011,359297
2024-06-21 17:30:00+00:00,372.6600037,372.6600037,372.8999939,370.7001038,371.7124939,489746
2024-06-21 18:30:00+00:00,376.3699951,376.3699951,376.4299927,372.5100098,372.6199951,1052485
2024-06-21 19:30:00+00:00,380.9400024,380.9400024,380.9599915,376.019989,376.4299927,2534544
2024-06-24 13:30:00+00:00,380.1799927,380.1799927,381.7600098,374,375.1000061,1414680
2024-06-24 14:30:00+00:00,379.6199951,379.6199951,381.4200134,377.2999878,380.4899902,614405
2024-06-24 15:30:00+00:00,379.6900024,379.6900024,381.25,379.1900024,379.4700012,365344
2024-06-24 16:30:00+00:00,379.6227112,379.6227112,380.7799988,378.8699951,379.7799988,350419
2024-06-24 17:30:00+00:00,379.8999939,379.8999939,380.75,379.2000122,379.7399902,414502
2024-06-24 18:30:00+00:00,380.8049927,380.8049927,381.5499878,379.8500061,379.9349976,499949
2024-06-24 19:30:00+00:00,377.8800049,377.8800049,380.8800049,377.5100098,380.7349854,732355
2024-06-25 13:30:00+00:00,384.019989,384.019989,386.5,379.5450134,379.5499878,777302
2024-06-25 14:30:00+00:00,386.9497986,386.9497986,387.019989,383.7001038,384.1799927,331833
2024-06-25 15:30:00+00:00,385.769989,385.769989,387.7999878,385.6700134,387.0700073,306403
2024-06-25 16:30:00+00:00,383.5799866,383.5799866,385.9599915,382.2000122,385.8299866,279993
2024-06-25 17:30:00+00:00,384.3500061,384.3500061,384.5299988,382.230011,383.3900146,220142
2024-06-25 18:30:00+00:00,384.9899902,384.9899902,385,383.0100098,384.2900085,216388
2024-06-25 19:30:00+00:00,386.75,386.75,386.8599854,384.3599854,384.8699951,409054
2024-06-26 13:30:00+00:00,385.019989,385.019989,387.5100098,383.1499939,385.4400024,907795
2024-06-26 14:30:00+00:00,384,384,385.8198853,382.7099915,385.0140076,276115
2024-06-26 15:30:00+00:00,382.5899963,382.5899963,384.8699951,382.3099976,384.1400146,260175
2024-06-26 16:30:00+00:00,380.980011,380.980011,383.1600037,380.4100037,382.6900024,203573
2024-06-26 17:30:00+00:00,381.1000061,381.1000061,381.7399902,380.3999939,380.8898926,194950
2024-06-26 18:30:00+00:00,380.9400024,380.9400024,381.5799866,380.0700989,381.230011,173574
2024-06-26 19:30:00+00:00,380.3500061,380.3500061,381.1199951,379.75,380.9400024,387270
2024-06-27 13:30:00+00:00,389.0499878,389.0499878,389.8099976,380.480011,380.9899902,874918
2024-06-27 14:30:00+00:00,388.0400085,388.0400085,390.9599915,387.4299927,388.8299866,438780
2024-06-27 15:30:00+00:00,388.8599854,388.8599854,388.8599854,386.4100952,388.0950012,290256
2024-06-27 16:30:00+00:00,389.8599854,389.8599854,391.5400085,388.4700012,388.8699951,301322
2024-06-27 17:30:00+00:00,387.8695984,387.8695984,390.3699951,387.375,390.0100098,203530
2024-06-27 18:30:00+00:00,388.0650024,388.0650024,388.75,387.5900879,387.6400146,222623
2024-06-27 19:30:00+00:00,387.2900085,387.2900085,388.2799988,385.6600037,388.0650024,497988
2024-06-28 13:30:00+00:00,389.75,389.75,393.2900085,387.4472961,389.3299866,643012
2024-06-28 14:30:00+00:00,386.5,386.5,391.1099854,384.7999878,389.730011,449040
2024-06-28 15:30:00+00:00,384.8399963,384.8399963,387.144989,383.3351135,386.46521,287575
2024-06-28 16:30:00+00:00,384.375,384.375,385.2399902,382.1499939,384.8299866,310290
2024-06-28 17:30:00+00:00,383.6199951,383.6199951,385.7399902,383.6099854,384.1400146,229607
2024-06-28 18:30:00+00:00,385.2590027,385.2590027,385.6000061,383.5100098,383.5700073,262493
2024-06-28 19:30:00+00:00,382.9400024,382.9400024,385.6900024,381.7817993,385.1900024,900515
2024-07-01 13:30:00+00:00,385.2110901,385.2110901,385.7387085,377.920105,385.2799988,582898
2024-07-01 14:30:00+00:00,385.7839966,385.7839966,385.9400024,382.8200989,385.4899902,294651
2024-07-01 15:30:00+00:00,389.6867981,389.6867981,389.6867981,385.0899963,385.5599976,413053
2024-07-01 16:30:00+00:00,389.9549866,389.9549866,390.1000061,388.0523987,389.8099976,214994
2024-07-01 17:30:00+00:00,389.7000122,389.7000122,390.6400146,388.6300049,389.9549866,228027
2024-07-01 18:30:00+00:00,391.480011,391.480011,391.8599854,388.2099915,389.6950073,335956
2024-07-01 19:30:00+00:00,392.1499939,392.1499939,392.7399902,390.8800049,391.4750061,320589
2024-07-02 13:30:00+00:00,384.7449951,384.7449951,387.1524963,382,382.230011,889035
2024-07-02 14:30:00+00:00,383.5801086,383.5801086,385.4400024,382.5899963,384.5332031,284720
2024-07-02 15:30:00+00:00,382.3800049,382.3800049,384.2950134,381.4696045,383.8800049,299613
2024-07-02 16:30:00+00:00,384.9750061,384.9750061,385.2182922,381.7099915,382.3623047,359327
2024-07-02 17:30:00+00:00,386.1600037,386.1600037,386.269989,384.2200012,384.8500061,213488
2024-07-02 18:30:00+00:00,386.1469116,386.1469116,386.3500061,384.8900146,386.2149963,233494
2024-07-02 19:30:00+00:00,385.0409851,385.0409851,386.5299988,384.6300049,386.1900024,449651
2024-07-03 13:30:00+00:00,388.1799927,388.1799927,389.2912903,382.3833008,384.25,468387
2024-07-03 14:30:00+00:00,389.75,389.75,390.0799866,387.3999939,388.1799927,355461
2024-07-03 15:30:00+00:00,388.0350037,388.0350037,390,387.1500854,389.9450073,210634
2024-07-05 13:30:00+00:00,390.1849976,390.1849976,391.4649963,385.3099976,386,404627
2024-07-05 14:30:00+00:00,389.4700012,389.4700012,389.9100037,388.25,389.9100037,179662
2024-07-05 15:30:00+00:00,388.9299927,388.9299927,389.6300049,387.730011,389.4100037,166763
2024-07-05 16:30:00+00:00,390.75,390.75,391.1700134,388.8299866,389.0499878,256821
2024-07-05 17:30:00+00:00,389.4749146,389.4749146,391.3999939,389.4599915,390.7341003,160181
2024-07-05 18:30:00+00:00,390.4400024,390.4400024,390.7000122,389.4299927,389.6700134,165065
2024-07-05 19:30:00+00:00,389.6400146,389.6400146,390.5599976,389.3099976,390.4500122,267499
2024-07-08 13:30:00+00:00,386.5400085,386.5400085,397.0380859,379.7900085,390.3680115,1258453
2024-07-08 14:30:00+00:00,387.8153076,387.8153076,388.8500061,385.1900024,386.6799927,261882
2024-07-08 15:30:00+00:00,387.3599854,387.3599854,389.1300049,386.8500061,388.0299988,174670
2024-07-08 16:30:00+00:00,387.7999878,387.7999878,388.29599,386.9849854,387.5350037,166567
2024-07-08 17:30:00+00:00,387.6499939,387.6499939,388.5799866,386.9801025,387.9599915,149793
2024-07-08 18:30:00+00:00,389.480011,389.480011,389.480011,387.0690002,387.6600037,238223
2024-07-08 19:30:00+00:00,390.7000122,390.7000122,390.9984131,388.5024109,389.4999084,410943
2024-07-09 13:30:00+00:00,388.5,388.5,398.2998962,386.5899963,392.3200073,913914
2024-07-09 14:30:00+00:00,385.3099976,385.3099976,388.1398926,384.5100098,388.1398926,426348
2024-07-09 15:30:00+00:00,387.9599915,387.9599915,388.3800049,385.2399902,385.3049927,231250
2024-07-09 16:30:00+00:00,386.6099854,386.6099854,388.7000122,386.2799988,387.7999878,315552
2024-07-09 17:30:00+00:00,385.7999878,385.7999878,386.6998901,385.2850037,386.3200073,161472
2024-07-09 18:30:00+00:00,383.8825073,383.8825073,386.8599854,383.5,385.8200073,239232
2024-07-09 19:30:00+00:00,385.8599854,385.8599854,386.1350098,383.2000122,383.8800049,376787
2024-07-10 13:30:00+00:00,372.0050049,372.0050049,385,371.5,385,1462461
2024-07-10 14:30:00+00:00,370.1099854,370.1099854,372.519989,367.5799866,372.2000122,1080003
2024-07-10 15:30:00+00:00,367.0136108,367.0136108,370.9100037,365.5899963,369.9299927,787153
2024-07-10 16:30:00+00:00,372.1600037,372.1600037,372.9500122,366.6101074,367.1700134,707916
2024-07-10 17:30:00+00:00,372.2950134,372.2950134,373.6592102,371.3800964,372.1900024,362306
2024-07-10 18:30:00+00:00,372.8500061,372.8500061,373.0400085,371.3999939,372.3099976,381289
2024-07-10 19:30:00+00:00,374.4400024,374.4400024,374.6799927,372.3699951,372.8500061,597157
2024-07-11 13:30:00+00:00,373.5599976,373.5599976,379.7799988,372.1087952,375.6900024,864502
2024-07-11 14:30:00+00:00,371.6199951,371.6199951,376.75,371.5799866,373.769989,345804
2024-07-11 15:30:00+00:00,372.1098938,372.1098938,372.3999939,369.6400146,371.4299927,370429
2024-07-11 16:30:00+00:00,368.8500061,368.8500061,372.5799866,368.3900146,372.1099854,280662
2024-07-11 17:30:00+00:00,368.5700073,368.5700073,369.3399963,367.5,369.1650085,257443
2024-07-11 18:30:00+00:00,368.6099854,368.6099854,370.3056946,368.3599854,368.6000061,263873
2024-07-11 19:30:00+00:00,370.3800049,370.3800049,370.8399963,368.6499939,368.6900024,396853
2024-07-12 13:30:00+00:00,371.1700134,371.1700134,374.4899902,367.9299927,368.2000122,596365
2024-07-12 14:30:00+00:00,370.5400085,370.5400085,373.0899963,369.2999878,371.2049866,336096
2024-07-12 15:30:00+00:00,369.4899902,369.4899902,370.6600037,367.7600098,370.4400024,341797
2024-07-12 16:30:00+00:00,370.7900085,370.7900085,370.9375,369.0101013,369.4400024,199118
2024-07-12 17:30:00+00:00,371.1600037,371.1600037,372.5,370.5100098,370.9274902,249743
2024-07-12 18:30:00+00:00,372.6000061,372.6000061,372.7200012,370.6900024,371.0599976,232606
2024-07-12 19:30:00+00:00,371.3200073,371.3200073,372.6499939,370.0599976,372.6099854,344350
2024-07-15 13:30:00+00:00,379.7799988,379.7799988,380.5499878,364.2099915,372.269989,1001400
2024-07-15 14:30:00+00:00,381.6000061,381.6000061,383.5700073,379.769989,379.769989,434902
2024-07-15 15:30:00+00:00,375.730011,375.730011,381.8526001,375.3900146,380.6400146,351296
2024-07-15 16:30:00+00:00,377.5050049,377.5050049,378.309906,375.7200012,375.7399902,199344
2024-07-15 17:30:00+00:00,377.3500061,377.3500061,377.8800049,376.3400879,377.5050049,182358
2024-07-15 18:30:00+00:00,379.0050049,379.0050049,379.3399963,377.1799927,377.1900024,241531
2024-07-15 19:30:00+00:00,377.4500122,377.4500122,379.7054138,375.6350098,379.0400085,353832
2024-07-16 13:30:00+00:00,371.3200073,371.3200073,379.3349915,369.2999878,378.2399902,575041
2024-07-16 14:30:00+00:00,372.3139954,372.3139954,373.7399902,370.5545044,370.9299927,246964
2024-07-16 15:30:00+00:00,370.7900085,370.7900085,372.9798889,370.5700073,372.2514038,155489
2024-07-16 16:30:00+00:00,369.3850098,369.3850098,371,369.2600098,370.8999939,193139
2024-07-16 17:30:00+00:00,370.0799866,370.0799866,371.1700134,369.0599976,369.269989,191289
2024-07-16 18:30:00+00:00,368.8900146,368.8900146,371.188385,368.6499939,370.0050049,281395
2024-07-16 19:30:00+00:00,369.0299988,369.0299988,369.7900085,368.5,368.8850098,403245
2024-07-17 13:30:00+00:00,356.75,356.75,363.5968018,355.4200134,359.3999939,924382
2024-07-17 14:30:00+00:00,359.3700867,359.3700867,359.5400085,356.6700134,356.6700134,263812
2024-07-17 15:30:00+00:00,352.7200012,352.7200012,359.8099976,351.6099854,359.5299988,489857
2024-07-17 16:30:00+00:00,354.3299866,354.3299866,354.4200134,350.7200012,352.7650146,385727
2024-07-17 17:30:00+00:00,356.769989,356.769989,357.519989,354.0100098,354.1799927,253828
2024-07-17 18:30:00+00:00,357.6700134,357.6700134,357.8799133,355.6700134,356.8380127,225188
2024-07-17 19:30:00+00:00,354.8399963,354.8399963,358.0698853,354.7799988,357.75,412333
2024-07-18 13:30:00+00:00,344.6400146,344.6400146,352.2000122,344.4100037,352,948558
2024-07-18 14:30:00+00:00,340.7550049,340.7550049,346.0499878,340.2200012,344.4601135,699829
2024-07-18 15:30:00+00:00,338.7200012,338.7200012,340.7999878,336.3399963,340.5899963,831781
2024-07-18 16:30:00+00:00,339.3330078,339.3330078,340.5700073,338.0499878,338.8399963,476447
2024-07-18 17:30:00+00:00,340.4200134,340.4200134,340.8599854,338.5150146,339.3599854,363661
2024-07-18 18:30:00+00:00,338.9200134,338.9200134,340.6499939,337.5499878,340.5299988,361348
2024-07-18 19:30:00+00:00,342.8900146,342.8900146,344.1000061,338.8999939,338.8999939,576428
2024-07-19 13:30:00+00:00,307.821991,307.821991,314.75,290.1000977,294.5100098,18568089
2024-07-19 14:30:00+00:00,313.5675049,313.5675049,316.75,306.1950073,307.5390015,4920842
2024-07-19 15:30:00+00:00,307.6499939,307.6499939,313.829895,306.8200073,313.6000061,3572145
2024-07-19 16:30:00+00:00,303.329895,303.329895,308.4899902,302.5899963,307.6149902,3667062
2024-07-19 17:30:00+00:00,301.7049866,301.7049866,304.4400024,300.25,303.1499939,3100273
2024-07-19 18:30:00+00:00,308.6499939,308.6499939,308.6499939,297.5,301.7049866,4588590
2024-07-19 19:30:00+00:00,305,305,309.2413025,303.5150146,308.6199951,2998042
2024-07-22 13:30:00+00:00,271.6890869,271.6890869,285,263.9299927,285,18093731
2024-07-22 14:30:00+00:00,266.85849,266.85849,276,266.8099976,271.6893005,7468179
2024-07-22 15:30:00+00:00,263.7950134,263.7950134,268.3800049,262.2099915,266.8099976,6607961
2024-07-22 16:30:00+00:00,263.1400146,263.1400146,266.4500122,261.5910034,263.7999878,5168816
2024-07-22 17:30:00+00:00,266.2900085,266.2900085,268,263.105011,263.105011,3960779
2024-07-22 18:30:00+00:00,264.5509949,264.5509949,267.2099915,263.3504944,266.2961121,3791933
2024-07-22 19:30:00+00:00,263.9400024,263.9400024,265.6000061,262.8500061,264.593811,3362778
2024-07-23 13:30:00+00:00,269.980011,269.980011,273.3399963,258.769989,269.3099976,12915858
2024-07-23 14:30:00+00:00,273.6400146,273.6400146,275.3599854,266.1099854,269.9831848,5351368
2024-07-23 15:30:00+00:00,274,274,275.8200073,272.2200928,273.644989,3884386
2024-07-23 16:30:00+00:00,273.3399048,273.3399048,277,272.7900085,274.1000061,3711876
2024-07-23 17:30:00+00:00,272.7000122,272.7000122,274,271.2101135,273.3399963,2475818
2024-07-23 18:30:00+00:00,272.3999939,272.3999939,274.480011,271.3001099,272.6900024,1998981
2024-07-23 19:30:00+00:00,268.8699951,268.8699951,272.5599976,268.8399963,272.4700012,2511438
2024-07-24 13:30:00+00:00,263.3299866,263.3299866,275.4400024,263.230011,270.0150146,4631979
2024-07-24 14:30:00+00:00,263.1700134,263.1700134,265.1300049,261.8500061,263.3529053,2255177
2024-07-24 15:30:00+00:00,260.980011,260.980011,265,260.0100098,262.9400024,1765198
2024-07-24 16:30:00+00:00,263.3200073,263.3200073,264.2298889,260.5100098,261.1300049,1107340
2024-07-24 17:30:00+00:00,261.3250122,261.3250122,264.8299866,261.2099915,263.3200073,1120248
2024-07-24 18:30:00+00:00,259.2999878,259.2999878,261.5599976,258.7080078,261.331604,1652302
2024-07-24 19:30:00+00:00,258.1199951,258.1199951,259.9599915,257.3599854,259.2399902,1536884
2024-07-25 13:30:00+00:00,255.9049988,255.9049988,262.7900085,250.2200012,258.3599854,3826267
2024-07-25 14:30:00+00:00,258.5899963,258.5899963,258.8599854,254.8399963,255.8099976,1415321
2024-07-25 15:30:00+00:00,258,258,259.3720093,255.5700073,258.4606018,1083728
2024-07-25 16:30:00+00:00,255.6885071,255.6885071,260.3399963,254.5700073,258,1529891
2024-07-25 17:30:00+00:00,257.75,257.75,257.980011,255.3300018,255.8200073,674198
2024-07-25 18:30:00+00:00,257.1299133,257.1299133,258.7254028,255.7599945,257.8299866,753926
2024-07-25 19:30:00+00:00,254.1999969,254.1999969,257.2200012,254,257.1300049,782000
2024-07-26 13:30:00+00:00,254.9049988,254.9049988,260.5299988,253.75,259.9500122,2824097
2024-07-26 14:30:00+00:00,253.7200012,253.7200012,255.7050018,251.2599945,254.7350006,2075970
2024-07-26 15:30:00+00:00,254.8899994,254.8899994,255.2100067,252.8000031,253.7200012,960481
2024-07-26 16:30:00+00:00,257.980011,257.980011,258.1400146,254.5101013,254.8885956,881055
2024-07-26 17:30:00+00:00,255.7599945,255.7599945,257.9349976,254.1300049,257.8599854,842132
2024-07-26 18:30:00+00:00,256.7900085,256.7900085,257,254.5001068,255.8300018,706516
2024-07-26 19:30:00+00:00,256.1199951,256.1199951,257.5,254.8862,256.8200073,919908
2024-07-29 13:30:00+00:00,263.2401123,263.2401123,265.5,257.4500122,259.5090027,4029584
2024-07-29 14:30:00+00:00,262.1199951,262.1199951,265.1199951,260.3099976,263.4150085,1757365
2024-07-29 15:30:00+00:00,262.9623108,262.9623108,264.5,260.4153137,261.9649963,994165
2024-07-29 16:30:00+00:00,260.8349915,260.8349915,263.7000122,260.7399902,262.8099976,986032
2024-07-29 17:30:00+00:00,261.25,261.25,262.2049866,260.3001099,260.8345947,719985
2024-07-29 18:30:00+00:00,260.1950073,260.1950073,261.5,258.4400024,261.269989,1062413
2024-07-29 19:30:00+00:00,258.6900024,258.6900024,260.3699036,258.269989,260.1950073,809645
2024-07-30 13:30:00+00:00,237.8099976,237.8099976,248.329895,236.5299988,244.1000977,8040449
2024-07-30 14:30:00+00:00,234.2301941,234.2301941,238.0299988,232,237.8200073,4197689
2024-07-30 15:30:00+00:00,227.8945007,227.8945007,234.3500061,226.2200012,234.2200012,4190477
2024-07-30 16:30:00+00:00,230.1999969,230.1999969,230.988205,226.401001,227.8300018,2636164
2024-07-30 17:30:00+00:00,231.3500061,231.3500061,231.7400055,228.6100006,230.3099976,1833156
2024-07-30 18:30:00+00:00,232.3600006,232.3600006,232.4799957,230.0700989,231.3999939,1999485
2024-07-30 19:30:00+00:00,233.7899933,233.7899933,235.0200043,231.8200073,232.2899933,2116865
2024-07-31 13:30:00+00:00,234.5756073,234.5756073,236.8908997,231.8000946,234.6699982,3233871
2024-07-31 14:30:00+00:00,235.298996,235.298996,236.0500031,233.3000031,234.7200012,1338191
2024-07-31 15:30:00+00:00,231.1999969,231.1999969,235.6786957,230.740097,235.2149963,1492324
2024-07-31 16:30:00+00:00,232.2147064,232.2147064,233.4154968,228.2100067,231.0574951,1747238
2024-07-31 17:30:00+00:00,230.7678986,230.7678986,232.1999969,229.7319946,232.0800018,1058948
2024-07-31 18:30:00+00:00,231.0099945,231.0099945,233.3224945,230.3549957,230.6799927,1085849
2024-07-31 19:30:00+00:00,231.9499969,231.9499969,232.4700012,230.4700012,231.0099945,1349001
2024-08-01 13:30:00+00:00,225.5200043,225.5200043,232.1999969,225.1100006,232,2566430
2024-08-01 14:30:00+00:00,226.5,226.5,228.7100067,224.2501068,225.4747009,1911774
2024-08-01 15:30:00+00:00,226.5399933,226.5399933,227.9400024,224.6199951,226.3000031,931310
2024-08-01 16:30:00+00:00,223.7548981,223.7548981,226.6441956,223.2899933,226.625,802051
2024-08-01 17:30:00+00:00,222.8000031,222.8000031,224.1199951,221.8000031,223.8899994,875033
2024-08-01 18:30:00+00:00,223.4700012,223.4700012,223.6000061,221.6600037,222.6950073,825121
2024-08-01 19:30:00+00:00,224.25,224.25,224.5700073,222.25,223.6199951,1148787
2024-08-02 13:30:00+00:00,213.4900055,213.4900055,221.4750061,211.1399994,219.074295,3354903
2024-08-02 14:30:00+00:00,212.7521057,212.7521057,215.2899933,211.1401062,213.3500061,1330105
2024-08-02 15:30:00+00:00,216,216,216.9246979,212.3600006,212.7449951,1028646
2024-08-02 16:30:00+00:00,217.1699982,217.1699982,217.6999969,215,215.9400024,746506
2024-08-02 17:30:00+00:00,216.2250061,216.2250061,217.75,215,217.1999969,545576
2024-08-02 18:30:00+00:00,218.0099945,218.0099945,218.1815033,215.8999939,216.3099976,639013
2024-08-02 19:30:00+00:00,217.9600067,217.9600067,218.3498993,216.2599945,218.0249939,809811
2024-08-05 13:30:00+00:00,215.9750061,215.9750061,222.5,205.2501068,205.7700043,4337926
2024-08-05 14:30:00+00:00,220.2599945,220.2599945,223.3399048,215.1699982,215.8699951,1521387
2024-08-05 15:30:00+00:00,222.5500031,222.5500031,223.2100067,218.5700073,220.5299988,870336
2024-08-05 16:30:00+00:00,222.2299957,222.2299957,222.8899994,218.75,222.6450043,832450
2024-08-05 17:30:00+00:00,221.5599976,221.5599976,224.1199036,220.1300049,222.4850006,849730
2024-08-05 18:30:00+00:00,221.6631927,221.6631927,222.9100037,219.25,221.5,868684
2024-08-05 19:30:00+00:00,221.9400024,221.9400024,222.7563019,220.8999939,221.6638947,1043577
2024-08-06 13:30:00+00:00,227.4998932,227.4998932,230.2700043,221.5794067,230,2901584
2024-08-06 14:30:00+00:00,228.0700073,228.0700073,230.8899994,225.3000031,227.2050018,1272522
2024-08-06 15:30:00+00:00,229.6199951,229.6199951,231.3500061,227.5800934,228.0899963,1117058
2024-08-06 16:30:00+00:00,232.1100006,232.1100006,232.780899,229.4375,229.5166016,1241923
2024-08-06 17:30:00+00:00,233.5500031,233.5500031,234.1799927,231.3704987,232.1000061,877645
2024-08-06 18:30:00+00:00,234.0599976,234.0599976,235.2400055,231.3999939,233.5599976,1267378
2024-08-06 19:30:00+00:00,231.6600037,231.6600037,234.5198975,231.0399933,234.1199951,1238325
2024-08-07 13:30:00+00:00,241.2799988,241.2799988,243.5,238.3419037,238.3699951,2943501
2024-08-07 14:30:00+00:00,235.9512939,235.9512939,242.1799927,235.6184998,241.1060028,1338662
2024-08-07 15:30:00+00:00,234.0301056,234.0301056,236.4199066,232.5401001,236.1000061,968154
2024-08-07 16:30:00+00:00,233,233,234.5700073,232.0899963,234.2700043,772473
2024-08-07 17:30:00+00:00,232.2778931,232.2778931,233.7700043,230.6699982,232.8401031,744783
2024-08-07 18:30:00+00:00,231.8475037,231.8475037,234.4400024,231.1499939,232.25,834531
2024-08-07 19:30:00+00:00,230.6699982,230.6699982,233.0157013,230.1000061,231.7700043,862336
2024-08-08 13:30:00+00:00,237.7765045,237.7765045,237.9499969,229.7239075,234,1129435
2024-08-08 14:30:00+00:00,235.2799988,235.2799988,238.2373047,235.2799988,237.6882019,585613
2024-08-08 15:30:00+00:00,239.5,239.5,241.1499939,235.1600037,235.1600037,1320488
2024-08-08 16:30:00+00:00,240.923996,240.923996,241.0350037,237.851593,239.6000061,638031
2024-08-08 17:30:00+00:00,241.4499969,241.4499969,242.0399933,240.3999939,240.8567963,588258
2024-08-08 18:30:00+00:00,238.2700043,238.2700043,241.6000061,237.5200958,241.3000031,833656
2024-08-08 19:30:00+00:00,240.5800018,240.5800018,241.0850067,237.5,238.2884064,835057
2024-08-09 13:30:00+00:00,241.9949951,241.9949951,245.0399017,239.6184998,242.1000061,1699535
2024-08-09 14:30:00+00:00,242.8549957,242.8549957,246.0099945,240.7700958,241.908905,970503
2024-08-09 15:30:00+00:00,240.6107941,240.6107941,243.2098999,240.2501068,242.9600067,646082
2024-08-09 16:30:00+00:00,242.1799927,242.1799927,242.3883057,239.7700043,240.5099945,602737
2024-08-09 17:30:00+00:00,239.4499969,239.4499969,242.4598999,239.2799988,242.2299957,564627
2024-08-09 18:30:00+00:00,240.75,240.75,241.1600037,238.8000031,239.4340057,518497
2024-08-09 19:30:00+00:00,240.8999939,240.8999939,241.3399963,240.1999969,240.7599945,518112
2024-08-12 13:30:00+00:00,239.3999939,239.3999939,242.8699951,235.6000061,241.6300049,1160059
2024-08-12 14:30:00+00:00,239.4199066,239.4199066,241.6950073,237.9100037,239.4649963,555888
2024-08-12 15:30:00+00:00,241.2980042,241.2980042,242.1999969,238.5,239.2550049,500102
2024-08-12 16:30:00+00:00,239.8618927,239.8618927,241.6246033,239.2100067,241.2799988,365885
2024-08-12 17:30:00+00:00,240.75,240.75,240.8099976,239.1903076,239.9022064,269329
2024-08-12 18:30:00+00:00,239.6100006,239.6100006,240.9400024,239.6100006,240.6150055,249495
2024-08-12 19:30:00+00:00,239.4600067,239.4600067,239.9499969,238.0399933,239.8099976,442944
2024-08-13 13:30:00+00:00,244.8999939,244.8999939,245.1999054,240.0050049,242,1110747
2024-08-13 14:30:00+00:00,245.5,245.5,245.9559021,243.7100067,244.6999969,549648
2024-08-13 15:30:00+00:00,245.8699951,245.8699951,246.1694946,244.8000031,245.414505,391944
2024-08-13 16:30:00+00:00,247.8800049,247.8800049,248.6199951,245.5,245.9698944,895810
2024-08-13 17:30:00+00:00,248.5939026,248.5939026,248.8099976,246.8300934,247.8000946,472202
2024-08-13 18:30:00+00:00,247.8450012,247.8450012,248.9698944,247.5388031,248.5673065,509946
2024-08-13 19:30:00+00:00,248.1300049,248.1300049,248.7599945,246.9750061,247.8023987,571180
2024-08-14 13:30:00+00:00,253.4199982,253.4199982,254.7100067,249.2561035,250,1736727
2024-08-14 14:30:00+00:00,255.4100037,255.4100037,256.2850037,251.6999969,253.4118042,849003
2024-08-14 15:30:00+00:00,255.3099976,255.3099976,258.8900146,254.4100037,255.509903,982155
2024-08-14 16:30:00+00:00,256.644989,256.644989,257.2398987,254.7516937,255.4712067,463688
2024-08-14 17:30:00+00:00,256.5,256.5,256.9700012,255.6501007,256.7000122,350212
2024-08-14 18:30:00+00:00,256.3901062,256.3901062,257.269989,256.0499878,256.468811,390974
2024-08-14 19:30:00+00:00,256.3699951,256.3699951,256.8800049,255.3600006,256.4700012,598537
2024-08-15 13:30:00+00:00,262.5799866,262.5799866,263.6499939,257.5400085,260.3699951,1816135
2024-08-15 14:30:00+00:00,259.3800049,259.3800049,262.9100037,259.3399963,262.5,692036
2024-08-15 15:30:00+00:00,260.1700134,260.1700134,260.2200012,257.7568054,259.4150085,776660
2024-08-15 16:30:00+00:00,259.7900085,259.7900085,260.3500061,258.8601074,260.2049866,417835
2024-08-15 17:30:00+00:00,260.7399902,260.7399902,261.2914124,259.6799927,259.7799988,414992
2024-08-15 18:30:00+00:00,260.7193909,260.7193909,261.4295044,260.4200134,260.6700134,381940
2024-08-15 19:30:00+00:00,260.6700134,260.6700134,260.9299927,259.7479858,260.6300049,555740
2024-08-16 13:30:00+00:00,259.8099976,259.8099976,261.1099854,257.8500061,260.3999939,747383
2024-08-16 14:30:00+00:00,258.6499939,258.6499939,260.3999939,258.4400024,259.8099976,360652
2024-08-16 15:30:00+00:00,260.9100037,260.9100037,260.9100037,258.4614868,258.5,760516
2024-08-16 16:30:00+00:00,261.3299866,261.3299866,261.8900146,260.5300903,260.8399048,302362
2024-08-16 17:30:00+00:00,261.5650024,261.5650024,261.8399963,260.9599915,261.2149963,211586
2024-08-16 18:30:00+00:00,261.269989,261.269989,261.7000122,261.0400085,261.5599976,257869
2024-08-16 19:30:00+00:00,262.5700073,262.5700073,262.6400146,261.230011,261.4700012,431046
2024-08-19 13:30:00+00:00,269.7799988,269.7799988,270.980011,262.6000061,263.7900085,1758998
2024-08-19 14:30:00+00:00,265.3399963,265.3399963,270.4899902,264.8700867,269.7999878,740336
2024-08-19 15:30:00+00:00,264.7950134,264.7950134,266.3598938,264.0899963,265.3945923,586241
2024-08-19 16:30:00+00:00,265.8200073,265.8200073,266.1199036,264.5,264.8900146,341579
2024-08-19 17:30:00+00:00,266.7900085,266.7900085,266.9798889,265.5499878,265.8200073,313883
2024-08-19 18:30:00+00:00,266.7550049,266.7550049,267.75,266.1099854,266.7600098,371767
2024-08-19 19:30:00+00:00,266.730011,266.730011,267.3399963,265.5000916,266.7052002,518281
2024-08-20 13:30:00+00:00,265.8900146,265.8900146,270.1199951,264.394989,269.2399902,1477295
2024-08-20 14:30:00+00:00,266.7850037,266.7850037,267.5299988,264.6401062,265.9249878,473011
2024-08-20 15:30:00+00:00,267.230011,267.230011,267.9500122,266.5700073,266.8699951,330032
2024-08-20 16:30:00+00:00,266.1000061,266.1000061,267.4498901,265.2500916,267.230011,230530
2024-08-20 17:30:00+00:00,266.4400024,266.4400024,267.0638123,265.8399963,266.1099854,189757
2024-08-20 18:30:00+00:00,267.3399963,267.3399963,267.7998962,266.440094,266.5599976,263357
2024-08-20 19:30:00+00:00,266.519989,266.519989,268.1700134,266.4500122,267.0700989,399057
2024-08-21 13:30:00+00:00,270.9400024,270.9400024,274.4200134,265.6433105,267.0100098,1825493
2024-08-21 14:30:00+00:00,269.8200073,269.8200073,273.8299866,268.0299988,271.0090027,862970
2024-08-21 15:30:00+00:00,269.5750122,269.5750122,270,268.2101135,269.7999878,306545
2024-08-21 16:30:00+00:00,270.7200012,270.7200012,271.8399048,269.5599976,269.5599976,604082
2024-08-21 17:30:00+00:00,272.019989,272.019989,272.0799866,270.6499939,270.7200012,322498
2024-08-21 18:30:00+00:00,271.5,271.5,272.6000061,271,272.0249939,471874
2024-08-21 19:30:00+00:00,273.1900024,273.1900024,273.5299988,271.1900024,271.3999939,518538
2024-08-22 13:30:00+00:00,275.7698975,275.7698975,278.4700012,273.5799866,275.25,1686826
2024-08-22 14:30:00+00:00,272.2799988,272.2799988,275.6499939,271.75,275.519989,497897
2024-08-22 15:30:00+00:00,273.5687866,273.5687866,273.6799927,268.8099976,272.2799988,560017
2024-08-22 16:30:00+00:00,271.6700134,271.6700134,273.730011,270.7200928,273.6199951,267035
2024-08-22 17:30:00+00:00,270.2000122,270.2000122,271.9200134,269.4599915,271.519989,328448
2024-08-22 18:30:00+00:00,267.6799927,267.6799927,270.3699951,267.6799927,270.1849976,369790
2024-08-22 19:30:00+00:00,267.6499939,267.6499939,268.9598999,267.2301025,267.7600098,433846
2024-08-23 13:30:00+00:00,271.5,271.5,273.6000061,268.7200012,270.1099854,899901
2024-08-23 14:30:00+00:00,270.2550049,270.2550049,271.769989,266.8099976,271.2601013,697547
2024-08-23 15:30:00+00:00,269.605011,269.605011,270.9798889,269.0100098,270.4852905,272445
2024-08-23 16:30:00+00:00,271.019989,271.019989,271.0899963,268.730011,269.6549988,295887
2024-08-23 17:30:00+00:00,271.0314941,271.0314941,271.2749939,270,271.1000061,209379
2024-08-23 18:30:00+00:00,271.5100098,271.5100098,271.6700134,270.1499939,271.0350037,266204
2024-08-23 19:30:00+00:00,271.6000061,271.6000061,271.8500061,270.6000061,271.5299988,343066
2024-08-26 13:30:00+00:00,269.7550049,269.7550049,271.7399902,268.3999939,270.8900146,916113
2024-08-26 14:30:00+00:00,269.8699951,269.8699951,270.2999878,267.2099915,269.7650146,601147
2024-08-26 15:30:00+00:00,268.8800049,268.8800049,270.3450012,268.1099854,269.8200073,345236
2024-08-26 16:30:00+00:00,268,268,269.4500122,267.8156128,268.9299927,263866
2024-08-26 17:30:00+00:00,266.9500122,266.9500122,268.2900085,265.769989,267.9844055,361202
2024-08-26 18:30:00+00:00,266.8450012,266.8450012,267.8500061,266.5650024,267.0249939,340473
2024-08-26 19:30:00+00:00,265.7900085,265.7900085,267.1499939,265.269989,266.8299866,477492
2024-08-27 13:30:00+00:00,266.1849976,266.1849976,266.1849976,260.75,261.8099976,864024
2024-08-27 14:30:00+00:00,265.6700134,265.6700134,267.6398926,265.5400085,266.1000061,424141
2024-08-27 15:30:00+00:00,266.7200012,266.7200012,267.1332092,265.2900085,265.730011,231635
2024-08-27 16:30:00+00:00,267.6000061,267.6000061,267.6000061,266.2900085,266.7677917,279826
2024-08-27 17:30:00+00:00,269.1401062,269.1401062,269.3699951,266.9500122,267.6499939,345528
2024-08-27 18:30:00+00:00,268.7799988,268.7799988,269.2900085,268.019989,269.1400146,330798
2024-08-27 19:30:00+00:00,269.7999878,269.7999878,270.4299927,268.5618896,268.7799988,894858
2024-08-28 13:30:00+00:00,266.1749878,266.1749878,270.7203979,264.5000916,269.8999939,1106668
2024-08-28 14:30:00+00:00,263.1776123,263.1776123,266.9899902,261.5599976,266.1246033,763416
2024-08-28 15:30:00+00:00,263.4949951,263.4949951,265.3919983,262.5773926,263.3057861,495765
2024-08-28 16:30:00+00:00,264.5499878,264.5499878,265.5450134,263.480011,263.5100098,369237
2024-08-28 17:30:00+00:00,262.8900146,262.8900146,264.6600037,261.480011,264.5100098,506686
2024-08-28 18:30:00+00:00,265.8999939,265.8999939,266.0799866,262.8399963,262.8500061,770291
2024-08-28 19:30:00+00:00,264.0499878,264.0499878,265.9049988,263.9200134,265.894989,949795
2024-08-29 13:30:00+00:00,278.2799988,278.2799988,285.730011,269.2000122,272.940094,5958136
2024-08-29 14:30:00+00:00,272.7200012,272.7200012,281.2099915,272.1000061,278.0834961,1815530
2024-08-29 15:30:00+00:00,278.7200012,278.7200012,279.1900024,272.8450012,272.9299927,1168254
2024-08-29 16:30:00+00:00,279.0534973,279.0534973,279.5499878,276.7719116,278.5400085,723467
2024-08-29 17:30:00+00:00,276.6799927,276.6799927,280.25,276.5400085,278.730011,640022
2024-08-29 18:30:00+00:00,274.3900146,274.3900146,277,273.5,276.75,1070678
2024-08-29 19:30:00+00:00,271.6600037,271.6600037,275.5999146,270.9400024,274.3649902,1093972
2024-08-30 13:30:00+00:00,276.6925049,276.6925049,284.1099854,276.3599854,277.9899902,2038591
2024-08-30 14:30:00+00:00,276.6795959,276.6795959,281.5343933,275.7999878,276.7302856,834147
2024-08-30 15:30:00+00:00,274.0299988,274.0299988,277.7999878,273.3500977,276.4190979,871572
2024-08-30 16:30:00+00:00,277.3699951,277.3699951,277.4299927,273.5499878,274.2398987,482550
2024-08-30 17:30:00+00:00,275.9425964,275.9425964,277.6998901,275.8900146,277.4200134,321076
2024-08-30 18:30:00+00:00,277.5799866,277.5799866,277.6300049,275.5650024,275.9349976,281619
2024-08-30 19:30:00+00:00,277.269989,277.269989,277.9599915,276.920105,277.5700073,606592
2024-09-03 13:30:00+00:00,276.5100098,276.5100098,277.5100098,273.8299866,275.7799988,1347226
2024-09-03 14:30:00+00:00,269.9100037,269.9100037,276.6300049,269.6549988,276.6300049,865162
2024-09-03 15:30:00+00:00,268.217804,268.217804,271.0698853,268.1000061,269.9350891,523829
2024-09-03 16:30:00+00:00,267.8597107,267.8597107,268.480011,266.6099854,268.3500061,549019
2024-09-03 17:30:00+00:00,266.4500122,266.4500122,268.2999878,266.1400146,267.9305115,423427
2024-09-03 18:30:00+00:00,267.3399963,267.3399963,268.1199951,266.3599854,266.4284973,397372
2024-09-03 19:30:00+00:00,266.5400085,266.5400085,267.5799866,265.3200073,267.5799866,614824
2024-09-04 13:30:00+00:00,263.5499878,263.5499878,264.1611023,258.4100037,260.8299866,1170142
2024-09-04 14:30:00+00:00,263.3699951,263.3699951,267.1978149,263.2999878,263.5700073,591744
2024-09-04 15:30:00+00:00,262.7900085,262.7900085,264.3099976,262.5,263.4349976,383345
2024-09-04 16:30:00+00:00,261.7850037,261.7850037,263.980011,261.6300964,262.8099976,314976
2024-09-04 17:30:00+00:00,261.1600037,261.1600037,262.6099854,260.4500122,261.6700134,288047
2024-09-04 18:30:00+00:00,259.625,259.625,261.3399048,258.7000122,261.0700073,472679
2024-09-04 19:30:00+00:00,259.4599915,259.4599915,260,258.4299927,259.7000122,584791
2024-09-05 13:30:00+00:00,256.6199951,256.6199951,258.6398926,254.1000061,255.3999939,869365
2024-09-05 14:30:00+00:00,252.7100067,252.7100067,257.480011,252.6999969,256.5950012,775876
2024-09-05 15:30:00+00:00,255.8849945,255.8849945,255.9499969,252.670105,252.8500061,511353
2024-09-05 16:30:00+00:00,255.8699951,255.8699951,256.7600098,255.4600067,255.9049988,268509
2024-09-05 17:30:00+00:00,258.2999878,258.2999878,259,255.5500031,255.6900024,267670
2024-09-05 18:30:00+00:00,256.9400024,256.9400024,258.8999023,255.9900055,258.2099915,272242
2024-09-05 19:30:00+00:00,256.3299866,256.3299866,257.5400085,255.6900024,256.9249878,424592
2024-09-06 13:30:00+00:00,249,249,257.3900146,248.8699951,256.3099976,869863
2024-09-06 14:30:00+00:00,246.3244934,246.3244934,249.4700012,245.6499939,248.8699951,823915
2024-09-06 15:30:00+00:00,245.4250031,245.4250031,246.7050018,245.0200043,246.2299957,385950
2024-09-06 16:30:00+00:00,245.8300018,245.8300018,246.5899963,244.7700043,245.3899994,370267
2024-09-06 17:30:00+00:00,245.3000031,245.3000031,245.8200073,244.4900055,245.7299957,372614
2024-09-06 18:30:00+00:00,246.6199951,246.6199951,247.2700043,244.8862,245.2949982,464146
2024-09-06 19:30:00+00:00,246.5299988,246.5299988,247.9100037,246.1199951,246.7250061,598194
2024-09-09 13:30:00+00:00,245.8574982,245.8574982,249.4900055,245.4306946,248.4799957,833346
2024-09-09 14:30:00+00:00,246.3399963,246.3399963,246.6699982,244.1699982,245.9064026,402079
2024-09-09 15:30:00+00:00,248.9850006,248.9850006,249.2200012,246.190094,246.3200073,318274
2024-09-09 16:30:00+00:00,248.9682007,248.9682007,249.5,248.5559998,249.1000061,243173
2024-09-09 17:30:00+00:00,246.0599976,246.0599976,248.9649963,246.0500946,248.9649963,307991
2024-09-09 18:30:00+00:00,246.0700073,246.0700073,246.5099945,245.2899933,246.2498932,295534
2024-09-09 19:30:00+00:00,246.5861969,246.5861969,246.6898956,245.6952972,246.0399933,469011
2024-09-10 13:30:00+00:00,248.3049927,248.3049927,250.3300018,246.3300018,249,527715
2024-09-10 14:30:00+00:00,248.3000031,248.3000031,248.8600006,246.4924927,248.4700012,238411
2024-09-10 15:30:00+00:00,244.8336945,244.8336945,248.6629944,243.5500946,248.5950012,314072
2024-09-10 16:30:00+00:00,246.0700073,246.0700073,246.878006,244.3701019,244.7299957,154288
2024-09-10 17:30:00+00:00,248.5099945,248.5099945,248.8000031,245.8200073,246.1499939,186573
2024-09-10 18:30:00+00:00,248.7082062,248.7082062,248.8200073,247.8200073,248.5399933,171681
2024-09-10 19:30:00+00:00,247.8789978,247.8789978,248.625,247.3999939,248.625,306564
2024-09-11 13:30:00+00:00,244.0399933,244.0399933,247.7299957,243.0019073,247.7299957,593902
2024-09-11 14:30:00+00:00,245.8300018,245.8300018,246.3200073,242.25,243.3999939,344391
2024-09-11 15:30:00+00:00,248.9900055,248.9900055,248.9900055,245.2599945,245.7250061,224281
2024-09-11 16:30:00+00:00,249.1266937,249.1266937,249.3899994,247.6450043,248.9900055,149139
2024-09-11 17:30:00+00:00,253.2899933,253.2899933,253.3899994,248.8399963,249.3899994,324334
2024-09-11 18:30:00+00:00,253.8899994,253.8899994,254.4400024,252.6768951,253.2899933,382675
2024-09-11 19:30:00+00:00,253.5299988,253.5299988,254.0500031,252.6600037,253.8099976,356097
2024-09-12 13:30:00+00:00,256.5499878,256.5499878,256.7799988,252.4799957,255.6000061,490684
2024-09-12 14:30:00+00:00,254.3000031,254.3000031,257.3299866,253.7799988,256.5499878,368586
2024-09-12 15:30:00+00:00,256.0650024,256.0650024,256.2999878,253.8645935,254.0099945,205633
2024-09-12 16:30:00+00:00,256.3200073,256.3200073,257.1998901,255.5700073,256.0650024,153057
2024-09-12 17:30:00+00:00,258.2000122,258.2000122,258.309906,256.2099915,256.3500061,246092
2024-09-12 18:30:00+00:00,257.4424133,257.4424133,258.3804932,256.5799866,258.2200012,419245
2024-09-12 19:30:00+00:00,257.230011,257.230011,257.6900024,256.1512146,257.4700012,385302
2024-09-13 13:30:00+00:00,259.3599854,259.3599854,260.2000122,256.0820007,257,434158
2024-09-13 14:30:00+00:00,259.6749878,259.6749878,260.6899109,258.1499939,259,270378
2024-09-13 15:30:00+00:00,259.4200134,259.4200134,261.5799866,259.4200134,259.7879944,280397
2024-09-13 16:30:00+00:00,261.0400085,261.0400085,261.1998901,258.5499878,259.4070129,181467
2024-09-13 17:30:00+00:00,259.3299866,259.3299866,261.269989,259.2554932,261.0700073,215221
2024-09-13 18:30:00+00:00,259.4500122,259.4500122,260,259.1099854,259.3200073,179268
2024-09-13 19:30:00+00:00,259.1400146,259.1400146,259.8699036,258.3548889,259.4100037,370136
2024-09-16 13:30:00+00:00,266.6845093,266.6845093,268.0939941,259.3699951,260.769989,1016543
2024-09-16 14:30:00+00:00,269.5150146,269.5150146,269.9032898,264.3955994,266.7099915,593540
2024-09-16 15:30:00+00:00,267.4599915,267.4599915,269.7962952,266.2399902,269.5150146,423784
2024-09-16 16:30:00+00:00,269.3999939,269.3999939,269.5899963,266.8500061,267.6099854,311720
2024-09-16 17:30:00+00:00,269.5700073,269.5700073,269.8999939,268.8599854,269.2001038,261088
2024-09-16 18:30:00+00:00,268.1499939,268.1499939,270.0499878,268,269.5700073,321712
2024-09-16 19:30:00+00:00,267.7999878,267.7999878,268.8999939,267.3200073,268.125,466958
2024-09-17 13:30:00+00:00,269.8150024,269.8150024,272.3999023,267.6773987,270.2000122,778683
2024-09-17 14:30:00+00:00,270.3999939,270.3999939,272.1900024,269.1799927,269.9898987,357860
2024-09-17 15:30:00+00:00,268.6101074,268.6101074,271.1802979,267.5499878,270.6300049,300458
2024-09-17 16:30:00+00:00,269.3200073,269.3200073,269.8699951,267.3399963,268.646698,308914
2024-09-17 17:30:00+00:00,270.4200134,270.4200134,270.9400024,268.0700073,269.1799927,291829
2024-09-17 18:30:00+00:00,269.6199951,269.6199951,270.9700012,269.2000122,270.2799988,255053
2024-09-17 19:30:00+00:00,268.8299866,268.8299866,269.7399902,268.480011,269.5799866,278490
2024-09-18 13:30:00+00:00,266.2600098,266.2600098,270.6900024,265,269.4899902,622403
2024-09-18 14:30:00+00:00,264.7923889,264.7923889,266.785614,263.7999878,266.230011,435247
2024-09-18 15:30:00+00:00,266.2250061,266.2250061,266.2799988,263.4501038,264.6400146,276406
2024-09-18 16:30:00+00:00,267.2900085,267.2900085,267.3699951,266.019989,266.2200012,201758
2024-09-18 17:30:00+00:00,270.4999084,270.4999084,272.019989,266.5,267.3599854,550039
2024-09-18 18:30:00+00:00,270.3099976,270.3099976,271.822998,266.8700867,270.5,496906
2024-09-18 19:30:00+00:00,267.0499878,267.0499878,270.7799988,266.9150085,270.3250122,354912
2024-09-19 13:30:00+00:00,279.4599915,279.4599915,279.7372131,273.75,276.3789978,1609935
2024-09-19 14:30:00+00:00,283.4700012,283.4700012,283.9898987,278.7799988,279.7600098,1269644
2024-09-19 15:30:00+00:00,282.526001,282.526001,283.6099854,281.0000916,283.4960022,586984
2024-09-19 16:30:00+00:00,282.1925964,282.1925964,283.0350037,281.5499878,282.5999146,366144
2024-09-19 17:30:00+00:00,280.6499939,280.6499939,282.8699951,279.8577881,282.0400085,413339
2024-09-19 18:30:00+00:00,278.9049988,278.9049988,281.2900085,278.1199951,280.6499939,481673
2024-09-19 19:30:00+00:00,277.2600098,277.2600098,278.8599854,276.7200012,278.8599854,841732
2024-09-20 13:30:00+00:00,288.2850037,288.2850037,293.0299988,283.8800049,284.1300049,3116424
2024-09-20 14:30:00+00:00,290.3850098,290.3850098,291,286.8699951,288.3200073,1068338
2024-09-20 15:30:00+00:00,294.8450012,294.8450012,295.9700012,289.5812988,290.3399963,1465601
2024-09-20 16:30:00+00:00,293.519989,293.519989,295.8999939,293.1199951,294.7200012,886512
2024-09-20 17:30:00+00:00,294.1600037,294.1600037,294.2999878,291.5700073,293.5950012,626683
2024-09-20 18:30:00+00:00,298.9212036,298.9212036,299.1199036,293.1400146,294,1388511
2024-09-20 19:30:00+00:00,299.7999878,299.7999878,300.4299927,296.519989,299,2165967
2024-09-23 13:30:00+00:00,299.9028931,299.9028931,302.1578979,295.7999878,297.1000061,2222540
2024-09-23 14:30:00+00:00,296.2099915,296.2099915,299.9400024,296.0400085,299.7850037,658987
2024-09-23 15:30:00+00:00,296.5848083,296.5848083,297.5,295.8599854,296.4200134,576534
2024-09-23 16:30:00+00:00,294.6600037,294.6600037,297.1000061,294.3500061,296.5549927,420626
2024-09-23 17:30:00+00:00,293.9700012,293.9700012,294.9999084,293.7918091,294.4523926,321553
2024-09-23 18:30:00+00:00,294.1499939,294.1499939,294.6000061,292.5700989,293.9549866,407257
2024-09-23 19:30:00+00:00,293.1099854,293.1099854,294.4899902,293.1099854,294.1700134,475225
2024-09-24 13:30:00+00:00,287.5249939,287.5249939,295.3999939,285.2799988,295.3599854,1202657
2024-09-24 14:30:00+00:00,288.1700134,288.1700134,288.4798889,286.0799866,287.6299133,393154
2024-09-24 15:30:00+00:00,290.25,290.25,291.4299011,287.4336853,288.3198853,483590
2024-09-24 16:30:00+00:00,290.0700073,290.0700073,291.6650085,289.8100891,290.25,237881
2024-09-24 17:30:00+00:00,289.269989,289.269989,290.5100098,288.75,290.2250061,236097
2024-09-24 18:30:00+00:00,289.1799927,289.1799927,289.6299133,288.6600037,289.2900085,207560
2024-09-24 19:30:00+00:00,288.480011,288.480011,289.3198853,288.25,289.1799927,375296
2024-09-25 13:30:00+00:00,288.894989,288.894989,291.7298889,287.7900085,290,731834
2024-09-25 14:30:00+00:00,287.5650024,287.5650024,289.579895,287.4400024,288.8884888,379364
2024-09-25 15:30:00+00:00,289.5400085,289.5400085,289.7880859,287.4422913,287.5499878,248618
2024-09-25 16:30:00+00:00,288.5499878,288.5499878,290.1350098,287.8200989,289.6123047,164703
2024-09-25 17:30:00+00:00,286.7000122,286.7000122,288.75,286.5599976,288.480011,217601
2024-09-25 18:30:00+00:00,285.7099915,285.7099915,286.9500122,285.6156006,286.9500122,282807
2024-09-25 19:30:00+00:00,286.4400024,286.4400024,287.1549988,285.5400085,285.6700134,410933
2024-09-26 13:30:00+00:00,283.0899963,283.0899963,292.375,282.5,291.25,1318648
2024-09-26 14:30:00+00:00,279.7199097,279.7199097,283.5499878,277.8800049,283.2463074,913937
2024-09-26 15:30:00+00:00,279.4899902,279.4899902,281.4400024,278.9801025,279.3200073,341118
2024-09-26 16:30:00+00:00,279.6000061,279.6000061,280.0064087,277.9100037,279.4450073,397932
2024-09-26 17:30:00+00:00,280.4324951,280.4324951,280.8999939,279.3301086,279.5999146,388744
2024-09-26 18:30:00+00:00,282.4150085,282.4150085,282.75,280.2999878,280.2999878,425763
2024-09-26 19:30:00+00:00,281.5700073,281.5700073,282.6499939,281.3999939,282.4085999,458446
2024-09-27 13:30:00+00:00,282.9899902,282.9899902,284.4999084,281.1499939,283.7999878,639500
2024-09-27 14:30:00+00:00,283.2799988,283.2799988,284.6593018,281.8299866,282.9899902,336104
2024-09-27 15:30:00+00:00,283.9500122,283.9500122,284.480011,282.5501099,283.1199951,196795
2024-09-27 16:30:00+00:00,284.9978027,284.9978027,286.4500122,283.8344116,284,334807
2024-09-27 17:30:00+00:00,284.4458923,284.4458923,286.1000061,284.3099976,284.8900146,240451
2024-09-27 18:30:00+00:00,285.7099915,285.7099915,286.1799927,283.5599976,284.3399963,270713
2024-09-27 19:30:00+00:00,285.8299866,285.8299866,286.2600098,285.4599915,285.7650146,450985
2024-09-30 13:30:00+00:00,281.6440125,281.6440125,285.4100037,279.8099976,284,647871
2024-09-30 14:30:00+00:00,281.2999878,281.2999878,282.4999084,280.5899963,281.769989,272876
2024-09-30 15:30:00+00:00,281.519989,281.519989,282.2600098,280.670105,281.480011,208347
2024-09-30 16:30:00+00:00,281.4200134,281.4200134,281.8422852,280.8800049,281.5100098,176954
2024-09-30 17:30:00+00:00,278.5799866,278.5799866,281.4899902,278.2099915,281.3900146,306848
2024-09-30 18:30:00+00:00,279.4500122,279.4500122,280.4700012,278.2000122,278.3250122,295586
2024-09-30 19:30:00+00:00,280.4299927,280.4299927,280.8999939,278.9301147,279.4500122,416636
2024-10-01 13:30:00+00:00,276.5499878,276.5499878,282.9737854,275.75,282,718512
2024-10-01 14:30:00+00:00,275.980011,275.980011,278.3299866,274.5599976,276.3500061,394994
2024-10-01 15:30:00+00:00,275.4523926,275.4523926,276.7398987,274.7900085,276,206174
2024-10-01 16:30:00+00:00,273.3399963,273.3399963,275.6300049,273.0400085,275.3649902,374184
2024-10-01 17:30:00+00:00,277.7200012,277.7200012,277.7600098,272.670105,273.2200928,387970
2024-10-01 18:30:00+00:00,277.5899963,277.5899963,277.9049988,276.7900085,277.6499939,241932
2024-10-01 19:30:00+00:00,275.1900024,275.1900024,277.5599976,275.019989,277.5599976,331399
2024-10-02 13:30:00+00:00,278.6199951,278.6199951,279.6998901,274.8619995,275,587806
2024-10-02 14:30:00+00:00,280.2200012,280.2200012,280.6000061,278.1300049,278.6199951,357243
2024-10-02 15:30:00+00:00,280.3500061,280.3500061,280.6099854,277.9031067,280.0849915,255822
2024-10-02 16:30:00+00:00,281.1400146,281.1400146,281.6199951,280.0206909,280.3999939,239491
2024-10-02 17:30:00+00:00,281.2900085,281.2900085,281.6700134,280.2200012,281.125,214879
2024-10-02 18:30:00+00:00,281.6700134,281.6700134,281.9899902,280.9299927,281.4299927,201931
2024-10-02 19:30:00+00:00,280.25,280.25,282.1499023,280.1799927,281.6499939,328688
2024-10-03 13:30:00+00:00,281.7099915,281.7099915,284.2499084,278.5914917,279,626528
2024-10-03 14:30:00+00:00,285.0899963,285.0899963,285.5,280.7399902,281.3599854,475214
2024-10-03 15:30:00+00:00,286.3250122,286.3250122,286.6300049,285.013092,285.013092,447303
2024-10-03 16:30:00+00:00,284.6400146,284.6400146,286.8999939,283.2756958,286.3250122,412833
2024-10-03 17:30:00+00:00,283.8450012,283.8450012,285.4599915,283.6199951,284.480011,235650
2024-10-03 18:30:00+00:00,282.9100037,282.9100037,284.4198914,282.6400146,283.8500061,304229
2024-10-03 19:30:00+00:00,283.6700134,283.6700134,284.1650085,282.5899963,282.5899963,379873
2024-10-04 13:30:00+00:00,284.8349915,284.8349915,289.0549927,283.7999878,288.1600037,670828
2024-10-04 14:30:00+00:00,287.4703979,287.4703979,289,284.7999878,284.7999878,350033
2024-10-04 15:30:00+00:00,289.292511,289.292511,289.8699951,286.9000854,287.3399963,235834
2024-10-04 16:30:00+00:00,290.2950134,290.2950134,291.6000061,288.5054932,289.2950134,451157
2024-10-04 17:30:00+00:00,290.1900024,290.1900024,291.2550049,289.151001,290.25,228046
2024-10-04 18:30:00+00:00,291.6600037,291.6600037,291.8471985,289.9599915,290.019989,261770
2024-10-04 19:30:00+00:00,292.3299866,292.3299866,292.519989,291.2900085,291.5599976,504304
2024-10-07 13:30:00+00:00,291.334198,291.334198,293,286.5100098,291.5589905,602123
2024-10-07 14:30:00+00:00,290.0100098,290.0100098,291.2850037,288.3699951,291.1871948,201712
2024-10-07 15:30:00+00:00,289.6762085,289.6762085,290.309906,288.769989,289.9234009,131341
2024-10-07 16:30:00+00:00,289.7399902,289.7399902,290,288.980011,289.5499878,114655
2024-10-07 17:30:00+00:00,288.1835022,288.1835022,289.5947876,287.6000977,289.4549866,188522
2024-10-07 18:30:00+00:00,286.4100037,286.4100037,288.0650024,285.7900085,288.0450134,329793
2024-10-07 19:30:00+00:00,287.1499939,287.1499939,287.519989,286,286.4874878,336801
2024-10-08 13:30:00+00:00,288.8900146,288.8900146,291.672699,286.7799988,288,523942
2024-10-08 14:30:00+00:00,289.25,289.25,289.9899902,288.1600037,288.9700012,219968
2024-10-08 15:30:00+00:00,290.5,290.5,290.6998901,288.75,289.1799927,208723
2024-10-08 16:30:00+00:00,289.8900146,289.8900146,290.5571899,288.8599854,290.4150085,215858
2024-10-08 17:30:00+00:00,291.4100037,291.4100037,291.4849854,289.7999878,289.894989,159960
2024-10-08 18:30:00+00:00,294.7749939,294.7749939,294.9500122,291.394989,291.394989,581582
2024-10-08 19:30:00+00:00,292.9299927,292.9299927,295.25,292.9100037,294.7600098,541433
2024-10-09 13:30:00+00:00,295.1799927,295.1799927,298.1499023,292.5,294,570408
2024-10-09 14:30:00+00:00,296.5950012,296.5950012,297.3800049,294.1700134,295.3299866,305072
2024-10-09 15:30:00+00:00,295.9049988,295.9049988,297.4500122,295.4899902,296.5950012,204935
2024-10-09 16:30:00+00:00,295.730011,295.730011,296.4505005,294.8699951,295.8649902,163698
2024-10-09 17:30:00+00:00,297.3850098,297.3850098,297.6799011,295.670105,295.8399963,241887
2024-10-09 18:30:00+00:00,297.75,297.75,298.0751953,296.0925903,297.3299866,298032
2024-10-09 19:30:00+00:00,298.4899902,298.4899902,298.763092,297.5100098,297.75,430798
2024-10-10 13:30:00+00:00,312.8500061,312.8500061,314.4899902,297.2900085,297.7900085,2952158
2024-10-10 14:30:00+00:00,309.4200134,309.4200134,313.1700134,309.1199951,313.1700134,1141322
2024-10-10 15:30:00+00:00,309.5823059,309.5823059,312.6099854,308.3500061,309.3900146,618251
2024-10-10 16:30:00+00:00,310.2200012,310.2200012,310.6341858,307.6400146,309.2399902,500937
2024-10-10 17:30:00+00:00,312.3250122,312.3250122,312.6199951,309.0700073,310.2099915,459652
2024-10-10 18:30:00+00:00,314.6300049,314.6300049,314.6400146,312.0499878,312.0799866,760568
2024-10-10 19:30:00+00:00,315.0499878,315.0499878,315.519989,313.6499939,314.5,886953
2024-10-11 13:30:00+00:00,318.3699951,318.3699951,319.0871887,313,314.9200134,1257159
2024-10-11 14:30:00+00:00,320.9599915,320.9599915,322.574585,318.1600037,318.2999878,918603
2024-10-11 15:30:00+00:00,319.3554993,319.3554993,321.1900024,318.8399963,320.7650146,414850
2024-10-11 16:30:00+00:00,319.0599976,319.0599976,319.4198914,318.3999939,319.2399902,294546
2024-10-11 17:30:00+00:00,319.2799988,319.2799988,319.6998901,317.5100098,319.0299988,293339
2024-10-11 18:30:00+00:00,320.4100037,320.4100037,320.7000122,318.4949951,319.1900024,349594
2024-10-11 19:30:00+00:00,320.2999878,320.2999878,321,319.670105,320.4249878,613528
2024-10-14 13:30:00+00:00,316.4200134,316.4200134,323.9385071,314.3100891,321.5700073,1153440
2024-10-14 14:30:00+00:00,311.7999878,311.7999878,316.1600037,310.6000061,315.9500122,989942
2024-10-14 15:30:00+00:00,311.1000061,311.1000061,312.0999146,310.3500061,311.7999878,497828
2024-10-14 16:30:00+00:00,311.0700073,311.0700073,311.7499084,309.6000061,311.2000122,454591
2024-10-14 17:30:00+00:00,310.2999878,310.2999878,311.2471008,309.8200073,310.9649963,280868
2024-10-14 18:30:00+00:00,310.8099976,310.8099976,311.75,309.8200073,310.3999939,354001
2024-10-14 19:30:00+00:00,310.519989,310.519989,311.3699951,310.3900146,310.7600098,398061
2024-10-15 13:30:00+00:00,305.0100098,305.0100098,310.5198975,304.7999878,309.5,1026822
2024-10-15 14:30:00+00:00,305.75,305.75,306.980011,301.1300964,305,564266
2024-10-15 15:30:00+00:00,304.019989,304.019989,306.907196,303.1400146,305.75,288629
2024-10-15 16:30:00+00:00,304.3240051,304.3240051,305.7012024,303.6400146,304.125,330866
2024-10-15 17:30:00+00:00,304.1375122,304.1375122,304.9599915,303.9100037,304.0000916,153520
2024-10-15 18:30:00+00:00,302.1900024,302.1900024,304.0625,301.0466003,304.019989,470837
2024-10-15 19:30:00+00:00,302.3099976,302.3099976,302.4899902,300.75,302.2900085,502754
2024-10-16 13:30:00+00:00,302.2900085,302.2900085,305.480011,299.269989,303.9500122,541121
2024-10-16 14:30:00+00:00,304.8500061,304.8500061,305.5100098,302.0101013,302.6900024,346222
2024-10-16 15:30:00+00:00,306.3880005,306.3880005,306.4064026,303.1199951,304.8500061,410041
2024-10-16 16:30:00+00:00,304.9700012,304.9700012,306.4299927,304,306.2110901,366372
2024-10-16 17:30:00+00:00,306.5884094,306.5884094,307.2049866,304.8999939,304.8999939,286047
2024-10-16 18:30:00+00:00,306.2999878,306.2999878,307.1199036,305.9200134,306.4899902,233182
2024-10-16 19:30:00+00:00,306.1400146,306.1400146,306.7000122,305.8599854,306.2650146,267800
2024-10-17 13:30:00+00:00,309.4299011,309.4299011,311.3999939,306.2399902,310,832404
2024-10-17 14:30:00+00:00,308.9599915,308.9599915,310.3299866,306.8999939,309.5650024,278900
2024-10-17 15:30:00+00:00,311.9682922,311.9682922,312.8900146,309.1000061,309.1900024,489475
2024-10-17 16:30:00+00:00,312.5400085,312.5400085,313.2499084,311.0799866,311.855011,322965
2024-10-17 17:30:00+00:00,311.6499939,311.6499939,313.7398987,311.3693848,312.6099854,292603
2024-10-17 18:30:00+00:00,310.2999878,310.2999878,312.4598999,310.2999878,311.6400146,248867
2024-10-17 19:30:00+00:00,310.3800049,310.3800049,310.769989,309.3800049,310.2449951,334152
2024-10-18 13:30:00+00:00,309.4200134,309.4200134,311.6299133,307.5499878,310.480011,695770
2024-10-18 14:30:00+00:00,309.7200012,309.7200012,309.8699951,306.8099976,309.4479065,317799
2024-10-18 15:30:00+00:00,311.5599976,311.5599976,311.6400146,309.7000122,309.8534851,236790
2024-10-18 16:30:00+00:00,312.8800049,312.8800049,313.5999146,311.5,311.5750122,339715
2024-10-18 17:30:00+00:00,311.230011,311.230011,313.8800049,311.1520081,313.0249939,302789
2024-10-18 18:30:00+00:00,310.8680115,310.8680115,311.4100037,310.2000122,311.2200012,215281
2024-10-18 19:30:00+00:00,310.1600037,310.1600037,311.4599915,309.8500977,310.8150024,374267
2024-10-21 13:30:00+00:00,315.019989,315.019989,316.9979858,309.6000061,309.9400024,756651
2024-10-21 14:30:00+00:00,308.9649963,308.9649963,315.3099976,308.5299988,315.2999878,422133
2024-10-21 15:30:00+00:00,309.1799927,309.1799927,311.4299927,308.7401123,308.8800049,236642
2024-10-21 16:30:00+00:00,309.6749878,309.6749878,310,308.1099854,309.2043152,187612
2024-10-21 17:30:00+00:00,309.5799866,309.5799866,310.0100098,309.2200012,309.6774902,134602
2024-10-21 18:30:00+00:00,309.4899902,309.4899902,310.019989,308.3699951,309.7799988,183221
2024-10-21 19:30:00+00:00,309.7000122,309.7000122,310.1400146,308.8500061,309.5299988,301757
2024-10-22 13:30:00+00:00,308.6650085,308.6650085,311.5499878,304.2600098,309,506417
2024-10-22 14:30:00+00:00,306.625,306.625,309.5,305.565094,308.9700012,300180
2024-10-22 15:30:00+00:00,306.2550049,306.2550049,308.3900146,306.2550049,306.6278076,164970
2024-10-22 16:30:00+00:00,306.980011,306.980011,308.3200073,306.2600098,306.3599854,148627
2024-10-22 17:30:00+00:00,308.5400085,308.5400085,309.019989,307.1000061,307.1000061,187213
2024-10-22 18:30:00+00:00,308.5046082,308.5046082,308.7799988,307.7600098,308.2799988,210345
2024-10-22 19:30:00+00:00,308.5100098,308.5100098,308.9700012,307.7900085,308.6099854,282626
2024-10-23 13:30:00+00:00,304.7900085,304.7900085,308.0661011,301.0101013,307.1400146,560968
2024-10-23 14:30:00+00:00,304.769989,304.769989,305.6264954,302.8699951,304.9500122,316739
2024-10-23 15:30:00+00:00,303.6350098,303.6350098,306.0400085,303.4500122,304.5700073,217943
2024-10-23 16:30:00+00:00,302.0150146,302.0150146,303.7999878,301.0899963,303.5100098,290930
2024-10-23 17:30:00+00:00,299.2600098,299.2600098,302.2399902,298.3200073,301.875,429153
2024-10-23 18:30:00+00:00,299.2919922,299.2919922,300.5198975,298.9104004,299.2399902,311197
2024-10-23 19:30:00+00:00,299.3299866,299.3299866,300.1700134,298.7701111,299.2081909,342265
2024-10-24 13:30:00+00:00,302.4501038,302.4501038,304.6676025,301,302.1099854,420660
2024-10-24 14:30:00+00:00,303.4096069,303.4096069,305,302.7099915,302.9299927,188225
2024-10-24 15:30:00+00:00,303.769989,303.769989,304,302.0899963,303.4240112,147189
2024-10-24 16:30:00+00:00,304.9100037,304.9100037,305.4599915,303.6499939,303.6499939,139755
2024-10-24 17:30:00+00:00,304.3599854,304.3599854,304.9898987,304.0899963,304.7999878,94287
2024-10-24 18:30:00+00:00,304.8399963,304.8399963,305,303.2800903,304.3500061,404176
2024-10-24 19:30:00+00:00,304.6000061,304.6000061,305.9070129,304.4299927,304.7799988,237235
2024-10-25 13:30:00+00:00,310.026886,310.026886,311.3499146,304.9299927,304.9299927,490055
2024-10-25 14:30:00+00:00,308.4249878,308.4249878,311.0177917,308.3729858,310.0430908,260164
2024-10-25 15:30:00+00:00,310.3299866,310.3299866,310.3699951,308.25,308.5899963,226339
2024-10-25 16:30:00+00:00,301.4100037,301.4100037,310.7799988,296.2045898,310.3200073,1939472
2024-10-25 17:30:00+00:00,296.2287903,296.2287903,301.0849915,295.1300049,300.9949951,901843
2024-10-25 18:30:00+00:00,298.8601074,298.8601074,300.6900024,295.5700073,296.1499939,760507
2024-10-25 19:30:00+00:00,300.6099854,300.6099854,301.605011,298.9100952,298.9100952,767684
2024-10-28 13:30:00+00:00,303.5899963,303.5899963,305,295.3400879,300.8900146,1245482
2024-10-28 14:30:00+00:00,301.8999939,301.8999939,303.8999939,301.4516907,303.7898865,303735
2024-10-28 15:30:00+00:00,304.0700073,304.0700073,304.6599121,300.8900146,301.8399963,377271
2024-10-28 16:30:00+00:00,301.730011,301.730011,304.0650024,301.6585083,304.0650024,336793
2024-10-28 17:30:00+00:00,300.9974976,300.9974976,302.4400024,300.7399902,301.730011,215375
2024-10-28 18:30:00+00:00,301.0400085,301.0400085,302,300.6500854,300.8150024,210420
2024-10-28 19:30:00+00:00,301.3200073,301.3200073,302.0599976,300.8099976,300.8399963,312628
2024-10-29 13:30:00+00:00,306.9396973,306.9396973,308.4558105,300.3999939,303.2399902,672987
2024-10-29 14:30:00+00:00,309.519989,309.519989,309.894989,306.637207,306.9400024,359374
2024-10-29 15:30:00+00:00,310.230011,310.230011,311.4999084,309.2200928,309.4631042,382789
2024-10-29 16:30:00+00:00,312.1099854,312.1099854,312.581604,310.25,310.3500061,316824
2024-10-29 17:30:00+00:00,311.0499878,311.0499878,313.1499939,309.8700867,312.1199951,256915
2024-10-29 18:30:00+00:00,311.6444092,311.6444092,311.8399963,309.9100037,311.0700073,269684
2024-10-29 19:30:00+00:00,311.019989,311.019989,312.4592896,310.8299866,311.519989,368787
2024-10-30 13:30:00+00:00,313.5050049,313.5050049,313.8598938,307.6900024,311.5,557921
2024-10-30 14:30:00+00:00,312.1600037,312.1600037,315.4760132,311.0335083,313.5050049,319818
2024-10-30 15:30:00+00:00,310.786499,310.786499,312.0899963,310.1600952,312.0650024,154585
2024-10-30 16:30:00+00:00,310.3500061,310.3500061,310.9230957,309.5570068,310.8900146,112396
2024-10-30 17:30:00+00:00,309.9200134,309.9200134,310.4111938,308.3001099,309.8800964,168042
2024-10-30 18:30:00+00:00,309.1719971,309.1719971,310.8269043,308.9000854,310.2149963,140803
2024-10-30 19:30:00+00:00,307.4500122,307.4500122,309.5700073,307.1361084,309.2600098,233474
2024-10-31 13:30:00+00:00,300.5000916,300.5000916,307.4049988,298.730011,306,655024
2024-10-31 14:30:00+00:00,297.2650146,297.2650146,300.5299988,296.2020874,300.4599915,466579
2024-10-31 15:30:00+00:00,296.0700073,296.0700073,297.5,295.5650024,297.1499939,334054
2024-10-31 16:30:00+00:00,296.2749939,296.2749939,297.8900146,295.7200012,296.1149902,259121
2024-10-31 17:30:00+00:00,295.5,295.5,296.4899902,294.6799927,296.3399963,318588
2024-10-31 18:30:00+00:00,296.7600098,296.7600098,297.0599976,294.7301025,295.7598877,285599
2024-10-31 19:30:00+00:00,296.7399902,296.7399902,298.0249939,296.25,296.9501038,469840
2024-11-01 13:30:00+00:00,301.7099915,301.7099915,301.7998962,295.7099915,297.3599854,607646
2024-11-01 14:30:00+00:00,302.5871887,302.5871887,302.9400024,301,301.7999878,300658
2024-11-01 15:30:00+00:00,302.8399963,302.8399963,303.1221008,301.8616028,302.3200073,210827
2024-11-01 16:30:00+00:00,303.9899902,303.9899902,304.380188,302.2799988,302.9400024,201233
2024-11-01 17:30:00+00:00,300.5599976,300.5599976,303.6300049,300.3999939,303.6300049,203319
2024-11-01 18:30:00+00:00,302.3500061,302.3500061,303.1749878,299.8599854,300.519989,265228
2024-11-01 19:30:00+00:00,303.1400146,303.1400146,303.7000122,302.3299866,302.3299866,362717
2024-11-04 14:30:00+00:00,300.7099915,300.7099915,301.7600098,295.0799866,300.519989,669289
2024-11-04 15:30:00+00:00,301.2084961,301.2084961,302.1000061,299.9599915,300.7600098,212341
2024-11-04 16:30:00+00:00,300.0599976,300.0599976,301.1900024,298.5968018,301.0599976,181717
2024-11-04 17:30:00+00:00,301.1199951,301.1199951,302,299.9599915,300.1499939,223941
2024-11-04 18:30:00+00:00,302.4500122,302.4500122,302.6600037,300.9299927,301.0499878,130404
2024-11-04 19:30:00+00:00,300.730011,300.730011,302.9200134,300.7000122,302.2492981,147230
2024-11-04 20:30:00+00:00,298.8599854,298.8599854,301.2200012,298.6099854,300.6499939,328363
2024-11-05 14:30:00+00:00,300.7650146,300.7650146,303.3215027,298.6170044,300.1099854,344989
2024-11-05 15:30:00+00:00,302.8500061,302.8500061,303.9779968,300.7000122,300.8299866,164247
2024-11-05 16:30:00+00:00,305.3406982,305.3406982,305.6000061,302.9150085,302.9599915,187974
2024-11-05 17:30:00+00:00,305.855011,305.855011,307.3699036,305.3200073,305.3500061,256528
2024-11-05 18:30:00+00:00,305.9049988,305.9049988,306.7000122,305.5400085,306.0398865,133888
2024-11-05 19:30:00+00:00,307.9500122,307.9500122,307.9500122,305.4899902,305.9100037,219655
2024-11-05 20:30:00+00:00,307.6499939,307.6499939,308.8900146,307.1799927,307.8599854,378176
2024-11-06 14:30:00+00:00,318.9700012,318.9700012,324.6640015,316.7500916,319,1313080
2024-11-06 15:30:00+00:00,320.0549927,320.0549927,320.6000061,317.6499939,318.9750061,396376
2024-11-06 16:30:00+00:00,320.9949951,320.9949951,321.269989,319.2000122,320.0549927,390941
2024-11-06 17:30:00+00:00,319.2999878,319.2999878,321.2200012,318.5299988,321.1854858,261438
2024-11-06 18:30:00+00:00,319.6275024,319.6275024,320,317.4083862,319.3250122,312648
2024-11-06 19:30:00+00:00,319.3200073,319.3200073,320,318.5499878,319.7217102,319017
2024-11-06 20:30:00+00:00,319.980011,319.980011,320.2600098,318.625,319.1900024,485845
2024-11-07 14:30:00+00:00,322.6357117,322.6357117,324.4999084,320.4512024,322.5,451972
2024-11-07 15:30:00+00:00,324.0700073,324.0700073,324.2799988,321.3699951,322.3599854,247614
2024-11-07 16:30:00+00:00,325.5799866,325.5799866,325.6000061,323.3900146,323.9670105,312151
2024-11-07 17:30:00+00:00,325.7099915,325.7099915,326.3999939,324.0499878,325.5299988,342434
2024-11-07 18:30:00+00:00,331.9891052,331.9891052,332.0549927,325.0101013,325.8099976,614917
2024-11-07 19:30:00+00:00,332.2200928,332.2200928,333.2199097,330.8800049,331.9150085,501278
2024-11-07 20:30:00+00:00,330.7799988,330.7799988,332.5450134,330.3555908,332.2301025,511736
2024-11-08 14:30:00+00:00,325.25,325.25,333.1499939,323.8999939,330.6300049,763879
2024-11-08 15:30:00+00:00,327.0050049,327.0050049,327.5,323.2399902,325.4400024,417993
2024-11-08 16:30:00+00:00,326.5650024,326.5650024,327.8999023,326.0499878,327.1199951,262973
2024-11-08 17:30:00+00:00,327.4500122,327.4500122,328.4400024,326.2000122,326.4549866,179522
2024-11-08 18:30:00+00:00,327.2349854,327.2349854,328.0400085,326.1199951,327.8399963,211725
2024-11-08 19:30:00+00:00,328.1099854,328.1099854,328.7098999,327.1749878,327.1749878,210617
2024-11-08 20:30:00+00:00,330.1499939,330.1499939,330.2399902,327.7246094,328.041687,396292
2024-11-11 14:30:00+00:00,334.3399963,334.3399963,337.3428955,331.8800049,334,725886
2024-11-11 15:30:00+00:00,335.1900024,335.1900024,335.8299866,333.1549988,334.3599854,306990
2024-11-11 16:30:00+00:00,337.6907043,337.6907043,338.8399963,334.4301147,335.1900024,338992
2024-11-11 17:30:00+00:00,338.3800049,338.3800049,339.1281128,336.7749939,337.6350098,353987
2024-11-11 18:30:00+00:00,341.769989,341.769989,341.8800049,337.755188,338.2200928,372268
2024-11-11 19:30:00+00:00,341.3519897,341.3519897,342.3699036,340.6300049,341.8085938,363358
2024-11-11 20:30:00+00:00,342.5700073,342.5700073,342.7850037,340.6373901,341.4100037,377991
2024-11-12 14:30:00+00:00,337.913208,337.913208,342.0899963,336.6600037,340,617102
2024-11-12 15:30:00+00:00,337.6700134,337.6700134,338.980011,336.5253906,337.8399963,284709
2024-11-12 16:30:00+00:00,340.0450134,340.0450134,340.7799072,336.7799988,337.6199951,378642
2024-11-12 17:30:00+00:00,339.8789978,339.8789978,340.4363098,337.3800049,339.9299927,193378
2024-11-12 18:30:00+00:00,341.7900085,341.7900085,341.855011,339.7399902,339.8399963,240002
2024-11-12 19:30:00+00:00,343.2049866,343.2049866,343.3598938,341.5899963,341.7399902,249763
2024-11-12 20:30:00+00:00,343.5799866,343.5799866,343.8900146,342.6900024,343.0450134,322420
2024-11-13 14:30:00+00:00,354.6199951,354.6199951,354.980011,344.0899963,345,1081392
2024-11-13 15:30:00+00:00,356.4100037,356.4100037,357.1600037,353.7999878,354.5799866,559683
2024-11-13 16:30:00+00:00,358.2799988,358.2799988,359.2829895,355.6499939,356.1350098,523041
2024-11-13 17:30:00+00:00,358.6700134,358.6700134,359.2799988,355.9899902,358.2799988,386308
2024-11-13 18:30:00+00:00,355.4299927,355.4299927,359.4500122,355.3492126,358.5700073,482850
2024-11-13 19:30:00+00:00,349.519989,349.519989,355.7099915,348.1950073,355.4400024,650207
2024-11-13 20:30:00+00:00,347.8800049,347.8800049,350.9549866,347.7520142,349.711792,487164
2024-11-14 14:30:00+00:00,347.3500061,347.3500061,351,343.5299988,347.8900146,665105
2024-11-14 15:30:00+00:00,349.3099976,349.3099976,349.519989,346.2999878,347.2799988,255631
2024-11-14 16:30:00+00:00,347.1400146,347.1400146,349.875,347.0400085,349.3200073,174392
2024-11-14 17:30:00+00:00,347.9649963,347.9649963,348.2600098,345.2999878,346.8699951,242160
2024-11-14 18:30:00+00:00,347.6950073,347.6950073,348.1199951,346.9407959,347.8800049,172781
2024-11-14 19:30:00+00:00,346.4500122,346.4500122,348.2900085,346.3599854,347.7000122,380866
2024-11-14 20:30:00+00:00,344.4700012,344.4700012,346.6099854,344.1799927,346.5899963,309996
2024-11-15 14:30:00+00:00,336.5,336.5,343,335,340.3999939,708741
2024-11-15 15:30:00+00:00,336.8970032,336.8970032,337.3952942,334.7900085,336.5799866,331424
2024-11-15 16:30:00+00:00,334.9660034,334.9660034,337.6499023,334.6400146,336.9299927,242360
2024-11-15 17:30:00+00:00,333.8850098,333.8850098,335.2000122,333.3400879,335.0150146,252394
2024-11-15 18:30:00+00:00,334.6650085,334.6650085,334.9999084,332.75,333.5599976,249321
2024-11-15 19:30:00+00:00,335.6600037,335.6600037,336.6099854,334.3800049,334.5090027,325835
2024-11-15 20:30:00+00:00,336.8172913,336.8172913,337.3699036,334.1499939,335.6600037,609591
2024-11-18 14:30:00+00:00,342.8909912,342.8909912,342.8909912,336.7500916,339.9504089,591415
2024-11-18 15:30:00+00:00,346.7901001,346.7901001,347.2999878,342.4549866,342.8200073,387909
2024-11-18 16:30:00+00:00,343.9299927,343.9299927,346.8399963,343.3900146,346.7900085,270196
2024-11-18 17:30:00+00:00,342.5499878,342.5499878,344.1199036,342.1499939,343.9100037,243481
2024-11-18 18:30:00+00:00,341.0899963,341.0899963,342.769989,340.7009888,342.5299988,141636
2024-11-18 19:30:00+00:00,342.3179932,342.3179932,342.3399048,340.3999939,341.1000061,116574
2024-11-18 20:30:00+00:00,343.019989,343.019989,343.8800049,342,342.317688,316844
2024-11-19 14:30:00+00:00,346.019989,346.019989,346.0700073,338.6174927,341.5400085,776848
2024-11-19 15:30:00+00:00,346.9700012,346.9700012,346.9700012,344.019989,346.019989,240877
2024-11-19 16:30:00+00:00,348.980011,348.980011,348.980011,346.5,346.822998,182047
2024-11-19 17:30:00+00:00,350,350,351.1799927,348.3099976,348.8443909,267728
2024-11-19 18:30:00+00:00,351.3250122,351.3250122,352.5100098,349.7800903,350.0400085,289140
2024-11-19 19:30:00+00:00,352.6900024,352.6900024,352.6900024,350.3941956,351.3850098,219762
2024-11-19 20:30:00+00:00,353.480011,353.480011,354.2799988,352.5147095,352.7000122,432431
2024-11-20 14:30:00+00:00,346.25,346.25,357.3099976,344.4664001,357.3099976,677687
2024-11-20 15:30:00+00:00,345.7600098,345.7600098,348.9498901,345.6300049,346.2399902,267510
2024-11-20 16:30:00+00:00,347.3599854,347.3599854,348.2099915,345.1319885,345.8250122,208624
2024-11-20 17:30:00+00:00,346.7601013,346.7601013,347.7202148,345.9450073,347.0899963,157958
2024-11-20 18:30:00+00:00,345.1099854,345.1099854,347.1099854,344.8500061,346.894989,187348
2024-11-20 19:30:00+00:00,348.9700012,348.9700012,349,344.9400024,345,216057
2024-11-20 20:30:00+00:00,350.2449951,350.2449951,350.3500061,348.1755066,349,369941
2024-11-21 14:30:00+00:00,357.0299072,357.0299072,361.2399902,351.5,353.3099976,1169143
2024-11-21 15:30:00+00:00,360.9750061,360.9750061,361.1849976,353.8999939,356.6350098,577199
2024-11-21 16:30:00+00:00,360.5,360.5,361.3699951,359.1101074,361.1700134,301871
2024-11-21 17:30:00+00:00,361.8346863,361.8346863,362.1000061,359.7449951,360.5400085,285277
2024-11-21 18:30:00+00:00,359.3349915,359.3349915,362.3999023,358.368988,361.9400024,235105
2024-11-21 19:30:00+00:00,360.6799927,360.6799927,361.2449951,358.5,359.3299866,271553
2024-11-21 20:30:00+00:00,357.5499878,357.5499878,360.7799988,357.4299927,360.6149902,514540
2024-11-22 14:30:00+00:00,362.2149963,362.2149963,366.6600037,358,360.0700073,802178
2024-11-22 15:30:00+00:00,366.6600037,366.6600037,367.5,361.8555908,362.0950012,406172
2024-11-22 16:30:00+00:00,369.4500122,369.4500122,369.9699097,365.019989,366.5599976,371245
2024-11-22 17:30:00+00:00,370.6199951,370.6199951,370.7828979,368.1499939,369.3500061,343531
2024-11-22 18:30:00+00:00,370.2905884,370.2905884,371.1044922,369.019989,370.5599976,237393
2024-11-22 19:30:00+00:00,369.8999939,369.8999939,370.6998901,368.5899963,370.1799927,231629
2024-11-22 20:30:00+00:00,372.3800049,372.3800049,372.5599976,369.5000916,369.8800049,470806
2024-11-25 14:30:00+00:00,370.3850098,370.3850098,377.4200134,368.6268005,375,1311278
2024-11-25 15:30:00+00:00,364.6199951,364.6199951,370.3699951,363.5700073,370.230011,823556
2024-11-25 16:30:00+00:00,362.6499939,362.6499939,365.9599915,361.8500061,364.7999878,467881
2024-11-25 17:30:00+00:00,363.5100098,363.5100098,364.8450012,362,362.855011,378907
2024-11-25 18:30:00+00:00,361.75,361.75,364.5899963,361.5,363.5700073,351613
2024-11-25 19:30:00+00:00,362.5440063,362.5440063,362.6499939,360.8204956,361.8599854,388270
2024-11-25 20:30:00+00:00,363.730011,363.730011,364.4100037,362.2999878,362.5499878,483648
2024-11-26 14:30:00+00:00,364.1799927,364.1799927,366.75,359.25,363,1344419
2024-11-26 15:30:00+00:00,363.9299927,363.9299927,364.7600098,362.9200134,364.1600037,461923
2024-11-26 16:30:00+00:00,365.2099915,365.2099915,365.4400024,363.0692139,363.8500061,508647
2024-11-26 17:30:00+00:00,365.5249939,365.5249939,367.3500061,365.0499878,365.2399902,364623
2024-11-26 18:30:00+00:00,361.3200073,361.3200073,366.6000061,361.049408,365.3900146,599351
2024-11-26 19:30:00+00:00,362.4400024,362.4400024,362.8200073,361.1499939,361.25,600558
2024-11-26 20:30:00+00:00,364.5,364.5,365.6300049,362,362.3699951,825916
2024-11-27 14:30:00+00:00,345.0759888,345.0759888,359.2200012,343.3399963,359,4117845
2024-11-27 15:30:00+00:00,346.3299866,346.3299866,349.1199951,343.8136902,345.230011,1180183
2024-11-27 16:30:00+00:00,341.3100891,341.3100891,346.0840149,340.519989,346.0266113,1147380
2024-11-27 17:30:00+00:00,343.1299133,343.1299133,343.8900146,340.7550049,341.4200134,771966
2024-11-27 18:30:00+00:00,345.1900024,345.1900024,345.25,340.8800049,343.0150146,916514
2024-11-27 19:30:00+00:00,347.1900024,347.1900024,348.9100037,344.6000061,345.1900024,1168482
2024-11-27 20:30:00+00:00,347.5899963,347.5899963,348.1099854,345.4500122,347.1799927,911031
2024-11-29 14:30:00+00:00,347.6549988,347.6549988,350.1600037,344.7200012,349.5,982612
2024-11-29 15:30:00+00:00,347.9450073,347.9450073,348.5999146,346.5,347.7999878,427521
2024-11-29 16:30:00+00:00,347.730011,347.730011,348.7999878,346.4200134,347.9299927,337900
2024-12-02 14:30:00+00:00,344.5700073,344.5700073,345.2799988,336.5599976,344.8999939,1462582
2024-12-02 15:30:00+00:00,346.5,346.5,347.6400146,343.2000122,344.4899902,514363
2024-12-02 16:30:00+00:00,350.1520996,350.1520996,350.7200012,346.0401001,346.6099854,485025
2024-12-02 17:30:00+00:00,352.5484924,352.5484924,353.1176147,349.2799988,349.9417114,543008
2024-12-02 18:30:00+00:00,351.1874084,351.1874084,354.3399963,350.75,352.6149902,451328
2024-12-02 19:30:00+00:00,348.25,348.25,351.3900146,348.2099915,351.2149963,550324
2024-12-02 20:30:00+00:00,346.7999878,346.7999878,348.4500122,346.1799927,348.3299866,758972
2024-12-03 14:30:00+00:00,350.2749939,350.2749939,351.9500122,343.3999939,345,948357
2024-12-03 15:30:00+00:00,348.1499939,348.1499939,350.4500122,346.8399963,350.269989,316247
2024-12-03 16:30:00+00:00,349.7900085,349.7900085,350.2999878,346.7900085,348.2000122,294287
2024-12-03 17:30:00+00:00,349.8400879,349.8400879,351.25,348.7000122,349.7900085,307167
2024-12-03 18:30:00+00:00,351.1199951,351.1199951,351.8900146,349.730011,349.8099976,256899
2024-12-03 19:30:00+00:00,351.5621948,351.5621948,351.8399963,350.3999939,351,281523
2024-12-03 20:30:00+00:00,349.9849854,349.9849854,351.7499084,349.3800049,351.5799866,387421
2024-12-04 14:30:00+00:00,356.2000122,356.2000122,356.4100037,348.5,352.019989,961176
2024-12-04 15:30:00+00:00,355.7900085,355.7900085,358.4999084,354.7999878,356.3660889,491746
2024-12-04 16:30:00+00:00,363.3800049,363.3800049,364.2000122,355.3299866,355.7937012,642982
2024-12-04 17:30:00+00:00,363.9700012,363.9700012,365.3847046,362.1499939,363.3999939,450407
2024-12-04 18:30:00+00:00,364.605011,364.605011,366.4400024,363.6499939,363.9949951,711844
2024-12-04 19:30:00+00:00,363.0150146,363.0150146,365.0874939,362.3999939,364.7099915,375308
2024-12-04 20:30:00+00:00,364.1499939,364.1499939,364.7489929,362,362.9299927,545398
2024-12-05 14:30:00+00:00,363.4500122,363.4500122,365.6299133,358.6000061,361.2000122,748402
2024-12-05 15:30:00+00:00,363.4100037,363.4100037,366.0855103,361.6900024,363.6300049,436859
2024-12-05 16:30:00+00:00,363.8999939,363.8999939,365.9899902,362.2399902,363.2301025,272945
2024-12-05 17:30:00+00:00,361.9100037,361.9100037,364.3200073,361.6000977,363.9700012,189887
2024-12-05 18:30:00+00:00,363.1799927,363.1799927,363.5950012,361.1101074,361.9100037,247295
2024-12-05 19:30:00+00:00,362.9299927,362.9299927,364.5150146,362.8100891,363.1900024,256570
2024-12-05 20:30:00+00:00,364.8530884,364.8530884,366.25,362.9301147,363.0599976,511375
2024-12-06 14:30:00+00:00,367.1000061,367.1000061,367.5,360.9899902,364.2600098,835286
2024-12-06 15:30:00+00:00,368.0100098,368.0100098,368.1000061,365.1424866,367.1149902,358781
2024-12-06 16:30:00+00:00,370.3699951,370.3699951,370.5999146,367.75,368.019989,516017
2024-12-06 17:30:00+00:00,370.5929871,370.5929871,371.269989,369.3817139,370.4299927,185214
2024-12-06 18:30:00+00:00,367.355011,367.355011,370.5899963,367.2950134,370.5100098,156082
2024-12-06 19:30:00+00:00,367.980011,367.980011,368.5299988,367.0299988,367.3327026,208294
2024-12-06 20:30:00+00:00,365.8599854,365.8599854,367.9100037,365.4299927,367.6658936,342390
2024-12-09 14:30:00+00:00,359.2101135,359.2101135,366.5899963,359.2000122,365.6499939,604574
2024-12-09 15:30:00+00:00,356.9299927,356.9299927,360.730011,354,359.7000122,452389
2024-12-09 16:30:00+00:00,354.2283936,354.2283936,357.3150024,353.8800964,356.9500122,275315
2024-12-09 17:30:00+00:00,354.2999878,354.2999878,354.6900024,353.1000061,354.0700073,202120
2024-12-09 18:30:00+00:00,355.7449951,355.7449951,356.5,354,354.230011,193965
2024-12-09 19:30:00+00:00,351.769989,351.769989,355.6099854,351.769989,355.6099854,276923
2024-12-09 20:30:00+00:00,353.6799927,353.6799927,353.8299866,351.7900085,352,317238
2024-12-10 14:30:00+00:00,355.5499878,355.5499878,357.2600098,352.1000061,353.480011,429546
2024-12-10 15:30:00+00:00,353.6400146,353.6400146,357.1199951,353.519989,355.3100891,265210
2024-12-10 16:30:00+00:00,352.8599854,352.8599854,354.1799927,350.8800049,353.5400085,298267
2024-12-10 17:30:00+00:00,349.2749939,349.2749939,353.394989,348.7999878,353.0799866,247021
2024-12-10 18:30:00+00:00,349.2399902,349.2399902,350,348.5100098,349.2749939,207160
2024-12-10 19:30:00+00:00,345.3399963,345.3399963,349.2950134,345.3399963,349.1099854,283321
2024-12-10 20:30:00+00:00,346.5899963,346.5899963,347.0400085,344.6000061,345.4100037,326710
2024-12-11 14:30:00+00:00,355.5700073,355.5700073,355.5700073,348.1900024,348.1900024,614441
2024-12-11 15:30:00+00:00,358.0700073,358.0700073,358.0700073,354.9200134,355.4500122,349297
2024-12-11 16:30:00+00:00,362.1299133,362.1299133,362.1900024,357.8299866,358.079895,365582
2024-12-11 17:30:00+00:00,364.4899902,364.4899902,364.7900085,362.0957031,362.0957031,646252
2024-12-11 18:30:00+00:00,363.0100098,363.0100098,364.8900146,362.7600098,364.4750061,298172
2024-12-11 19:30:00+00:00,363.4349976,363.4349976,363.7000122,360.5201111,362.8399963,328478
2024-12-11 20:30:00+00:00,363.0599976,363.0599976,364.8999939,362.5100098,363.3599854,457093
2024-12-12 14:30:00+00:00,362.5,362.5,364.6422119,357.5499878,360.4700012,479560
2024-12-12 15:30:00+00:00,361.9599915,361.9599915,363.3299866,360.480011,362.2749939,146152
2024-12-12 16:30:00+00:00,362.9104919,362.9104919,363.519989,360.6099854,361.9450073,131594
2024-12-12 17:30:00+00:00,364.7799988,364.7799988,365.2799988,362.4299927,362.9349976,172337
2024-12-12 18:30:00+00:00,363.4899902,363.4899902,365.1000061,362.5100098,364.9999084,172917
2024-12-12 19:30:00+00:00,363.5599976,363.5599976,364.6000061,363.2023926,363.4849854,154579
2024-12-12 20:30:00+00:00,365.5,365.5,365.8399963,363.8500061,363.8500061,385527
2024-12-13 14:30:00+00:00,366.7799988,366.7799988,370.1799927,365.6749878,365.8800049,595888
2024-12-13 15:30:00+00:00,363.0900879,363.0900879,369.0700073,361.6700134,367.1000061,335577
2024-12-13 16:30:00+00:00,364.4899902,364.4899902,365.8299866,361.519989,363.7210083,247822
2024-12-13 17:30:00+00:00,365.9330139,365.9330139,366.230011,362.8999939,363.9500122,191198
2024-12-13 18:30:00+00:00,366.9899902,366.9899902,367,365.3800049,365.855011,196081
2024-12-13 19:30:00+00:00,367.9500122,367.9500122,368.6499939,366.8599854,366.9299927,381604
2024-12-13 20:30:00+00:00,367.9200134,367.9200134,368.9299927,367.5599976,367.7799988,442467
2024-12-16 14:30:00+00:00,374.3049927,374.3049927,375.730011,364.8900146,369.5815125,968947
2024-12-16 15:30:00+00:00,376.6600037,376.6600037,378.5,374.2601013,374.3500061,559803
2024-12-16 16:30:00+00:00,378.2000122,378.2000122,378.5,374.5299988,376.2853088,301802
2024-12-16 17:30:00+00:00,380.7600098,380.7600098,382.8500061,378.3900146,378.3900146,420377
2024-12-16 18:30:00+00:00,387.1849976,387.1849976,387.7999878,380.4599915,380.6000061,630687
2024-12-16 19:30:00+00:00,387.6000061,387.6000061,389,385.9000854,387.1849976,612995
2024-12-16 20:30:00+00:00,388.2000122,388.2000122,388.9899902,385.5,387.4599915,724329
2024-12-17 14:30:00+00:00,379.2049866,379.2049866,388,378.5,387,923743
2024-12-17 15:30:00+00:00,381.7600098,381.7600098,383.2398987,378.836792,379.0700073,492002
2024-12-17 16:30:00+00:00,378.2200012,378.2200012,382.0400085,375.2900085,381.480011,352590
2024-12-17 17:30:00+00:00,373.875885,373.875885,378,373.2799988,378,333851
2024-12-17 18:30:00+00:00,374.0100098,374.0100098,375.980011,373.2749939,373.9100037,255279
2024-12-17 19:30:00+00:00,376.0150146,376.0150146,376.1357117,373.3500061,373.9299927,262431
2024-12-17 20:30:00+00:00,376.2999878,376.2999878,376.9450073,375.8200073,376.0599976,388711
2024-12-18 14:30:00+00:00,370.6900024,370.6900024,379.1816101,369.5100098,376.4200134,509722
2024-12-18 15:30:00+00:00,371.8699951,371.8699951,373.7399902,369,371,322155
2024-12-18 16:30:00+00:00,370.1500854,370.1500854,372.980011,370.1300049,372.0100098,179122
2024-12-18 17:30:00+00:00,369.8150024,369.8150024,370.4198914,368.3320923,370.0249939,223540
2024-12-18 18:30:00+00:00,363.5643005,363.5643005,370.4400024,363.5643005,370.2399902,451345
2024-12-18 19:30:00+00:00,353.5,353.5,364.8699951,353.3200073,363.5499878,820511
2024-12-18 20:30:00+00:00,349.1700134,349.1700134,354.2286987,345.4660034,353.5100098,1313238
2024-12-19 14:30:00+00:00,350.3999939,350.3999939,365,350.3099976,365,1003595
2024-12-19 15:30:00+00:00,353.9899902,353.9899902,354.3900146,349.75,350.625,561451
2024-12-19 16:30:00+00:00,352.9899902,352.9899902,356.5,352.7701111,353.9899902,437154
2024-12-19 17:30:00+00:00,355.1749878,355.1749878,355.480011,351.9400024,353.4899902,255767
2024-12-19 18:30:00+00:00,355.3880005,355.3880005,356.8999939,353.8699951,355.1749878,319482
2024-12-19 19:30:00+00:00,355.9899902,355.9899902,356.809906,353.0499878,355.4195862,342788
2024-12-19 20:30:00+00:00,350.9200134,350.9200134,356.7956848,350.8800049,356.0499878,502875
2024-12-20 14:30:00+00:00,357.7099915,357.7099915,357.7470093,345.0499878,347,1132082
2024-12-20 15:30:00+00:00,361.6099854,361.6099854,361.9363098,356.3599854,357.5950012,340993
2024-12-20 16:30:00+00:00,364.5877075,364.5877075,364.8900146,361.4899902,361.6499939,329013
2024-12-20 17:30:00+00:00,363.026001,363.026001,365.4400024,362.3301086,364.5599976,431508
2024-12-20 18:30:00+00:00,363.8500061,363.8500061,364.6976929,362.3699951,362.8638,181727
2024-12-20 19:30:00+00:00,362.6700134,362.6700134,364.9500122,362.5000916,363.7850037,192259
2024-12-20 20:30:00+00:00,362.1099854,362.1099854,363.5499878,360.519989,362.7000122,424879
2024-12-23 14:30:00+00:00,356.5750122,356.5750122,358.7799988,354.230011,357.8599854,1086537
2024-12-23 15:30:00+00:00,360.4172974,360.4172974,360.776001,356.1199951,356.6300049,217584
2024-12-23 16:30:00+00:00,362.2000122,362.2000122,363.6600037,358.9000854,359.8999939,240454
2024-12-23 17:30:00+00:00,362.6274109,362.6274109,363.7799988,362.0000916,362.2900085,178121
2024-12-23 18:30:00+00:00,364.5750122,364.5750122,365.730011,362.5499878,362.625,166081
2024-12-23 19:30:00+00:00,362.2399902,362.2399902,364.9849854,361.769989,364.730011,173549
2024-12-23 20:30:00+00:00,361.4150085,361.4150085,363.2999878,361.1000061,362.5899963,275482
2024-12-24 14:30:00+00:00,362.2854919,362.2854919,365.3999023,359.2600098,361.0700073,492378
2024-12-24 15:30:00+00:00,364.105011,364.105011,364.519989,361.5,362.2999878,223414
2024-12-24 16:30:00+00:00,365.2999878,365.2999878,365.6350098,363.6499939,364.0667114,179557
2024-12-26 14:30:00+00:00,365.6199951,365.6199951,366.2698975,361.940094,365.75,245249
2024-12-26 15:30:00+00:00,363.5499878,363.5499878,365.9400024,363.170105,365.7799988,122876
2024-12-26 16:30:00+00:00,364.730011,364.730011,365.9898987,363.5100098,363.9599915,107127
2024-12-26 17:30:00+00:00,364.6600037,364.6600037,365,363.6799927,364.7550049,91648
2024-12-26 18:30:00+00:00,363.6400146,363.6400146,364.8999023,363.2600098,364.6700134,102562
2024-12-26 19:30:00+00:00,366.0499878,366.0499878,366.34021,363.769989,363.8439026,141555
2024-12-26 20:30:00+00:00,364.8699951,364.8699951,366.6400146,364.8299866,366.019989,160700
2024-12-27 14:30:00+00:00,351.8599854,351.8599854,361.9198914,349.8500061,361.1499939,657780
2024-12-27 15:30:00+00:00,353.4450073,353.4450073,353.4450073,350.0950012,351.7398987,296478
2024-12-27 16:30:00+00:00,350.9249878,350.9249878,353.6400146,350.2900085,353.4700012,223458
2024-12-27 17:30:00+00:00,353.2999878,353.2999878,354.0545044,350.2358093,350.8500061,202522
2024-12-27 18:30:00+00:00,355.4500122,355.4500122,356.9750061,353.2749939,353.2749939,171039
2024-12-27 19:30:00+00:00,355.5750122,355.5750122,357.6000061,354.8700867,355.1600037,237208
2024-12-27 20:30:00+00:00,355.0299988,355.0299988,356.1199951,354.0700073,355.4200134,477197
2024-12-30 14:30:00+00:00,345.5700073,345.5700073,351.394989,344.3399963,348.519989,499721
2024-12-30 15:30:00+00:00,348.480011,348.480011,349.6213989,345.4599915,345.6300049,220201
2024-12-30 16:30:00+00:00,351.565094,351.565094,351.6300049,348.8250122,348.980011,181188
2024-12-30 17:30:00+00:00,351.6664124,351.6664124,352.4299927,350.3599854,351.4866943,130520
2024-12-30 18:30:00+00:00,351.0499878,351.0499878,352.875,350.6300049,351.5609131,136075
2024-12-30 19:30:00+00:00,350.7999878,350.7999878,352.3399963,350.7999878,351.0350037,148820
2024-12-30 20:30:00+00:00,349.1600037,349.1600037,351.4157104,348.9299927,350.8399963,373472
2024-12-31 14:30:00+00:00,347.769989,347.769989,351.3276062,345,351,352392
2024-12-31 15:30:00+00:00,345.519989,345.519989,348.394989,345.1000061,347.6199951,193978
2024-12-31 16:30:00+00:00,344.7000122,344.7000122,348.269989,344.7000122,345.4849854,208048
2024-12-31 17:30:00+00:00,343.269989,343.269989,346.3450012,343.2000122,344.9899902,259755
2024-12-31 18:30:00+00:00,341.3299866,341.3299866,343.9500122,341.230011,343.6239929,194167
2024-12-31 19:30:00+00:00,343.8850098,343.8850098,344.0299988,339.7200012,341.1773987,290170
2024-12-31 20:30:00+00:00,342.0700073,342.0700073,343.8850098,341.8900146,343.8800049,372929
2025-01-02 14:30:00+00:00,345.3052063,345.3052063,350.5,341.0365906,346.519989,546076
2025-01-02 15:30:00+00:00,346.7799988,346.7799988,347,341.2900085,345.0700073,272764
2025-01-02 16:30:00+00:00,345.8200073,345.8200073,349.1350098,345.5379944,346.6749878,197399
2025-01-02 17:30:00+00:00,343.758606,343.758606,345.7000122,341.75,345.6499939,239484
2025-01-02 18:30:00+00:00,345.5950012,345.5950012,345.8800049,342.1401062,343.7149963,201772
2025-01-02 19:30:00+00:00,346.6000061,346.6000061,347.1698914,344.5499878,345.5899963,218913
2025-01-02 20:30:00+00:00,347.2099915,347.2099915,347.9700012,346,346.7399902,333208
2025-01-03 14:30:00+00:00,358.1099854,358.1099854,359.6899109,348.3099976,349.730011,676383
2025-01-03 15:30:00+00:00,355.2200012,355.2200012,358.4599915,353.2499084,358.3599854,307263
2025-01-03 16:30:00+00:00,354.019989,354.019989,356.6900024,353.8496094,355.1149902,204505
2025-01-03 17:30:00+00:00,354.6300049,354.6300049,354.8500061,353.5100098,353.9500122,157984
2025-01-03 18:30:00+00:00,358.4999084,358.4999084,358.894989,354.5328979,354.75,233710
2025-01-03 19:30:00+00:00,358.0899963,358.0899963,359.230011,356.7605896,358.5,230307
2025-01-03 20:30:00+00:00,359.2000122,359.2000122,359.5249939,357.6300049,357.8699951,381205
2025-01-06 14:30:00+00:00,365.6000061,365.6000061,366,356.0299988,362.1499939,648978
2025-01-06 15:30:00+00:00,367.8299866,367.8299866,368.3900146,364.7449951,365.9299927,314144
2025-01-06 16:30:00+00:00,365.6499939,365.6499939,367.8250122,365.4263916,367.75,252806
2025-01-06 17:30:00+00:00,364.6400146,364.6400146,366.6099854,363.6578064,365.4623108,200677
2025-01-06 18:30:00+00:00,362.5150146,362.5150146,364.8999939,361.3453064,364.769989,216160
2025-01-06 19:30:00+00:00,364.0799866,364.0799866,364.2449951,361.1000061,362.4299927,233870
2025-01-06 20:30:00+00:00,366.5400085,366.5400085,366.7098999,364.0400085,364.0400085,427366
2025-01-07 14:30:00+00:00,361,361,370.3699951,358.4899902,367.3399963,598207
2025-01-07 15:30:00+00:00,364.6465149,364.6465149,365.3599854,354.125,359.6000061,434378
2025-01-07 16:30:00+00:00,363.3250122,363.3250122,366.3599854,361.1499939,363.980011,224103
2025-01-07 17:30:00+00:00,362.4500122,362.4500122,364.2000122,361.4100037,363.1300049,178711
2025-01-07 18:30:00+00:00,361.4299927,361.4299927,362.4775085,360.8399963,362.355011,144730
2025-01-07 19:30:00+00:00,358.0849915,358.0849915,361.8200073,357.5932007,361.6000061,191889
2025-01-07 20:30:00+00:00,360,360,360.9299927,356.7900085,358.0450134,305109
2025-01-08 14:30:00+00:00,358.3171997,358.3171997,365.0150146,354.0700073,359.1799927,574476
2025-01-08 15:30:00+00:00,361.1499939,361.1499939,363.2600098,358,358.7099915,292276
2025-01-08 16:30:00+00:00,352.6700134,352.6700134,363.5100098,352.2919922,361.552002,319712
2025-01-08 17:30:00+00:00,361.0899963,361.0899963,362.4614868,351.3099976,352.8699036,435293
2025-01-08 18:30:00+00:00,361.5422058,361.5422058,361.6400146,357.8500977,361.0499878,183390
2025-01-08 19:30:00+00:00,359.3599854,359.3599854,361.1799927,357.9899902,361.1799927,146557
2025-01-08 20:30:00+00:00,358.9400024,358.9400024,359.7000122,357.7099915,359.6199951,220692
2025-01-10 14:30:00+00:00,350.1400146,350.1400146,354.9100037,344.7000122,354.9100037,777955
2025-01-10 15:30:00+00:00,346.7591858,346.7591858,352.7099915,345.9500122,349.8150024,289312
2025-01-10 16:30:00+00:00,346.1300049,346.1300049,348.5150146,343.9899902,346.8200073,300470
2025-01-10 17:30:00+00:00,350.3200073,350.3200073,350.8198853,345.9049988,346.1849976,215321
2025-01-10 18:30:00+00:00,351.5499878,351.5499878,352.4899902,349.6115112,350.6799927,189683
2025-01-10 19:30:00+00:00,349.3599854,349.3599854,352.0450134,349.0650024,351.4299927,200654
2025-01-10 20:30:00+00:00,348.6900024,348.6900024,349.2791138,347.7347107,349,319840
2025-01-13 14:30:00+00:00,340.269989,340.269989,345.1000061,339.6099854,342.7600098,596901
2025-01-13 15:30:00+00:00,338.9248047,338.9248047,343.3800049,338.4700012,340.2449951,312551
2025-01-13 16:30:00+00:00,337.730011,337.730011,340.0100098,335.5799866,338.8500061,369955
2025-01-13 17:30:00+00:00,336.9700012,336.9700012,338.4100037,335.7833862,337.7922058,286656
2025-01-13 18:30:00+00:00,338.519989,338.519989,338.6398926,335.6099854,337.1350098,468053
2025-01-13 19:30:00+00:00,339.9849854,339.9849854,340.7999878,338.0899963,338.4899902,311512
2025-01-13 20:30:00+00:00,341.4500122,341.4500122,341.7000122,338.6488037,340.0899963,381022
2025-01-14 14:30:00+00:00,347.7049866,347.7049866,350.5400085,343.3207092,345,597652
2025-01-14 15:30:00+00:00,348.7799988,348.7799988,350.25,346.5964966,347.6987,392100
2025-01-14 16:30:00+00:00,347.480011,347.480011,348.9899902,346.0020142,348.806488,199039
2025-01-14 17:30:00+00:00,349.7749939,349.7749939,349.9139099,345.7399902,347.3099976,160018
2025-01-14 18:30:00+00:00,350.894989,350.894989,351.9719849,349.1400146,349.769989,184137
2025-01-14 19:30:00+00:00,347.3850098,347.3850098,351.6499939,345.8999939,350.5899963,284118
2025-01-14 20:30:00+00:00,348.1499939,348.1499939,348.5350037,346.2001038,347.2099915,342853
2025-01-15 14:30:00+00:00,359.4100037,359.4100037,359.7399902,352.9599915,355,470918
2025-01-15 15:30:00+00:00,360.2600098,360.2600098,361.75,358.2799988,359.5750122,344804
2025-01-15 16:30:00+00:00,360.1199951,360.1199951,360.9500122,358,360.2200012,177061
2025-01-15 17:30:00+00:00,361.8099976,361.8099976,361.8099976,359.7799988,360.1700134,194087
2025-01-15 18:30:00+00:00,362.9700012,362.9700012,363.2600098,361.2000122,361.9100037,196442
2025-01-15 19:30:00+00:00,364.8349915,364.8349915,365.25,362.6577148,362.9599915,340812
2025-01-15 20:30:00+00:00,362.019989,362.019989,365.1549988,361.8599854,364.8049927,517478
2025-01-16 14:30:00+00:00,364.6799927,364.6799927,369.0181885,360.6600037,366.4978027,491921
2025-01-16 15:30:00+00:00,367.6549988,367.6549988,368.2041931,363.0599976,364.5,265886
2025-01-16 16:30:00+00:00,367.0799866,367.0799866,368.3297119,365.4100037,367.5599976,197988
2025-01-16 17:30:00+00:00,365.8500061,365.8500061,367.7999878,365.5726929,367.1000061,156783
2025-01-16 18:30:00+00:00,364.1300049,364.1300049,366.269989,362.8999939,365.6499939,246548
2025-01-16 19:30:00+00:00,365.5050049,365.5050049,366.3999939,363.4301147,364.3898926,170237
2025-01-16 20:30:00+00:00,363.3800049,363.3800049,365.8900146,363.1499939,365.8168945,264228
2025-01-17 14:30:00+00:00,352.6600037,352.6600037,370.9500122,350.6400146,370.1400146,1146791
2025-01-17 15:30:00+00:00,355,355,355.299408,349.5499878,352.7900085,1038684
2025-01-17 16:30:00+00:00,355.2377014,355.2377014,355.4899902,352.3735962,355.0499878,319005
2025-01-17 17:30:00+00:00,357.6400146,357.6400146,358.5700073,354.5,355.2999878,699996
2025-01-17 18:30:00+00:00,358.6700134,358.6700134,359.1499023,356.2900085,357.5799866,249964
2025-01-17 19:30:00+00:00,358.803009,358.803009,359.4200134,357.5100098,358.7178955,312315
2025-01-17 20:30:00+00:00,357.0899963,357.0899963,359.6983948,356.5549927,358.3999939,563349
2025-01-21 14:30:00+00:00,363.8500061,363.8500061,364.5400085,358.3399963,360.6000061,514525
2025-01-21 15:30:00+00:00,363.7799988,363.7799988,364.3699951,362.0100098,363.769989,260020
2025-01-21 16:30:00+00:00,367.5299988,367.5299988,367.6000061,363.75,363.75,338200
2025-01-21 17:30:00+00:00,367.1400146,367.1400146,370,365.5166931,367.6000061,324185
2025-01-21 18:30:00+00:00,367.5499878,367.5499878,368.269989,366.0899963,366.9400024,314292
2025-01-21 19:30:00+00:00,367.4200134,367.4200134,368.822113,367.2200928,367.6149902,237229
2025-01-21 20:30:00+00:00,366.3599854,366.3599854,367.7749939,366,367.4700012,313365
2025-01-22 14:30:00+00:00,371.7799988,371.7799988,372.8399963,363,369.4500122,725437
2025-01-22 15:30:00+00:00,376.3999939,376.3999939,377.2999878,371.3800049,371.6600037,480072
2025-01-22 16:30:00+00:00,380.052002,380.052002,381.2771912,376.269989,376.5,437655
2025-01-22 17:30:00+00:00,378.9599915,378.9599915,381.489502,378.7900085,380.0150146,304312
2025-01-22 18:30:00+00:00,377.8200073,377.8200073,379.3132019,377.1199951,379.0650024,205578
2025-01-22 19:30:00+00:00,378.1700134,378.1700134,379.4838867,377.2399902,377.6700134,243861
2025-01-22 20:30:00+00:00,377.9599915,377.9599915,379.4798889,377.6199951,378.1000061,340684
2025-01-23 14:30:00+00:00,376.5799866,376.5799866,377.8500061,373.4599915,376.8099976,448650
2025-01-23 15:30:00+00:00,374.019989,374.019989,377.4455872,373.5799866,376.5599976,248559
2025-01-23 16:30:00+00:00,373.105011,373.105011,375.4498901,372.6700134,374.1044922,182167
2025-01-23 17:30:00+00:00,374.1099854,374.1099854,374.1799927,371.8399963,373.105011,163573
2025-01-23 18:30:00+00:00,375.4299927,375.4299927,375.7138062,373.8850098,374,160563
2025-01-23 19:30:00+00:00,376.1099854,376.1099854,376.5100098,375.1749878,375.2049866,165806
2025-01-23 20:30:00+00:00,377.6000061,377.6000061,377.9500122,375.5400085,376.1199951,295787
2025-01-24 14:30:00+00:00,380.9500122,380.9500122,384.2388,377.6499939,378.4100037,442147
2025-01-24 15:30:00+00:00,383.9349976,383.9349976,384.2998962,379.2999878,380.8299866,215717
2025-01-24 16:30:00+00:00,380.2000122,380.2000122,384.1000061,380.0064087,383.9150085,217054
2025-01-24 17:30:00+00:00,378.6900024,378.6900024,380.4100037,378.3099976,380.4100037,148783
2025-01-24 18:30:00+00:00,375.3200073,375.3200073,378.9700012,373.6700134,378.7600098,249400
2025-01-24 19:30:00+00:00,374.4299927,374.4299927,375.8819885,374.0849915,375.5050049,216958
2025-01-24 20:30:00+00:00,374.9899902,374.9899902,375.2998962,373.769989,374.519989,298976
2025-01-27 14:30:00+00:00,379,379,379,359.6600037,366.2799988,854588
2025-01-27 15:30:00+00:00,371.8900146,371.8900146,382.4500122,371.4299927,378.7600098,537565
2025-01-27 16:30:00+00:00,373.3500061,373.3500061,375.375,370.4599915,371.8649902,261907
2025-01-27 17:30:00+00:00,369.1749878,369.1749878,374.0700073,369.1199951,373.3800049,213780
2025-01-27 18:30:00+00:00,369.7149963,369.7149963,370.8200073,366.9849854,369.0400085,222763
2025-01-27 19:30:00+00:00,368.1000061,368.1000061,369.4599915,365.2099915,369.4299927,261945
2025-01-27 20:30:00+00:00,373.8599854,373.8599854,373.8999939,368.4849854,368.5499878,434309
2025-01-28 14:30:00+00:00,400.8181152,400.8181152,402.3828125,372.5700073,373,1780766
2025-01-28 15:30:00+00:00,402.5350037,402.5350037,404.5098877,398.0100098,400.7000122,1070879
2025-01-28 16:30:00+00:00,406.4862061,406.4862061,406.9898987,401.230011,402.4899902,876876
2025-01-28 17:30:00+00:00,403.7145081,403.7145081,407.5,402.2301025,406.2999878,727276
2025-01-28 18:30:00+00:00,407.375,407.375,407.7099915,401.8299866,403.25,591645
2025-01-28 19:30:00+00:00,409.3999939,409.3999939,411.2998962,407.2000122,407.2799988,914812
2025-01-28 20:30:00+00:00,408.7000122,408.7000122,410.2099915,408.2099915,409.5599976,849249
2025-01-29 14:30:00+00:00,392.4801941,392.4801941,403.6405029,391.1199951,403.5920105,1387109
2025-01-29 15:30:00+00:00,395.5,395.5,397.3099976,390.7099915,392.4200134,609466
2025-01-29 16:30:00+00:00,396.5400085,396.5400085,398.8599854,395,395.1724854,362602
2025-01-29 17:30:00+00:00,393.1600037,393.1600037,397.4093018,390.2200928,396.4249878,337799
2025-01-29 18:30:00+00:00,392.519989,392.519989,394.6400146,391.7900085,393.248291,287575
2025-01-29 19:30:00+00:00,399.9049988,399.9049988,400.2499084,391.7900085,392.3999939,465494
2025-01-29 20:30:00+00:00,396.9400024,396.9400024,400.6149902,396.6400146,400.1099854,386733
2025-01-30 14:30:00+00:00,397.8760071,397.8760071,403.0802002,394,398.8909912,709451
2025-01-30 15:30:00+00:00,393.6000061,393.6000061,400.4761047,390.8500061,397.9208069,374535
2025-01-30 16:30:00+00:00,394.4500122,394.4500122,396.7600098,392.769989,393.760498,205234
2025-01-30 17:30:00+00:00,392.2470093,392.2470093,394.4899902,392,394.1600037,150088
2025-01-30 18:30:00+00:00,396.0799866,396.0799866,396.0799866,392.6720886,392.6720886,165183
2025-01-30 19:30:00+00:00,396.9899902,396.9899902,398.1799011,395.3500061,395.8049927,247124
2025-01-30 20:30:00+00:00,396.769989,396.769989,397.2900085,393.7000122,396.8800049,452372
2025-01-31 14:30:00+00:00,402.6431885,402.6431885,405.9100037,397.3500061,398.3999939,814999
2025-01-31 15:30:00+00:00,406.8500061,406.8500061,408.0799866,402.7000122,402.7000122,439581
2025-01-31 16:30:00+00:00,406.5257874,406.5257874,408.1000061,405.1000061,407.1604004,251897
2025-01-31 17:30:00+00:00,404.3099976,404.3099976,407.4249878,403.7099915,406.4276123,212375
2025-01-31 18:30:00+00:00,402.6329956,402.6329956,404.5299988,401.25,404.0499878,250594
2025-01-31 19:30:00+00:00,398.1099854,398.1099854,403.2000122,397.6199951,402.5549927,341234
2025-01-31 20:30:00+00:00,398.1199951,398.1199951,400.5,397.769989,398.0599976,390595
2025-02-03 14:30:00+00:00,393.0505981,393.0505981,393.2499084,384.2399902,386.0100098,1172409
2025-02-03 15:30:00+00:00,393.8930969,393.8930969,396,392,392.2000122,338474
2025-02-03 16:30:00+00:00,393.657196,393.657196,394.9165955,390.019989,393.5799866,258766
2025-02-03 17:30:00+00:00,394.4100037,394.4100037,395.3999939,391.7000122,392.8500061,179706
2025-02-03 18:30:00+00:00,396.9549866,396.9549866,398,393.843811,394.5924072,200402
2025-02-03 19:30:00+00:00,399.1700134,399.1700134,399.9100037,396.3099976,396.6499939,255465
2025-02-03 20:30:00+00:00,397.75,397.75,399.9400024,397.1099854,399.6199951,375212
2025-02-04 14:30:00+00:00,399.4299927,399.4299927,405.4500122,396,396,683389
2025-02-04 15:30:00+00:00,405.1300049,405.1300049,405.25,398.2600098,399.3200073,439632
2025-02-04 16:30:00+00:00,401.0307007,401.0307007,405.1749878,400.8099976,405.1300049,252745
2025-02-04 17:30:00+00:00,403.5599976,403.5599976,404,400.7101135,400.7101135,132830
2025-02-04 18:30:00+00:00,404.25,404.25,405.2999878,403.5799866,403.5899963,145763
2025-02-04 19:30:00+00:00,406.3800049,406.3800049,406.3873901,403.9700012,404.3999939,217282
2025-02-04 20:30:00+00:00,407.6700134,407.6700134,408.4399109,406.2099915,406.2437134,410734
2025-02-05 14:30:00+00:00,407.769989,407.769989,411.5400085,405.019989,408,589504
2025-02-05 15:30:00+00:00,411.3500061,411.3500061,411.5299988,406.6505127,407.5567017,280718
2025-02-05 16:30:00+00:00,413.5202026,413.5202026,415.3099976,411.276886,411.276886,501235
2025-02-05 17:30:00+00:00,414.769989,414.769989,415.0499878,412.4700012,413.3500061,220118
2025-02-05 18:30:00+00:00,418.3233032,418.3233032,418.4500122,414.4700012,414.7250061,394973
2025-02-05 19:30:00+00:00,418.4299927,418.4299927,419.3900146,416.7200012,418.4862976,338570
2025-02-05 20:30:00+00:00,417.2900085,417.2900085,418.8999939,415.7399902,418.394989,433723
2025-02-06 14:30:00+00:00,419.2200012,419.2200012,420.8500061,413.7243042,415.5,490484
2025-02-06 15:30:00+00:00,420.5499878,420.5499878,421.625,417.8114014,419.2200012,251521
2025-02-06 16:30:00+00:00,418.6700134,418.6700134,420.4500122,417.0499878,419.8710022,235201
2025-02-06 17:30:00+00:00,416.6618958,416.6618958,419,415.6542053,418.2087097,148892
2025-02-06 18:30:00+00:00,416.5028076,416.5028076,417.1600952,415.1101074,416.4119873,119887
2025-02-06 19:30:00+00:00,417.2399902,417.2399902,417.3499146,414.5101013,416.4899902,183373
2025-02-06 20:30:00+00:00,420.4400024,420.4400024,420.8399963,417.2399902,417.2399902,365059
2025-02-07 14:30:00+00:00,425.8399963,425.8399963,431.3251953,420.7999878,424,961972
2025-02-07 15:30:00+00:00,423.322998,423.322998,427.8599854,420.5270996,425.0799866,287450
2025-02-07 16:30:00+00:00,422.8450012,422.8450012,424.2043152,420.2600098,423.4450073,247424
2025-02-07 17:30:00+00:00,427.0899963,427.0899963,427.5,421.9400024,422.9852905,290355
2025-02-07 18:30:00+00:00,422.4400024,422.4400024,427.4299927,422.3099976,427.2799988,224515
2025-02-07 19:30:00+00:00,420.519989,420.519989,423.4200134,419.3200073,422.4299927,297698
2025-02-07 20:30:00+00:00,421.5899963,421.5899963,422.3349915,420.4299927,420.6099854,307451
2025-02-10 14:30:00+00:00,428.8270874,428.8270874,430.9500122,424.4849854,424.7749939,550372
2025-02-10 15:30:00+00:00,429.8599854,429.8599854,431.9041138,427.8900146,429,306182
2025-02-10 16:30:00+00:00,427.4599915,427.4599915,430.2998962,426.6600037,429.7650146,196167
2025-02-10 17:30:00+00:00,426.5234985,426.5234985,427.8299866,425.5700073,427.0100098,125547
2025-02-10 18:30:00+00:00,428.3299866,428.3299866,429.3200073,426.25,426.5050049,167374
2025-02-10 19:30:00+00:00,427.9100037,427.9100037,428.3200073,426.440094,428.2900085,159982
2025-02-10 20:30:00+00:00,428.8999939,428.8999939,429.6900024,427.769989,427.769989,267506
2025-02-11 14:30:00+00:00,427.125,427.125,430.4100037,424.7181091,426.6499939,399674
2025-02-11 15:30:00+00:00,430.5599976,430.5599976,431.5,426.6900024,427.1900024,225733
2025-02-11 16:30:00+00:00,429.355011,429.355011,431.4899902,424.0799866,430.4899902,313489
2025-02-11 17:30:00+00:00,430.3200073,430.3200073,430.8800049,428.4100037,429.394989,234329
2025-02-11 18:30:00+00:00,432.2399902,432.2399902,432.6549988,430.1900024,430.1900024,264166
2025-02-11 19:30:00+00:00,433.1000061,433.1000061,434.783905,432.1799927,432.1799927,239174
2025-02-11 20:30:00+00:00,431.875,431.875,432.4899902,429.4700012,432.4400024,299300
2025-02-12 14:30:00+00:00,429.6600037,429.6600037,432,424.2099915,425.8900146,693100
2025-02-12 15:30:00+00:00,431.3699951,431.3699951,433.9999084,430.4230042,430.4230042,176229
2025-02-12 16:30:00+00:00,435.8699951,435.8699951,436.1051941,431.7399902,432,203107
2025-02-12 17:30:00+00:00,437.3299866,437.3299866,437.3299866,435.230011,435.8200073,157899
2025-02-12 18:30:00+00:00,435.6600037,435.6600037,437.596405,434.6109924,437.2000122,160054
2025-02-12 19:30:00+00:00,435.9117126,435.9117126,437.1650085,435.3724976,435.6600037,132229
2025-02-12 20:30:00+00:00,434.7099915,434.7099915,436.0599976,434.0799866,435.6000061,240999
2025-02-13 14:30:00+00:00,439.019989,439.019989,441.1799927,432.1966858,435,483624
2025-02-13 15:30:00+00:00,440.9200134,440.9200134,443,438.855011,438.855011,270053
2025-02-13 16:30:00+00:00,444.0150146,444.0150146,444.2650146,439.0799866,440.9500122,346618
2025-02-13 17:30:00+00:00,444.1982117,444.1982117,445.75,442.3599854,444.0249939,279589
2025-02-13 18:30:00+00:00,448.5799866,448.5799866,448.6400146,443.90271,444.3599854,338766
2025-02-13 19:30:00+00:00,452.9985962,452.9985962,452.9985962,448.0299988,448.5,476404
2025-02-13 20:30:00+00:00,453.75,453.75,454.1300049,450.7701111,452.7000122,541828
2025-02-14 14:30:00+00:00,448.855011,448.855011,451.8900146,442.8699951,449.3900146,837745
2025-02-14 15:30:00+00:00,451.1199951,451.1199951,453.4598999,448.0599976,448.0599976,323692
2025-02-14 16:30:00+00:00,449.2000122,449.2000122,451.4699097,448.7999878,451.1799927,246018
2025-02-14 17:30:00+00:00,449.519989,449.519989,451.5700073,448.7999878,449.1694946,222061
2025-02-14 18:30:00+00:00,451.0799866,451.0799866,451.6499023,449.1199951,449.5599976,185712
2025-02-14 19:30:00+00:00,451.3500061,451.3500061,451.8800049,450.0210876,451.2099915,238338
2025-02-14 20:30:00+00:00,451.7200012,451.7200012,452.75,450.8399963,451.4200134,360867
2025-02-18 14:30:00+00:00,447.8900146,447.8900146,452.6805115,445.269989,450.230011,676954
2025-02-18 15:30:00+00:00,449.2650146,449.2650146,451.2499084,446.8868103,447.4899902,291091
2025-02-18 16:30:00+00:00,449.230011,449.230011,450.9899902,448.0100098,449.3630981,228406
2025-02-18 17:30:00+00:00,450.1400146,450.1400146,451.3900146,449,449.5100098,228316
2025-02-18 18:30:00+00:00,448.0400085,448.0400085,450.4899902,447.6300049,450.4700012,184223
2025-02-18 19:30:00+00:00,449.6900024,449.6900024,450.5499878,448.0209961,448.0400085,211673
2025-02-18 20:30:00+00:00,455.3900146,455.3900146,455.4400024,449.4133911,449.5499878,392910
2025-02-19 14:30:00+00:00,446.2550049,446.2550049,455.3599854,444.5799866,455.3599854,596607
2025-02-19 15:30:00+00:00,451.1199951,451.1199951,451.1199951,445.2200012,446.2900085,421113
2025-02-19 16:30:00+00:00,451.9599915,451.9599915,452.1499939,449.1400146,450.9299927,205736
2025-02-19 17:30:00+00:00,451.3446045,451.3446045,452.269989,449.1700134,451.6600037,157297
2025-02-19 18:30:00+00:00,452.1904907,452.1904907,452.4057007,449.9299927,451.605011,169018
2025-02-19 19:30:00+00:00,448.5799866,448.5799866,452.5599976,448,452.2235107,216118
2025-02-19 20:30:00+00:00,450.1400146,450.1400146,450.8800049,448.1348877,448.7000122,333741
2025-02-20 14:30:00+00:00,424.7550049,424.7550049,442.730011,418.3099976,441.0100098,1786866
2025-02-20 15:30:00+00:00,425.6700134,425.6700134,426.1000061,421.0100098,424.5100098,605191
2025-02-20 16:30:00+00:00,430.6145935,430.6145935,432.1199951,425.3699951,426.1099854,535104
2025-02-20 17:30:00+00:00,428.1199951,428.1199951,431.4299927,426.7799988,430.6911011,321169
2025-02-20 18:30:00+00:00,434.8599854,434.8599854,435.3699951,428.0000916,428.0000916,348429
2025-02-20 19:30:00+00:00,434.5,434.5,436.9143066,432.8399963,434.9700012,368220
2025-02-20 20:30:00+00:00,436.0700073,436.0700073,436.480011,433.2401123,434.7349854,377885
2025-02-21 14:30:00+00:00,419.3099976,419.3099976,433.230011,418.7532959,428.8599854,1394490
2025-02-21 15:30:00+00:00,424.5950012,424.5950012,425.8150024,417.1499939,418.7600098,644784
2025-02-21 16:30:00+00:00,419.5299988,419.5299988,425.9299927,418.8599854,424.5849915,390647
2025-02-21 17:30:00+00:00,416.0599976,416.0599976,419.769989,414.4700012,419.5249939,508037
2025-02-21 18:30:00+00:00,408.769989,408.769989,416.4299927,408.3299866,416.0499878,618286
2025-02-21 19:30:00+00:00,406.8500061,406.8500061,410.8299866,406.5400085,408.8999939,611001
2025-02-21 20:30:00+00:00,406.6700134,406.6700134,407.5,404.5400085,406.8500061,827893
2025-02-24 14:30:00+00:00,385.3599854,385.3599854,405.8999939,382.3599854,405.4400024,1708977
2025-02-24 15:30:00+00:00,390.4599915,390.4599915,390.5,382.730011,385.769989,814349
2025-02-24 16:30:00+00:00,396.0899963,396.0899963,397.3062134,387.7600098,390.5599976,537225
2025-02-24 17:30:00+00:00,398.394989,398.394989,400.5,395.1700134,396.4100037,386347
2025-02-24 18:30:00+00:00,396.9200134,396.9200134,399.7000122,396.5799866,398.5400085,213364
2025-02-24 19:30:00+00:00,394.5869141,394.5869141,398.6099854,394.3500061,396.9100037,325281
2025-02-24 20:30:00+00:00,391.7000122,391.7000122,395.6799927,391.2999878,394.6300049,598924
2025-02-25 14:30:00+00:00,371.375,371.375,389,369.3099976,387.269989,1209081
2025-02-25 15:30:00+00:00,372.3128052,372.3128052,375.6600037,370.5401001,371.5299988,594262
2025-02-25 16:30:00+00:00,376.3999939,376.3999939,377.0100098,370.8699951,372.3233948,523025
2025-02-25 17:30:00+00:00,377.3118896,377.3118896,381.3399963,375.9899902,376.730011,409275
2025-02-25 18:30:00+00:00,379.2799988,379.2799988,380.3900146,376.3999939,377.1700134,387914
2025-02-25 19:30:00+00:00,382.8900146,382.8900146,383.6499939,378.8699951,379.3500061,353278
2025-02-25 20:30:00+00:00,379.4700012,379.4700012,382.8500061,378.5599976,382.8099976,436711
2025-02-26 14:30:00+00:00,396.230011,396.230011,400.1480103,381.7500916,384.6900024,1089054
2025-02-26 15:30:00+00:00,397.6900024,397.6900024,401.6099854,395.5715027,396.9400024,529602
2025-02-26 16:30:00+00:00,398.399292,398.399292,400.5203857,397.2099915,397.8399963,304946
2025-02-26 17:30:00+00:00,395.3500061,395.3500061,399.2900085,394.8999939,398.7650146,274101
2025-02-26 18:30:00+00:00,394.1499939,394.1499939,395.8847046,391.5,394.8999939,279648
2025-02-26 19:30:00+00:00,395.2399902,395.2399902,395.5899963,392.0100098,393.8299866,188554
2025-02-26 20:30:00+00:00,394.6000061,394.6000061,396.6799927,394,395.2650146,354869
2025-02-27 14:30:00+00:00,396.8649902,396.8649902,406.5299988,384.5100098,401.5,935774
2025-02-27 15:30:00+00:00,394.3599854,394.3599854,397.2000122,391,396.8649902,243131
2025-02-27 16:30:00+00:00,393.6000061,393.6000061,395.1099854,390.696106,394.3699951,221701
2025-02-27 17:30:00+00:00,394.4949951,394.4949951,395,391.8599854,394.0599976,147774
2025-02-27 18:30:00+00:00,387.9649963,387.9649963,395.0400085,387.8699951,394.5,190612
2025-02-27 19:30:00+00:00,382.1199951,382.1199951,388.019989,381.75,387.8500061,481818
2025-02-27 20:30:00+00:00,380.1199951,380.1199951,383.4500122,380,382.230011,481706
2025-02-28 14:30:00+00:00,388.6099854,388.6099854,389,377.3800049,379,648156
2025-02-28 15:30:00+00:00,383.4200134,383.4200134,389.4100037,383.0501099,388.4500122,341224
2025-02-28 16:30:00+00:00,386.1849976,386.1849976,387.7598877,383.2200012,383.478302,185890
2025-02-28 17:30:00+00:00,384.151886,384.151886,385.8500061,380.5,385.7099915,226139
2025-02-28 18:30:00+00:00,383.4599915,383.4599915,385.8387146,382.2202148,383.9200134,182862
2025-02-28 19:30:00+00:00,385.9899902,385.9899902,386.5249939,383.1499939,383.1600037,274911
2025-02-28 20:30:00+00:00,389.730011,389.730011,390.519989,384.2900085,385.9049988,523143
2025-03-03 14:30:00+00:00,395.5750122,395.5750122,404.6000061,389.6600952,399,1149525
2025-03-03 15:30:00+00:00,391.8900146,391.8900146,396.7850037,390.5567017,396.0499878,395151
2025-03-03 16:30:00+00:00,394.1149902,394.1149902,395.2999878,390.1499939,391.7799988,301692
2025-03-03 17:30:00+00:00,388.5849915,388.5849915,395.9899902,387.75,394.1099854,604647
2025-03-03 18:30:00+00:00,390.6099854,390.6099854,391.4899902,387.1496887,388.8099976,475245
2025-03-03 19:30:00+00:00,378.8900146,378.8900146,392.9670105,378.3399963,390.3500061,762181
2025-03-03 20:30:00+00:00,382.9700012,382.9700012,382.9899902,378.5032959,379.8049927,760226
2025-03-04 14:30:00+00:00,373.8999939,373.8999939,384.3775024,370.5799866,376.9750061,1632833
2025-03-04 15:30:00+00:00,374.855011,374.855011,378.6400146,372.7000122,373.5499878,560072
2025-03-04 16:30:00+00:00,385.5799866,385.5799866,386.4899902,374.6700134,375.0299988,634758
2025-03-04 17:30:00+00:00,383.4500122,383.4500122,387.7698975,382.7697144,385.3200073,526378
2025-03-04 18:30:00+00:00,392.3099976,392.3099976,393.730011,382.9400024,383.3099976,660283
2025-03-04 19:30:00+00:00,394.7999878,394.7999878,396.1600037,390,392.0899963,782935
2025-03-04 20:30:00+00:00,390.2200012,390.2200012,395.1799927,388.2200012,394.8500061,1065565
2025-03-05 14:30:00+00:00,349.75,349.75,364.7999878,343.0091858,361.6799927,6291795
2025-03-05 15:30:00+00:00,356.0299988,356.0299988,359.8800049,348.5050049,349.7850037,2301493
2025-03-05 16:30:00+00:00,358.5499878,358.5499878,359.2099915,353.8999939,355.7399902,1052029
2025-03-05 17:30:00+00:00,362.2600098,362.2600098,363.4854126,354.3742981,358.5700073,1214070
2025-03-05 18:30:00+00:00,360.5100098,360.5100098,366,360.5,362.2399902,1278575
2025-03-05 19:30:00+00:00,365.9249878,365.9249878,366.480011,359.6210022,360.7900085,1611476
2025-03-05 20:30:00+00:00,365.4700012,365.4700012,367.3200073,363.1950073,365.7799988,1576197
2025-03-06 14:30:00+00:00,371,371,371.719696,355.75,356.5799866,1318055
2025-03-06 15:30:00+00:00,365.394989,365.394989,371.2398987,363.0350037,370.9700012,531796
2025-03-06 16:30:00+00:00,361.3399963,361.3399963,367.9100037,360.6101074,365.4349976,443764
2025-03-06 17:30:00+00:00,354.7200012,354.7200012,362.75,354.5700073,361.355011,603117
2025-03-06 18:30:00+00:00,347.0100098,347.0100098,355.3999939,346.7650146,354.7149963,735153
2025-03-06 19:30:00+00:00,348.0299988,348.0299988,352.9598999,345.8200073,347.1549988,763343
2025-03-06 20:30:00+00:00,347.8699951,347.8699951,349.5849915,346.4200134,348.0299988,640989
2025-03-07 14:30:00+00:00,335.2709961,335.2709961,347.730011,334.5499878,345,1511879
2025-03-07 15:30:00+00:00,326.5728149,326.5728149,335.4249878,325.75,335.25,1115115
2025-03-07 16:30:00+00:00,321.769989,321.769989,327.6899109,318.0499878,326.9400024,1329546
2025-03-07 17:30:00+00:00,326.980011,326.980011,328.4649963,321.6099854,321.7749939,683104
2025-03-07 18:30:00+00:00,331.5400085,331.5400085,332.3504944,326.4400024,327.1000061,501339
2025-03-07 19:30:00+00:00,332.1799927,332.1799927,333.7898865,330.4549866,331.7449951,483750
2025-03-07 20:30:00+00:00,333.5899963,333.5899963,333.9500122,327.6099854,332.1300049,761170
2025-03-10 13:30:00+00:00,308.2999878,308.2999878,323.9450073,307.7612915,322.25,1545131
2025-03-10 14:30:00+00:00,307.6400146,307.6400146,309.5799866,303.9200134,307.9599915,1056776
2025-03-10 15:30:00+00:00,310.3500061,310.3500061,314.9598999,307.5799866,307.5799866,840700
2025-03-10 16:30:00+00:00,310.8599854,310.8599854,312.7146912,308.3200073,310.3099976,537654
2025-03-10 17:30:00+00:00,306.6802979,306.6802979,311.9599915,306.0100098,311.25,672278
2025-03-10 18:30:00+00:00,309.7200012,309.7200012,311.4899902,304.5864868,306.5,617656
2025-03-10 19:30:00+00:00,309,309,311.75,305.7900085,309.8800049,811989
2025-03-11 13:30:00+00:00,320.7099915,320.7099915,326.3250122,308,310,1726830
2025-03-11 14:30:00+00:00,330.0942078,330.0942078,332.4649963,320,320.875,1520072
2025-03-11 15:30:00+00:00,329.3800049,329.3800049,334.3652954,328,329.9849854,721942
2025-03-11 16:30:00+00:00,324.3500061,324.3500061,331.0299988,324.1099854,329.3699951,824302
2025-03-11 17:30:00+00:00,332.7900085,332.7900085,332.9200134,323.3763123,324.2000122,544438
2025-03-11 18:30:00+00:00,334.3850098,334.3850098,339,331.4599915,332.8699951,977151
2025-03-11 19:30:00+00:00,329.6900024,329.6900024,335.7799988,329.6099854,334.4233093,821346
2025-03-12 13:30:00+00:00,343.3800049,343.3800049,347.3200073,340.1400146,343.5899963,1552810
2025-03-12 14:30:00+00:00,343.375,343.375,344.1900024,336.7600098,343.4849854,695789
2025-03-12 15:30:00+00:00,343.7900085,343.7900085,346.8599854,343.269989,343.480011,595797
2025-03-12 16:30:00+00:00,346.1499939,346.1499939,346.8200073,343.1394043,344.4200134,332626
2025-03-12 17:30:00+00:00,345.5899963,345.5899963,346.769989,342.6099854,346.1199951,308882
2025-03-12 18:30:00+00:00,346.4549866,346.4549866,346.769989,343.5100098,345.7900085,449308
2025-03-12 19:30:00+00:00,346.7399902,346.7399902,347.7298889,344.980011,346.6799927,613993
2025-03-13 13:30:00+00:00,335.7999878,335.7999878,347.8351135,332.9400024,346.5700073,922676
2025-03-13 14:30:00+00:00,335.8085938,335.8085938,338,334,336.1300049,327922
2025-03-13 15:30:00+00:00,334.9035034,334.9035034,336.8699951,333.5100098,335.6799927,361419
2025-03-13 16:30:00+00:00,333.3099976,333.3099976,337.7000122,332,334.5899963,280285
2025-03-13 17:30:00+00:00,334.4500122,334.4500122,335.1899109,330.6246948,333.0553894,337471
2025-03-13 18:30:00+00:00,333.888092,333.888092,337.4100037,333.2650146,334.4100037,272796
2025-03-13 19:30:00+00:00,332.4400024,332.4400024,334.3599854,330.7401123,333.519989,511433
2025-03-14 13:30:00+00:00,344.1149902,344.1149902,349.230011,337.1400146,339.6799927,1003863
2025-03-14 14:30:00+00:00,347.8800049,347.8800049,349.2000122,343,344.3200073,350353
2025-03-14 15:30:00+00:00,348,348,350.3699036,347.4273071,347.730011,301058
2025-03-14 16:30:00+00:00,349.8847961,349.8847961,351.2499084,348.0599976,348.2399902,309418
2025-03-14 17:30:00+00:00,347.5899963,347.5899963,350.0499878,347.0599976,349.8581848,279989
2025-03-14 18:30:00+00:00,348.5400085,348.5400085,350.3699951,347.7099915,347.8599854,391287
2025-03-14 19:30:00+00:00,353.7000122,353.7000122,354.5,348.3373108,348.3373108,893118
2025-03-17 13:30:00+00:00,361.519989,361.519989,365.9500122,352.8200073,353.1400146,1146604
2025-03-17 14:30:00+00:00,361.9100037,361.9100037,364.3356934,359.3400879,361.2000122,398800
2025-03-17 15:30:00+00:00,361.7099915,361.7099915,366.1000061,360.866394,361.9100037,287777
2025-03-17 16:30:00+00:00,364.75,364.75,364.9938965,361.5000916,361.7099915,241363
2025-03-17 17:30:00+00:00,368.2550049,368.2550049,368.4200134,364.4194946,364.7600098,311085
2025-03-17 18:30:00+00:00,369.0299988,369.0299988,370.8599854,367.5093079,368.0899963,439361
2025-03-17 19:30:00+00:00,364.8099976,364.8099976,369.7099915,364.7900085,368.9049988,676635
2025-03-18 13:30:00+00:00,361.3649902,361.3649902,368.4671936,356.7099915,362,1095200
2025-03-18 14:30:00+00:00,361.4200134,361.4200134,364.2200012,357.2999878,361.0350037,337334
2025-03-18 15:30:00+00:00,364.2749939,364.2749939,364.5145874,360.1099854,361.1499939,194390
2025-03-18 16:30:00+00:00,363.1300049,363.1300049,365,362.2000122,364.1799927,170077
2025-03-18 17:30:00+00:00,362.7600098,362.7600098,364.8999939,361.7200012,362.9200134,199263
2025-03-18 18:30:00+00:00,361.519989,361.519989,364.8999939,361.0599976,362.9899902,196285
2025-03-18 19:30:00+00:00,363.2600098,363.2600098,364.4458923,360.2558899,361.8800049,458675
2025-03-19 13:30:00+00:00,372.3800049,372.3800049,376.25,362.2554932,366.2200012,681011
2025-03-19 14:30:00+00:00,375.1499939,375.1499939,376.0874939,371.5400085,372.7000122,341314
2025-03-19 15:30:00+00:00,376.1300049,376.1300049,377.4898987,374.8299866,375.269989,586293
2025-03-19 16:30:00+00:00,372.894989,372.894989,376.0549927,371.5,376,248350
2025-03-19 17:30:00+00:00,375.1499939,375.1499939,377.2000122,371.6799927,372.5499878,302917
2025-03-19 18:30:00+00:00,375.2900085,375.2900085,381.2600098,374.7799988,375.3399963,618153
2025-03-19 19:30:00+00:00,375.1600037,375.1600037,379.3212891,374.7799988,375.3999939,617432
2025-03-20 13:30:00+00:00,374.0499878,374.0499878,376.25,370.5499878,370.8999939,653510
2025-03-20 14:30:00+00:00,375.4400024,375.4400024,377.4899902,373.1600037,374.0799866,337704
2025-03-20 15:30:00+00:00,367.6362,367.6362,375.7109985,367.6362,375.4299927,292534
2025-03-20 16:30:00+00:00,365.1199951,365.1199951,368.765686,364.7250061,368.1700134,369921
2025-03-20 17:30:00+00:00,364.8662109,364.8662109,367.6499023,364.4599915,364.8599854,257388
2025-03-20 18:30:00+00:00,368.0700073,368.0700073,369.7043152,364.6199951,364.6950073,290146
2025-03-20 19:30:00+00:00,369,369,371.8299866,368.1000061,368.2099915,392397
2025-03-21 13:30:00+00:00,365.5650024,365.5650024,367.6600037,353.0299988,358.7000122,1663980
2025-03-21 14:30:00+00:00,364.605011,364.605011,367.1499939,363.3099976,365.5299988,224451
2025-03-21 15:30:00+00:00,366.9100037,366.9100037,367.8399963,362.5000916,364.5899963,302256
2025-03-21 16:30:00+00:00,369.6700134,369.6700134,371.4299927,366.019989,367.230011,642513
2025-03-21 17:30:00+00:00,369,369,372.1000061,368.3200073,369.3599854,227081
2025-03-21 18:30:00+00:00,366.0450134,366.0450134,369.5050049,365.4049988,368.7399902,347027
2025-03-21 19:30:00+00:00,362.2399902,362.2399902,368.5,361.8200073,365.9700012,925644
2025-03-24 13:30:00+00:00,364.4299927,364.4299927,370,361.6600037,369.0549927,1095406
2025-03-24 14:30:00+00:00,365.7099915,365.7099915,366,363.6799927,364.6549988,381010
2025-03-24 15:30:00+00:00,367.4949951,367.4949951,370,365.1397095,365.480011,399591
2025-03-24 16:30:00+00:00,369.2399902,369.2399902,369.4820862,366.9700012,367.3399963,227899
2025-03-24 17:30:00+00:00,370.4049988,370.4049988,370.6400146,368.2200012,368.855011,209955
2025-03-24 18:30:00+00:00,370.8500061,370.8500061,372.3900146,369.3900146,370.5799866,261969
2025-03-24 19:30:00+00:00,372.8200073,372.8200073,373.6300049,370.6400146,370.8815002,452348
2025-03-25 13:30:00+00:00,387.7000122,387.7000122,392.6936035,377.0000916,378,2005727
2025-03-25 14:30:00+00:00,388.6402893,388.6402893,389.4999084,385.3800049,387.7000122,428226
2025-03-25 15:30:00+00:00,386.3294983,386.3294983,389.0711975,383.7999878,388.8500061,355656
2025-03-25 16:30:00+00:00,384.0899963,384.0899963,387.2236938,372.6400146,386.3900146,226977
2025-03-25 17:30:00+00:00,386.25,386.25,386.6047974,384.0899963,384.3999939,187851
2025-03-25 18:30:00+00:00,384.519989,384.519989,386.4198914,383.7526855,386.25,204926
2025-03-25 19:30:00+00:00,385.0599976,385.0599976,385.6300049,384.1205139,384.6900024,439128
2025-03-26 13:30:00+00:00,375.3900146,375.3900146,384.7732849,372.1099854,382.3900146,602847
2025-03-26 14:30:00+00:00,376.8800049,376.8800049,378.4500122,373.9301147,375.019989,318210
2025-03-26 15:30:00+00:00,375.3091125,375.3091125,378.9400024,373.5100098,377.0400085,574815
2025-03-26 16:30:00+00:00,373.3200073,373.3200073,376.1499023,372.6000061,375.5,197696
2025-03-26 17:30:00+00:00,374.1099854,374.1099854,374.9899902,371.75,373,210023
2025-03-26 18:30:00+00:00,371.75,371.75,374.4500122,370.4100037,374.1650085,243788
2025-03-26 19:30:00+00:00,371.4100037,371.4100037,373.0874939,371.0299988,371.9349976,453113
2025-03-27 13:30:00+00:00,369.3399963,369.3399963,369.6000061,360.2799988,368.769989,695026
2025-03-27 14:30:00+00:00,367.4639893,367.4639893,371.4599915,367.0700073,369.2999878,265940
2025-03-27 15:30:00+00:00,368.2600098,368.2600098,370.4949951,364.1950073,367.3099976,209833
2025-03-27 16:30:00+00:00,365.9649963,365.9649963,369.144989,365.5101013,368.2099915,142048
2025-03-27 17:30:00+00:00,367.8399963,367.8399963,368.6350098,365.5150146,366.0299988,182327
2025-03-27 18:30:00+00:00,370.5899963,370.5899963,370.8299866,367.0827942,367.8399963,332582
2025-03-27 19:30:00+00:00,366.5100098,366.5100098,370.5899963,366.3900146,370.5899963,486362
2025-03-28 13:30:00+00:00,357.7399902,357.7399902,367.20401,357.1069946,365.5,673810
2025-03-28 14:30:00+00:00,357.2650146,357.2650146,359.0499878,354.6552124,357.9899902,423116
2025-03-28 15:30:00+00:00,355.2926025,355.2926025,360,354.8051147,357.2600098,361537
2025-03-28 16:30:00+00:00,354.2419128,354.2419128,356.730011,353.4801025,355.2681885,306473
2025-03-28 17:30:00+00:00,356.2900085,356.2900085,357.6899109,353.6737061,354.4625854,185949
2025-03-28 18:30:00+00:00,356.230011,356.230011,358.0499878,355.2999878,356.4949951,194575
2025-03-28 19:30:00+00:00,357.2600098,357.2600098,358.0899963,354.9262085,356.3299866,370453
2025-03-31 13:30:00+00:00,341.3876038,341.3876038,349.7600098,337.9599915,345.7850037,975306
2025-03-31 14:30:00+00:00,344.2901001,344.2901001,346.0150146,341.3850098,341.3850098,339923
2025-03-31 15:30:00+00:00,348.5299988,348.5299988,348.7950134,343.2600098,344.1471863,275485
2025-03-31 16:30:00+00:00,347.7600098,347.7600098,349.3099976,345.7999878,348.1400146,183712
2025-03-31 17:30:00+00:00,352.0599976,352.0599976,352.3399963,346.3200073,347.5400085,195515
2025-03-31 18:30:00+00:00,349.769989,349.769989,352.3900146,349.6300049,351.6700134,241751
2025-03-31 19:30:00+00:00,352.4500122,352.4500122,353.6400146,348.7600098,349.5899963,484692
2025-04-01 13:30:00+00:00,354.2000122,354.2000122,359.8999939,351.25,358.9400024,594806
2025-04-01 14:30:00+00:00,361.2200012,361.2200012,362.4700012,353.903595,354.1900024,500729
2025-04-01 15:30:00+00:00,359.4265137,359.4265137,362.2000122,359.0000916,360.8900146,302457
2025-04-01 16:30:00+00:00,359.2200012,359.2200012,361.7250061,358.7556152,359.5499878,232233
2025-04-01 17:30:00+00:00,357.0400085,357.0400085,361.605011,356.019989,359.1950073,188707
2025-04-01 18:30:00+00:00,359.4500122,359.4500122,359.9899902,356.6401062,356.8999939,178619
2025-04-01 19:30:00+00:00,362.6700134,362.6700134,363.1700134,358.7966919,359.2550049,342213
2025-04-02 13:30:00+00:00,369.4599915,369.4599915,370.3302917,353.0286865,353.1600037,534751
2025-04-02 14:30:00+00:00,369.9100037,369.9100037,370.7499084,366.3901062,369.2200012,252080
2025-04-02 15:30:00+00:00,373.1400146,373.1400146,373.2000122,368.8500061,369.9549866,206459
2025-04-02 16:30:00+00:00,373.9757996,373.9757996,376.269989,362.3800049,373.3299866,276663
2025-04-02 17:30:00+00:00,367.3800049,367.3800049,374.0549927,362.3800049,373.980011,192442
2025-04-02 18:30:00+00:00,369.375,369.375,370.2797852,367,367.2749939,202091
2025-04-02 19:30:00+00:00,371.3399963,371.3399963,372.9599915,368.6453857,369.2349854,372351
2025-04-03 13:30:00+00:00,351.0350037,351.0350037,360.9104004,348.5599976,350.9419861,856751
2025-04-03 14:30:00+00:00,346.735199,346.735199,352.0205078,341.8099976,351.5,649055
2025-04-03 15:30:00+00:00,354.3244934,354.3244934,354.7200012,346.7099915,346.7099915,397895
2025-04-03 16:30:00+00:00,351.8800049,351.8800049,355.4099121,351.5451965,354.4549866,279150
2025-04-03 17:30:00+00:00,350.9092102,350.9092102,354.2098999,350.0599976,351.6350098,342074
2025-04-03 18:30:00+00:00,348.4700012,348.4700012,353.7900085,348.2799988,351.2049866,427716
2025-04-03 19:30:00+00:00,347.5100098,347.5100098,348.8577881,346.2399902,348.4899902,594336
2025-04-04 13:30:00+00:00,315.1900024,315.1900024,334.0450134,314.571991,328.0150146,1593040
2025-04-04 14:30:00+00:00,324.625,324.625,328.6000061,310.3100891,315.1499939,1247042
2025-04-04 15:30:00+00:00,320.980011,320.980011,328.1400146,320.3599854,324.6199951,690329
2025-04-04 16:30:00+00:00,321.7049866,321.7049866,323.1900024,318.6099854,320.980011,652139
2025-04-04 17:30:00+00:00,322.0650024,322.0650024,328.1322937,320.4400024,321.4899902,530661
2025-04-04 18:30:00+00:00,324.3699951,324.3699951,325.4129944,319.1600037,322,686662
2025-04-04 19:30:00+00:00,321.480011,321.480011,327.1799927,321.4100037,324,1021034
2025-04-07 13:30:00+00:00,317.4500122,317.4500122,341.769989,298.1400146,300.0599976,2590296
2025-04-07 14:30:00+00:00,317.0400085,317.0400085,332.0799866,315.019989,318.8250122,945223
2025-04-07 15:30:00+00:00,321.4949951,321.4949951,325.3699951,315.8800049,316.6900024,374001
2025-04-07 16:30:00+00:00,327.1799927,327.1799927,327.1799927,316.7604065,320.8999939,422259
2025-04-07 17:30:00+00:00,324.6000061,324.6000061,332.2999878,324.1243896,327.1799927,416126
2025-04-07 18:30:00+00:00,321.0996094,321.0996094,329.7900085,320.2500916,324.8999939,505505
2025-04-07 19:30:00+00:00,324.3599854,324.3599854,326.7999878,321.0899963,321.1300049,556687
2025-04-08 13:30:00+00:00,349,349,351.0299988,337.9725037,342.5,1210344
2025-04-08 14:30:00+00:00,341.9599915,341.9599915,350.875,341.4431152,349.2099915,665078
2025-04-08 15:30:00+00:00,337.0599976,337.0599976,347.3699951,335.20401,342.0700073,424184
2025-04-08 16:30:00+00:00,329.6099854,329.6099854,338.0299988,329.269989,337.3699951,572922
2025-04-08 17:30:00+00:00,331.4200134,331.4200134,335.3869019,327.9249878,329.5,384930
2025-04-08 18:30:00+00:00,324.5,324.5,336.8599854,321.8800049,331.5899963,617071
2025-04-08 19:30:00+00:00,325.5100098,325.5100098,325.75,318.4599915,324.5,777642
2025-04-09 13:30:00+00:00,337.1849976,337.1849976,339.5100098,324.5,325,947936
2025-04-09 14:30:00+00:00,335.2200012,335.2200012,339.685791,329.7399902,337.2702026,459705
2025-04-09 15:30:00+00:00,336.5100098,336.5100098,338.0249939,330.8200073,335.2600098,327060
2025-04-09 16:30:00+00:00,358.6900024,358.6900024,369.928009,335.5700073,336.3800049,906549
2025-04-09 17:30:00+00:00,379.9500122,379.9500122,381.5,355.1600037,358.7600098,1625455
2025-04-09 18:30:00+00:00,378.9100037,378.9100037,382.6499939,368.769989,380.1700134,1035301
2025-04-09 19:30:00+00:00,377.4200134,377.4200134,381.769989,375.6650085,378.8150024,1076508
2025-04-10 13:30:00+00:00,368.9849854,368.9849854,372.0899963,363.0899963,369,833400
2025-04-10 14:30:00+00:00,366.4200134,366.4200134,375.9865112,366.3999939,369.1400146,472185
2025-04-10 15:30:00+00:00,356.4299927,356.4299927,367.6784058,354.2044067,366.2149963,494431
2025-04-10 16:30:00+00:00,363.9899902,363.9899902,368.6499939,355.9849854,355.9849854,548122
2025-04-10 17:30:00+00:00,373.9899902,373.9899902,374.2799988,363.3099976,363.6579895,391168
2025-04-10 18:30:00+00:00,366.6700134,366.6700134,374.6499023,366.5299988,374.1400146,425857
2025-04-10 19:30:00+00:00,368.7900085,368.7900085,370.5050049,363.7099915,366.5799866,681096
2025-04-11 13:30:00+00:00,361.7999878,361.7999878,369.5400085,360.6536865,366.0069885,800325
2025-04-11 14:30:00+00:00,365.5050049,365.5050049,370.730011,361.1950073,361.7999878,329327
2025-04-11 15:30:00+00:00,367.985199,367.985199,370.6799011,365.0249939,365.6700134,218561
2025-04-11 16:30:00+00:00,371.5549927,371.5549927,374.4099121,368.019989,368.019989,289041
2025-04-11 17:30:00+00:00,376.6000061,376.6000061,377.9494934,369.5599976,371.769989,390272
2025-04-11 18:30:00+00:00,376.9750061,376.9750061,377.9599915,373.3071899,376.2399902,329651
2025-04-11 19:30:00+00:00,377.25,377.25,378.7900085,376.1700134,377.0050049,547523
2025-04-14 13:30:00+00:00,383.1224976,383.1224976,389.252594,379.7701111,386.3312988,922271
2025-04-14 14:30:00+00:00,378.0050049,378.0050049,386.0151062,377.8500061,383.3399963,378924
2025-04-14 15:30:00+00:00,375,375,379.0899963,372.8200073,377.875,259808
2025-04-14 16:30:00+00:00,376.8900146,376.8900146,378.9400024,373.9700928,374.9299927,224350
2025-04-14 17:30:00+00:00,377.8699951,377.8699951,378.9388123,375.6300049,376.625,155726
2025-04-14 18:30:00+00:00,379.8900146,379.8900146,381.4934082,377.6000061,377.9874878,169814
2025-04-14 19:30:00+00:00,378.8099976,378.8099976,381.2449951,378.4299927,379.9299927,363675
2025-04-15 13:30:00+00:00,389.3599854,389.3599854,391.3900146,379.7200012,382,927613
2025-04-15 14:30:00+00:00,395.7099915,395.7099915,396.2600098,389,389.3099976,826324
2025-04-15 15:30:00+00:00,398.5599976,398.5599976,398.8200073,392.9299927,395.7799988,572042
2025-04-15 16:30:00+00:00,397.3399963,397.3399963,400,396.1000061,398.5599976,857963
2025-04-15 17:30:00+00:00,394.5925903,394.5925903,397.980011,394,396.8999939,423877
2025-04-15 18:30:00+00:00,393.6098938,393.6098938,395.5299988,392.8100891,394.8599854,504170
2025-04-15 19:30:00+00:00,392.8200073,392.8200073,393.9999084,392.1099854,393.6099854,564825
2025-04-16 13:30:00+00:00,390.6300049,390.6300049,395.3500061,386.1099854,386.1099854,830538
2025-04-16 14:30:00+00:00,392.5650024,392.5650024,393.9378052,388.2600098,391,447435
2025-04-16 15:30:00+00:00,391.4200134,391.4200134,393.0100098,389.5849915,392.6799927,181535
2025-04-16 16:30:00+00:00,389.1989136,389.1989136,391.6400146,386.7000122,391.4599915,243062
2025-04-16 17:30:00+00:00,381.8500061,381.8500061,388.7200012,380.5,388.4649963,464471
2025-04-16 18:30:00+00:00,373.8900146,373.8900146,382.1199951,373.519989,382,636405
2025-04-16 19:30:00+00:00,379.6499939,379.6499939,380.9700012,373.9599915,374.1549988,653061
2025-04-17 13:30:00+00:00,374.1499939,374.1499939,382.6000977,373.7705994,382.25,509119
2025-04-17 14:30:00+00:00,376.1199951,376.1199951,379.5,373.1010132,374.1400146,228427
2025-04-17 15:30:00+00:00,378.9949951,378.9949951,379.4899902,374.8171082,376.4200134,210412
2025-04-17 16:30:00+00:00,374.5599976,374.5599976,379.9498901,374.5599976,378.7449951,178872
2025-04-17 17:30:00+00:00,376.8800049,376.8800049,378.2969971,374.75,375.0100098,185826
2025-04-17 18:30:00+00:00,375.6246948,375.6246948,378.5799866,375.3857117,376.8500061,178509
2025-04-17 19:30:00+00:00,375.6600037,375.6600037,377.0198975,375,375.4949951,258388
2025-04-21 13:30:00+00:00,364.2999878,364.2999878,371.9400024,362.4020081,363.7999878,515114
2025-04-21 14:30:00+00:00,363.5,363.5,366.6000061,361.8250122,364.2449951,315775
2025-04-21 15:30:00+00:00,360.7200012,360.7200012,363.6099854,359.3399963,363.2376099,277593
2025-04-21 16:30:00+00:00,357.75,357.75,361.6900024,356.4767151,360.7950134,224885
2025-04-21 17:30:00+00:00,357.4200134,357.4200134,358.4100037,355.6600037,357.7204895,193382
2025-04-21 18:30:00+00:00,359.5650024,359.5650024,360.5700073,357,357.7399902,353470
2025-04-21 19:30:00+00:00,362.6700134,362.6700134,363.2900085,359.7000122,359.756897,437616
2025-04-22 13:30:00+00:00,368.5499878,368.5499878,369.9552917,362.8999939,366.25,522308
2025-04-22 14:30:00+00:00,370.1698914,370.1698914,371.2900085,367.1400146,368.0899963,314921
2025-04-22 15:30:00+00:00,374,374,374.6799927,368.3301086,369.6849976,314885
2025-04-22 16:30:00+00:00,366.5050049,366.5050049,374.6350098,366.1300964,373.3669128,287612
2025-04-22 17:30:00+00:00,368.2600098,368.2600098,369.2554932,364.6000061,366.5050049,241344
2025-04-22 18:30:00+00:00,365.4599915,365.4599915,369.0400085,365.2099915,368.2600098,192460
2025-04-22 19:30:00+00:00,368.7099915,368.7099915,369.5,364.4639893,365.5249939,342293
2025-04-23 13:30:00+00:00,393.3999939,393.3999939,394.5,383.0155029,383.2449951,1049202
2025-04-23 14:30:00+00:00,388.1400146,388.1400146,396.1000061,387.3999939,393.2600098,680697
2025-04-23 15:30:00+00:00,385.8999939,385.8999939,388.9700012,383.3622131,388.1300049,288725
2025-04-23 16:30:00+00:00,389.5888977,389.5888977,391,385.5299988,385.9200134,242638
2025-04-23 17:30:00+00:00,389.0299988,389.0299988,391.4945068,387.8349915,390.1499939,210631
2025-04-23 18:30:00+00:00,385.4849854,385.4849854,390.3999939,384.980011,389.2399902,185882
2025-04-23 19:30:00+00:00,385.4400024,385.4400024,386.980011,383.5300903,385.2200928,419060
2025-04-24 13:30:00+00:00,403.1650085,403.1650085,404,386,386,931396
2025-04-24 14:30:00+00:00,404.5549927,404.5549927,406.7999878,402.4249878,403.3656921,537155
2025-04-24 15:30:00+00:00,411.144989,411.144989,411.2644043,404.2399902,404.5650024,657660
2025-04-24 16:30:00+00:00,413.1000061,413.1000061,413.6600037,410.019989,411.1224976,425568
2025-04-24 17:30:00+00:00,413.375,413.375,414.6321106,410.5086975,413.2999878,387326
2025-04-24 18:30:00+00:00,411.4349976,411.4349976,414.8486023,411.2850037,413.6199951,411879
2025-04-24 19:30:00+00:00,414.019989,414.019989,414.6600037,411.4299927,411.5799866,547718
2025-04-25 13:30:00+00:00,413.8800049,413.8800049,422.2712097,412.6000061,414.6900024,772597
2025-04-25 14:30:00+00:00,416.8493958,416.8493958,418.14151,413,414.4916077,418480
2025-04-25 15:30:00+00:00,418.0299988,418.0299988,418.9331055,414.9299927,416.5799866,285922
2025-04-25 16:30:00+00:00,422.2200012,422.2200012,422.7200012,417.75,417.7999878,338189
2025-04-25 17:30:00+00:00,420.8999939,420.8999939,422.6099854,417.9299927,422.0499878,346427
2025-04-25 18:30:00+00:00,422.3200073,422.3200073,422.9899902,420.3536072,420.8900146,290296
2025-04-25 19:30:00+00:00,424.8399963,424.8399963,425.7349854,421.2738037,422.2900085,529037
2025-04-28 13:30:00+00:00,423.2099915,423.2099915,428,419.1224976,424.8399963,710191
2025-04-28 14:30:00+00:00,417.8099976,417.8099976,425.0686035,417.8099976,423.1199951,367638
2025-04-28 15:30:00+00:00,416.1650085,416.1650085,420.1650085,415.3299866,418.2600098,378523
2025-04-28 16:30:00+00:00,417.7950134,417.7950134,419.5999146,416.1914063,416.2449951,199865
2025-04-28 17:30:00+00:00,420.7550049,420.7550049,421.1160889,416.7000122,417.8200073,166176
2025-04-28 18:30:00+00:00,422.6099854,422.6099854,423.1700134,420.5499878,420.9400024,239138
2025-04-28 19:30:00+00:00,422.8999939,422.8999939,425.019989,422.3399963,422.8150024,328940
2025-04-29 13:30:00+00:00,424.0599976,424.0599976,429.4999084,423.0799866,424.4549866,456429
2025-04-29 14:30:00+00:00,428.6400146,428.6400146,430.75,424.6849976,424.6849976,309564
2025-04-29 15:30:00+00:00,428.6749878,428.6749878,430.1799927,425.8900146,428.1900024,198008
2025-04-29 16:30:00+00:00,429.8418884,429.8418884,430.7449951,427.5882874,428.7900085,269143
2025-04-29 17:30:00+00:00,431.3099976,431.3099976,432,429.4661865,430.1393127,240897
2025-04-29 18:30:00+00:00,430.4339905,430.4339905,431.480011,430.0599976,431.25,215328
2025-04-29 19:30:00+00:00,430.6700134,430.6700134,432.3699951,430.4121094,430.6300049,332461
2025-04-30 13:30:00+00:00,422.9231873,422.9231873,423.1022034,414.4100037,419.0100098,1009170
2025-04-30 14:30:00+00:00,423.9299927,423.9299927,425.5999146,421.230011,422.6499939,316055
2025-04-30 15:30:00+00:00,422.9786072,422.9786072,425.5967102,422.1600037,423.7999878,208391
2025-04-30 16:30:00+00:00,425.1600037,425.1600037,425.4099121,421.5400085,422.6600037,162653
2025-04-30 17:30:00+00:00,426.0100098,426.0100098,427.7351074,424.7000122,425.4342041,224480
2025-04-30 18:30:00+00:00,424.4849854,424.4849854,427,424.1499939,426.0350037,221992
2025-04-30 19:30:00+00:00,428.8699951,428.8699951,429.5299988,424.5899963,424.6000061,440710
2025-05-01 13:30:00+00:00,433.9154968,433.9154968,434.8500061,427.8575134,430,675109
2025-05-01 14:30:00+00:00,437.9400024,437.9400024,439.6300049,433.3500061,434.1026917,454469
2025-05-01 15:30:00+00:00,436.2999878,436.2999878,438.4100037,434.0166016,437.8900146,278020
2025-05-01 16:30:00+00:00,435.8999939,435.8999939,438.3250122,435.1260071,436.019989,226145
2025-05-01 17:30:00+00:00,436.0899963,436.0899963,437.5,433.3699951,436.0450134,223642
2025-05-01 18:30:00+00:00,436.8099976,436.8099976,437.4899902,435.3399963,435.9484863,221686
2025-05-01 19:30:00+00:00,431.7900085,431.7900085,437.8399048,431.5100098,436.9100037,426578
2025-05-02 13:30:00+00:00,442.0599976,442.0599976,443.0499878,434.3999939,439,576719
2025-05-02 14:30:00+00:00,438.9700012,438.9700012,441.75,438.5,441.75,311181
2025-05-02 15:30:00+00:00,442.1000061,442.1000061,443.7000122,438.3399963,438.8800049,253738
2025-05-02 16:30:00+00:00,442.1998901,442.1998901,443.309906,441.4100037,442.4299927,156282
2025-05-02 17:30:00+00:00,442.4299927,442.4299927,443.480011,440.9200134,441.8200073,157048
2025-05-02 18:30:00+00:00,440.8399963,440.8399963,443.3500061,440.7099915,442.4349976,206817
2025-05-02 19:30:00+00:00,440.730011,440.730011,441.6000061,439.5799866,440.8399963,368478
2025-05-05 13:30:00+00:00,449.4349976,449.4349976,450.4099121,435.4043884,436,747236
2025-05-05 14:30:00+00:00,449.6400146,449.6400146,451.1499023,446.7500916,449.4744873,350539
2025-05-05 15:30:00+00:00,449.519989,449.519989,450.6199951,448.4299927,449.3454895,241621
2025-05-05 16:30:00+00:00,449.7799988,449.7799988,450.0700073,448.6900024,449.3250122,191276
2025-05-05 17:30:00+00:00,448.230011,448.230011,450.1600037,448.1499939,449.9100037,207406
2025-05-05 18:30:00+00:00,447.5650024,447.5650024,449.7600098,447.5559998,448.230011,316640
2025-05-05 19:30:00+00:00,443.6799927,443.6799927,448.2562866,443.1700134,447.4700012,484993
2025-05-06 13:30:00+00:00,440.7099915,440.7099915,440.9999084,430.5700073,432.2019958,870864
2025-05-06 14:30:00+00:00,443.9700012,443.9700012,444.1899109,440.0299988,441.2149963,312639
2025-05-06 15:30:00+00:00,445,445,447.4200134,443.2600098,444.0665894,303213
2025-05-06 16:30:00+00:00,442.5150146,442.5150146,445.6600037,441.8400879,444.6499939,199579
2025-05-06 17:30:00+00:00,445.5650024,445.5650024,445.7298889,441.8067017,442.3299866,182239
2025-05-06 18:30:00+00:00,446.6400146,446.6400146,447.5,444.9200134,445.4299927,234390
2025-05-06 19:30:00+00:00,443.25,443.25,447.5,443.0799866,446.5499878,411889
2025-05-07 13:30:00+00:00,426.004303,426.004303,429.8399963,417.0621033,425.4200134,2291948
2025-05-07 14:30:00+00:00,425.1199951,425.1199951,426.4814148,420.7200928,426.2399902,740481
2025-05-07 15:30:00+00:00,423.4692078,423.4692078,426.7999878,423.190094,424.9500122,460085
2025-05-07 16:30:00+00:00,424.75,424.75,426.6227112,423.5599976,423.5700073,404622
2025-05-07 17:30:00+00:00,420.5899963,420.5899963,425.1300049,418.1300049,424.7600098,611210
2025-05-07 18:30:00+00:00,420.6199951,420.6199951,423.9999084,419.4349976,420.6400146,621741
2025-05-07 19:30:00+00:00,422.75,422.75,426.2000122,420.3800049,420.5899963,741239
2025-05-08 13:30:00+00:00,428.7799988,428.7799988,432.5799866,424.7200012,427.4849854,955053
2025-05-08 14:30:00+00:00,428.3599854,428.3599854,431.7166138,424.8599854,428.7749939,402280
2025-05-08 15:30:00+00:00,430.2900085,430.2900085,432.1600037,427.7900085,428.5599976,270140
2025-05-08 16:30:00+00:00,431.4916992,431.4916992,432.1600037,429.6801147,430.4400024,196318
2025-05-08 17:30:00+00:00,431.1300049,431.1300049,431.9400024,430.1099854,431.2099915,161240
2025-05-08 18:30:00+00:00,431.8099976,431.8099976,432.9064026,430.25,431.355011,448146
2025-05-08 19:30:00+00:00,428.6199951,428.6199951,432.1000061,428.269989,432.1000061,383016
2025-05-09 13:30:00+00:00,411.2550049,411.2550049,420,410.7999878,418.9450073,1415383
2025-05-09 14:30:00+00:00,410.3099976,410.3099976,412.5499878,404.6300049,411.1900024,1007890
2025-05-09 15:30:00+00:00,409.0599976,409.0599976,412.6499939,409,410.1000061,443091
2025-05-09 16:30:00+00:00,409.2399902,409.2399902,410.4100037,407.9494019,408.9200134,346903
2025-05-09 17:30:00+00:00,408.7099915,408.7099915,411.0899048,408.5231934,409.2650146,263362
2025-05-09 18:30:00+00:00,411.5100098,411.5100098,411.6300049,408.5336914,408.7200012,351458
2025-05-09 19:30:00+00:00,410.5700073,410.5700073,412.4400024,410.1099854,411.5700073,546464
2025-05-12 13:30:00+00:00,419.3699951,419.3699951,425.7449951,415.1000061,419.6900024,969911
2025-05-12 14:30:00+00:00,421.3883972,421.3883972,423.6499939,418.1900024,419.3099976,397287
2025-05-12 15:30:00+00:00,421.8612061,421.8612061,422.1499939,420.6400146,421.75,175594
2025-05-12 16:30:00+00:00,424.8099976,424.8099976,425.4400024,421.5100098,421.9349976,249001
2025-05-12 17:30:00+00:00,427.3999939,427.3999939,427.5599976,424.7000122,425.019989,295124
2025-05-12 18:30:00+00:00,426.4549866,426.4549866,428.5299988,426.0166931,427.2319031,329719
2025-05-12 19:30:00+00:00,429.4400024,429.4400024,429.4700012,425.5700073,426.3900146,468434
2025-05-13 13:30:00+00:00,439.3699951,439.3699951,441.3699951,427.0000916,428.2099915,873769
2025-05-13 14:30:00+00:00,441.8200073,441.8200073,443.4100037,438.8800049,439.2900085,458860
2025-05-13 15:30:00+00:00,445.9200134,445.9200134,445.9753113,438.6000977,441.7200012,573265
2025-05-13 16:30:00+00:00,444.7900085,444.7900085,448,444.269989,445.9700012,284777
2025-05-13 17:30:00+00:00,441.3800049,441.3800049,445.3599854,441.1099854,444.7950134,268422
2025-05-13 18:30:00+00:00,441.8373108,441.8373108,442.756897,441.0700073,441.2449951,249111
2025-05-13 19:30:00+00:00,440.0899963,440.0899963,442.4700012,439.6799927,441.9200134,423901
2025-05-14 13:30:00+00:00,438.8399963,438.8399963,445.4700012,436.6099854,442.8999939,684605
2025-05-14 14:30:00+00:00,438.0400085,438.0400085,439.4100037,436.9100037,438.8250122,224885
2025-05-14 15:30:00+00:00,435.894989,435.894989,438,434.7999878,438,282146
2025-05-14 16:30:00+00:00,432.6199951,432.6199951,437.3399963,431.4801025,436,325493
2025-05-14 17:30:00+00:00,433.4812927,433.4812927,434.5450134,431.2601013,432.5899963,305451
2025-05-14 18:30:00+00:00,434.3099976,434.3099976,434.75,433.4500122,433.6900024,218971
2025-05-14 19:30:00+00:00,435.7900085,435.7900085,436.1600037,433.4122009,434.2000122,461086
2025-05-15 13:30:00+00:00,427.4400024,427.4400024,430,422.2200012,423.0100098,844582
2025-05-15 14:30:00+00:00,429.75,429.75,430.0874023,425.2099915,427.1000061,259884
2025-05-15 15:30:00+00:00,432.1148987,432.1148987,432.4400024,429.2099915,429.75,197444
2025-05-15 16:30:00+00:00,433.6117859,433.6117859,433.7724915,431.440094,431.9100037,156792
2025-05-15 17:30:00+00:00,431.2149963,431.2149963,433.8599854,429.1964111,433.6099854,209936
2025-05-15 18:30:00+00:00,429.1300049,429.1300049,431.8399048,428.8400879,431.2099915,242517
2025-05-15 19:30:00+00:00,431.5899963,431.5899963,432,429.144989,429.25,311096
2025-05-16 13:30:00+00:00,437.8900146,437.8900146,439.8499146,431.8200073,435.0299988,517188
2025-05-16 14:30:00+00:00,439.6849976,439.6849976,440.5799866,436.0382996,437.5000916,260859
2025-05-16 15:30:00+00:00,439.4700012,439.4700012,440.8900146,439.1300964,439.6849976,183632
2025-05-16 16:30:00+00:00,440.3649902,440.3649902,440.4223938,438.7799988,439.5050049,162488
2025-05-16 17:30:00+00:00,438.7250061,438.7250061,440.8443909,437.8500061,440.4100037,153337
2025-05-16 18:30:00+00:00,439.0400085,439.0400085,439.1400146,438.2999878,438.519989,228629
2025-05-16 19:30:00+00:00,439.2999878,439.2999878,439.6842957,438.2000122,439.0400085,284599
2025-05-19 13:30:00+00:00,442.2298889,442.2298889,442.4898987,431.9899902,432.4299927,530971
2025-05-19 14:30:00+00:00,440.4349976,440.4349976,442.3999023,439.8500061,441.5799866,215463
2025-05-19 15:30:00+00:00,442.9599915,442.9599915,444.5346985,440.3299866,440.3299866,185473
2025-05-19 16:30:00+00:00,444.6900024,444.6900024,445.1600037,442.6730957,443.0050049,169372
2025-05-19 17:30:00+00:00,443.0899963,443.0899963,445.5,442.1900024,444.6099854,170701
2025-05-19 18:30:00+00:00,442.3500061,442.3500061,443.946106,442.1300049,442.9599915,166201
2025-05-19 19:30:00+00:00,444.3900146,444.3900146,444.9147949,442.3631897,442.3631897,289237
2025-05-20 13:30:00+00:00,438.1799927,438.1799927,443.0100098,436.7000122,441.8900146,451677
2025-05-20 14:30:00+00:00,438.6000061,438.6000061,439.6700134,437.5,438.1499939,181510
2025-05-20 15:30:00+00:00,438.5450134,438.5450134,439.2000122,437.6499939,438.7449951,118383
2025-05-20 16:30:00+00:00,439.2650146,439.2650146,439.7999878,438.2799988,438.5625,168754
2025-05-20 17:30:00+00:00,439.1900024,439.1900024,440.4200134,437.7749939,439.3070068,279451
2025-05-20 18:30:00+00:00,439.9849854,439.9849854,440.4400024,437.9599915,439.2200012,260507
2025-05-20 19:30:00+00:00,442.4299927,442.4299927,442.5799866,440.0100098,440.0100098,411538
2025-05-21 13:30:00+00:00,438.6000061,438.6000061,440.125,434.0100098,436.7999878,752182
2025-05-21 14:30:00+00:00,439.9100037,439.9100037,440.3900146,435.7099915,438.4349976,504407
2025-05-21 15:30:00+00:00,449.4299927,449.4299927,450.6700134,439.3800049,440.1099854,833950
2025-05-21 16:30:00+00:00,437.9649963,437.9649963,450.2900085,437.4901123,449.2000122,567372
2025-05-21 17:30:00+00:00,439.4700012,439.4700012,441.0700073,437.0152893,437.8699951,432819
2025-05-21 18:30:00+00:00,433.3649902,433.3649902,440.7296143,432.0599976,439.3649902,427469
2025-05-21 19:30:00+00:00,434.75,434.75,436.8999939,433.1000061,433.1400146,519324
2025-05-22 13:30:00+00:00,444.7999878,444.7999878,448.8800049,430,430.7149963,774859
2025-05-22 14:30:00+00:00,445.1499939,445.1499939,447.2099915,441.2000122,444.6860046,276310
2025-05-22 15:30:00+00:00,445.25,445.25,447.0700073,444.6600037,445.3299866,176050
2025-05-22 16:30:00+00:00,445.3699951,445.3699951,446.1600037,443.0799866,445.4500122,175592
2025-05-22 17:30:00+00:00,446.2900085,446.2900085,447.3800049,444.940094,445.4549866,211678
2025-05-22 18:30:00+00:00,447.769989,447.769989,447.8699951,445.9021912,446.3800049,249035
2025-05-22 19:30:00+00:00,444.0799866,444.0799866,448.25,443.8500061,447.7399902,367892
2025-05-23 13:30:00+00:00,450.7200012,450.7200012,452.9899902,437.3999939,438.5,964326
2025-05-23 14:30:00+00:00,452.375,452.375,455.3799133,449.2000122,450.75,710839
2025-05-23 15:30:00+00:00,453.2000122,453.2000122,453.7200012,450.5400085,452.3800049,318540
2025-05-23 16:30:00+00:00,457.8800049,457.8800049,458.019989,452.5100098,453.355011,448841
2025-05-23 17:30:00+00:00,456.2200012,456.2200012,459.5,455.8900146,457.8250122,341102
2025-05-23 18:30:00+00:00,457.4899902,457.4899902,459.9299927,456.3840942,456.7900085,344964
2025-05-23 19:30:00+00:00,455.3099976,455.3099976,458.6799927,455.2200012,457.5249939,479480
2025-05-27 13:30:00+00:00,472.605011,472.605011,473.25,459.6000977,464,1247441
2025-05-27 14:30:00+00:00,471.2200012,471.2200012,474.230011,470.7049866,472.8405151,517549
2025-05-27 15:30:00+00:00,470,470,472.9500122,469.7318115,471.394989,334923
2025-05-27 16:30:00+00:00,472.9649963,472.9649963,473.3900146,469.7744141,469.7900085,302864
2025-05-27 17:30:00+00:00,471.2900085,471.2900085,473.769989,471.0516968,472.9700012,285406
2025-05-27 18:30:00+00:00,471.6400146,471.6400146,472.5799866,470.050415,471.2799988,396685
2025-05-27 19:30:00+00:00,472.0899963,472.0899963,472.8500061,470.6499939,471.6300049,521514
2025-05-28 13:30:00+00:00,466.8299866,466.8299866,472.5050049,466,472.0400085,915022
2025-05-28 14:30:00+00:00,468.3200073,468.3200073,468.8399048,466,466.855011,263204
2025-05-28 15:30:00+00:00,468.4899902,468.4899902,469.980011,466,468.1650085,273358
2025-05-28 16:30:00+00:00,469.3450012,469.3450012,469.7522888,467.8699951,468.6950073,185400
2025-05-28 17:30:00+00:00,470.9349976,470.9349976,471.2000122,468.3400879,469.2399902,178232
2025-05-28 18:30:00+00:00,472.6133118,472.6133118,473.4099121,469.8349915,471,262896
2025-05-28 19:30:00+00:00,468.9989929,468.9989929,472.6799927,468.5934143,472.3699951,342351
2025-05-29 13:30:00+00:00,456.0549927,456.0549927,472.4899902,453.4249878,472,1011312
2025-05-29 14:30:00+00:00,462.3349915,462.3349915,462.5299988,456.0549927,456.0599976,422781
2025-05-29 15:30:00+00:00,462.4899902,462.4899902,462.7818909,458.2999878,462.3599854,335290
2025-05-29 16:30:00+00:00,461,461,464.2399902,460.855011,462.3299866,223131
2025-05-29 17:30:00+00:00,459.3800049,459.3800049,462.3800049,459.0900879,461.0899963,235570
2025-05-29 18:30:00+00:00,458.7449951,458.7449951,460.8200073,457.7600098,459.5599976,282931
2025-05-29 19:30:00+00:00,458.8200073,458.8200073,460.1199951,458.1499939,458.7049866,508597
2025-05-30 13:30:00+00:00,463.4049988,463.4049988,466,457.730011,462.3250122,579100
2025-05-30 14:30:00+00:00,466,466,466.4099121,462.7088013,463.1099854,263315
2025-05-30 15:30:00+00:00,459.5,459.5,466.1545105,459.4400024,465.7799988,278582
2025-05-30 16:30:00+00:00,462.3800049,462.3800049,462.6000061,456.7650146,459.5,328330
2025-05-30 17:30:00+00:00,465.8800049,465.8800049,466.4599915,461.980011,462.3299866,235549
2025-05-30 18:30:00+00:00,468.071991,468.071991,468.1199951,465.3099976,466.0700073,265265
2025-05-30 19:30:00+00:00,471.1000061,471.1000061,473.1199951,465.7900085,467.8200073,767108
2025-06-02 13:30:00+00:00,472.6400146,472.6400146,476.8699951,465.5249939,471,870773
2025-06-02 14:30:00+00:00,474.1000061,474.1000061,475.2999878,470.3699951,472.3900146,397897
2025-06-02 15:30:00+00:00,472.3265076,472.3265076,475.4500122,471.5499878,474.3049927,439455
2025-06-02 16:30:00+00:00,474.9200134,474.9200134,475.4399109,472.1512146,472.2999878,281639
2025-06-02 17:30:00+00:00,476.9400024,476.9400024,476.9400024,474.0299988,474.9200134,293498
2025-06-02 18:30:00+00:00,477.0599976,477.0599976,478.3526917,475.8500061,477,341670
2025-06-02 19:30:00+00:00,479.1700134,479.1700134,479.9700012,476.8450012,477.0799866,523462
2025-06-03 13:30:00+00:00,481.6149902,481.6149902,484.6300049,477.4500122,480.5350037,1007281
2025-06-03 14:30:00+00:00,482.4549866,482.4549866,483.9500122,479.230011,481.6199951,501671
2025-06-03 15:30:00+00:00,486.7030945,486.7030945,486.7398987,481.5599976,482.3299866,527800
2025-06-03 16:30:00+00:00,486.8135071,486.8135071,488.4899902,485.519989,486.519989,467873
2025-06-03 17:30:00+00:00,485.6000061,485.6000061,487.75,482.8800049,486.8099976,418956
2025-06-03 18:30:00+00:00,489.6400146,489.6400146,491.2000122,485.1000061,485.5993958,1008130
2025-06-03 19:30:00+00:00,488.730011,488.730011,490,486.0400085,489.6848145,1071013
2025-06-04 13:30:00+00:00,466.8529053,466.8529053,467.3299866,445.2600098,454.75,7044859
2025-06-04 14:30:00+00:00,467.8999939,467.8999939,470.9498901,464.6300049,466.9700012,1992189
2025-06-04 15:30:00+00:00,455.9689941,455.9689941,468.6600037,453,467.9100037,2267266
2025-06-04 16:30:00+00:00,462.1300049,462.1300049,464,455.2999878,455.9249878,1281838
2025-06-04 17:30:00+00:00,462.3699951,462.3699951,464.7999878,458.6600037,462.1300049,779808
2025-06-04 18:30:00+00:00,462.5123901,462.5123901,465.2099915,462.0599976,462.2799988,747762
2025-06-04 19:30:00+00:00,460.5400085,460.5400085,463.6799927,460.3171997,462.3999939,816964
2025-06-05 13:30:00+00:00,458.2999878,458.2999878,468.6000061,455.8648071,462.4949951,1483954
2025-06-05 14:30:00+00:00,462.2650146,462.2650146,463.7000122,454.7200012,458.0100098,1059217
2025-06-05 15:30:00+00:00,461.4649963,461.4649963,464.3352051,460.5379944,462.2650146,528632
2025-06-05 16:30:00+00:00,460.6799927,460.6799927,461.4649963,452.7099915,461.4649963,905906
2025-06-05 17:30:00+00:00,461.1900024,461.1900024,461.7600098,457.8500061,460.6099854,586520
2025-06-05 18:30:00+00:00,461.7000122,461.7000122,463.1799927,458.5400085,461.0400085,608676
2025-06-05 19:30:00+00:00,462.7600098,462.7600098,465.3500061,462.0150146,462.1099854,577509
2025-06-06 13:30:00+00:00,472.2250061,472.2250061,478.4200134,463.3633118,463.5,1701712
2025-06-06 14:30:00+00:00,474.4700012,474.4700012,476.6948853,470.6000061,471.7101135,490701
2025-06-06 15:30:00+00:00,471.2999878,471.2999878,475.9060059,471.0100098,474.5499878,389499
2025-06-06 16:30:00+00:00,468.6749878,468.6749878,471.7965088,467.8059998,470.9100037,332613
2025-06-06 17:30:00+00:00,469.8900146,469.8900146,471.3951111,468.1012878,468.6900024,266221
2025-06-06 18:30:00+00:00,467.0700073,467.0700073,471.2749939,467.0700073,470,351938
2025-06-06 19:30:00+00:00,468.4299927,468.4299927,468.7000122,466.0430908,467.1499939,469383
2025-06-09 13:30:00+00:00,468.1600037,468.1600037,471.1900024,458.1278076,470.7999878,784474
2025-06-09 14:30:00+00:00,469.2999878,469.2999878,470.9299927,465.7799988,468.0400085,300107
2025-06-09 15:30:00+00:00,469.9999084,469.9999084,470.3399963,468.0599976,469.2650146,198719
2025-06-09 16:30:00+00:00,468,468,470.8800049,467.75,469.7000122,190229
2025-06-09 17:30:00+00:00,464.019989,464.019989,467.980011,463.6246948,467.7600098,293006
2025-06-09 18:30:00+00:00,465.230011,465.230011,465.8999939,463.4249878,464.1199951,249278
2025-06-09 19:30:00+00:00,464.3800049,464.3800049,465.5398865,463.8399963,465.3900146,358536
2025-06-10 13:30:00+00:00,465.0249939,465.0249939,468.9614868,461.6849976,465.2600098,548504
2025-06-10 14:30:00+00:00,460.8599854,460.8599854,464.6000061,460.2999878,464.519989,315865
2025-06-10 15:30:00+00:00,464.0650024,464.0650024,464.3731995,457.230011,460.8599854,315707
2025-06-10 16:30:00+00:00,465.480011,465.480011,466.9999084,463.3299866,463.8299866,191451
2025-06-10 17:30:00+00:00,467.5499878,467.5499878,467.6799011,464.269989,465.5,172809
2025-06-10 18:30:00+00:00,468.25,468.25,470.0100098,467.269989,467.4599915,354860
2025-06-10 19:30:00+00:00,467.519989,467.519989,468.3435059,465.6099854,468.1700134,268994
2025-06-11 13:30:00+00:00,474.5799866,474.5799866,475.5799866,465.5516968,467.519989,724969
2025-06-11 14:30:00+00:00,476.1199951,476.1199951,479.2195129,473.0400085,474.1700134,492078
2025-06-11 15:30:00+00:00,479.2950134,479.2950134,479.5,474.5115051,475.9299927,272607
2025-06-11 16:30:00+00:00,478.8900146,478.8900146,479.9400024,477.8265991,479.2950134,248717
2025-06-11 17:30:00+00:00,473.5725098,473.5725098,479.1199951,472.519989,478.7250061,227741
2025-06-11 18:30:00+00:00,474.4299927,474.4299927,476.2000122,473.019989,473.6900024,208831
2025-06-11 19:30:00+00:00,476.980011,476.980011,476.9899902,473.3999939,474.5599976,318259
2025-06-12 13:30:00+00:00,479.0050049,479.0050049,487.1900024,473,474.019989,973018
2025-06-12 14:30:00+00:00,483.019989,483.019989,483.3009949,478.3200073,478.8699951,448872
2025-06-12 15:30:00+00:00,488.3861084,488.3861084,488.7359924,481.5400085,483,522637
2025-06-12 16:30:00+00:00,485.0100098,485.0100098,488.1300049,484.8099976,488.019989,372865
2025-06-12 17:30:00+00:00,482.8200073,482.8200073,486.6300049,482.6799927,485.25,248334
2025-06-12 18:30:00+00:00,480.9849854,480.9849854,483.3424072,480.4500122,482.7807007,254983
2025-06-12 19:30:00+00:00,481.8299866,481.8299866,481.8500061,479.3543091,480.9274902,405020
2025-06-13 13:30:00+00:00,476.9150085,476.9150085,485.2999878,473.0599976,473.9750977,745270
2025-06-13 14:30:00+00:00,483.1199951,483.1199951,483.2550049,476.7000122,476.7000122,279727
2025-06-13 15:30:00+00:00,483.8599854,483.8599854,485.4949036,482.2116089,482.9450073,253754
2025-06-13 16:30:00+00:00,481.1199951,481.1199951,484.4400024,480.6799927,483.8399963,159087
2025-06-13 17:30:00+00:00,478.770813,478.770813,481.8198853,478.75,481.1499939,177499
2025-06-13 18:30:00+00:00,479.3150024,479.3150024,480.4899902,477.3410034,478.5704041,257142
2025-06-13 19:30:00+00:00,480.730011,480.730011,480.9700012,478.6499939,479.2000122,323949
2025-06-16 13:30:00+00:00,479.5100098,479.5100098,487.3299866,477.2799988,481.8399963,678665
2025-06-16 14:30:00+00:00,483.5299988,483.5299988,485.480011,478.5917053,479,387436
2025-06-16 15:30:00+00:00,482.2485046,482.2485046,485.1400146,482.0100098,483.375,230137
2025-06-16 16:30:00+00:00,481.0799866,481.0799866,482.2399902,479.7200012,482.2399902,209645
2025-06-16 17:30:00+00:00,480.5700073,480.5700073,481.4500122,478.5757141,481.1199951,203352
2025-06-16 18:30:00+00:00,479.3699951,479.3699951,480.4938049,478.5,480.4599915,270535
2025-06-16 19:30:00+00:00,479.3500061,479.3500061,479.9500122,478.8399963,479.4599915,408632
2025-06-17 13:30:00+00:00,485.5423889,485.5423889,486,474,480.3301086,658163
2025-06-17 14:30:00+00:00,487.3500061,487.3500061,489.4750061,483.980011,485.4700012,434462
2025-06-17 15:30:00+00:00,487.5700073,487.5700073,487.7499084,484.2601013,487.2999878,268992
2025-06-17 16:30:00+00:00,487.7950134,487.7950134,490.5100098,486.8398132,487.4500122,399167
2025-06-17 17:30:00+00:00,489.7359924,489.7359924,490.769989,486.7099915,487.6199951,393769
2025-06-17 18:30:00+00:00,492.519989,492.519989,493.1900024,489.0499878,489.769989,397602
2025-06-17 19:30:00+00:00,492.0400085,492.0400085,493.2000122,490.5589905,493.0499878,415895
2025-06-18 13:30:00+00:00,488.8999939,488.8999939,490,483.5700073,490,733107
2025-06-18 14:30:00+00:00,485.4400024,485.4400024,489.6672974,485.2399902,488.8500061,224825
2025-06-18 15:30:00+00:00,485.894989,485.894989,487.7399902,485.5899963,486.019989,143267
2025-06-18 16:30:00+00:00,480.5400085,480.5400085,487.9399109,480,485.7900085,286831
2025-06-18 17:30:00+00:00,484.4649963,484.4649963,484.5499878,478.8200989,480.3599854,433328
2025-06-18 18:30:00+00:00,482.889801,482.889801,486.1809998,480.7800903,484.2399902,246591
2025-06-18 19:30:00+00:00,485.0799866,485.0799866,486.3850098,482.5549927,482.730011,376078
2025-06-20 13:30:00+00:00,484.3500061,484.3500061,490,482.5,484.5400085,838209
2025-06-20 14:30:00+00:00,482.375,482.375,486.7399902,482.1099854,484.3450012,201490
2025-06-20 15:30:00+00:00,480.5899963,480.5899963,483.7200012,479.9200134,483.6199036,169196
2025-06-20 16:30:00+00:00,479.1499939,479.1499939,482.0299988,479.0899963,480.7600098,169252
2025-06-20 17:30:00+00:00,480.519989,480.519989,481.480011,478.2000122,478.9299927,363857
2025-06-20 18:30:00+00:00,479.6400146,479.6400146,480.5,476.6700134,480.2900085,300703
2025-06-20 19:30:00+00:00,476.2200012,476.2200012,479.8330994,474.2900085,479.5799866,704271
2025-06-23 13:30:00+00:00,478.0700073,478.0700073,478.9999084,461.5100098,470.2616882,1438981
2025-06-23 14:30:00+00:00,482.4299927,482.4299927,483.0950012,478.0400085,478.3399963,369642
2025-06-23 15:30:00+00:00,481.5899963,481.5899963,485.8291931,481.2900085,482.0799866,362972
2025-06-23 16:30:00+00:00,487.6300049,487.6300049,487.980011,478.0589905,481.519989,339811
2025-06-23 17:30:00+00:00,490.25,490.25,494.2999878,487.230011,487.6700134,688076
2025-06-23 18:30:00+00:00,490.2799988,490.2799988,490.9400024,487.5499878,490.2449951,310999
2025-06-23 19:30:00+00:00,491.8200073,491.8200073,492.8999939,489.7399902,490.2099915,635088
2025-06-24 13:30:00+00:00,483.342804,483.342804,493.1134949,481.7999878,491.8150024,1273148
2025-06-24 14:30:00+00:00,486.7918091,486.7918091,487.3900146,483.2099915,483.6700134,360950
2025-06-24 15:30:00+00:00,482.8850098,482.8850098,487.4999084,481.3200073,486.8099976,379593
2025-06-24 16:30:00+00:00,481.2149963,481.2149963,483.5969849,481.1199951,482.75,316992
2025-06-24 17:30:00+00:00,486.0799866,486.0799866,486.6499023,481.1849976,481.239502,248326
2025-06-24 18:30:00+00:00,486.3150024,486.3150024,486.7499084,485.8200989,486.3110046,237634
2025-06-24 19:30:00+00:00,485.3900146,485.3900146,487.6900024,485.0401001,486.2149963,389544
2025-06-25 13:30:00+00:00,495.4755859,495.4755859,500.4100037,487.9299927,488.0799866,1255056
2025-06-25 14:30:00+00:00,495.1000061,495.1000061,497.2000122,493.1000061,495.75,320910
2025-06-25 15:30:00+00:00,494.7200012,494.7200012,495.2200012,492.1195068,495.2200012,233957
2025-06-25 16:30:00+00:00,493.8258972,493.8258972,495.519989,492.7396851,494.8999939,188814
2025-06-25 17:30:00+00:00,494.7500916,494.7500916,495.4700012,492.0700073,493.7900085,215436
2025-06-25 18:30:00+00:00,492.4700012,492.4700012,495.2250061,491.3399963,494.8349915,223944
2025-06-25 19:30:00+00:00,494.0499878,494.0499878,494.1600037,491.8999939,492.5150146,287276
2025-06-26 13:30:00+00:00,503.9236145,503.9236145,504.2600098,494.0899963,499.170105,801136
2025-06-26 14:30:00+00:00,503.0450134,503.0450134,505.1499939,501.0799866,503.8599854,441079
2025-06-26 15:30:00+00:00,503.3399963,503.3399963,506.3500061,502.6435852,502.9949951,387087
2025-06-26 16:30:00+00:00,504.2200012,504.2200012,504.75,502.2579041,503.0400085,236641
2025-06-26 17:30:00+00:00,503.4200134,503.4200134,504.4599915,502.0100098,504.1300049,201732
2025-06-26 18:30:00+00:00,505.1499939,505.1499939,505.4200134,502.75,503.6199951,284478
2025-06-26 19:30:00+00:00,505.2650146,505.2650146,505.8699951,504.5650024,505.1400146,342082
2025-06-27 13:30:00+00:00,502.8900146,502.8900146,504.6199951,495.5700073,497.5,771968
2025-06-27 14:30:00+00:00,504.5549927,504.5549927,505.125,501.6000061,502.7749939,254903
2025-06-27 15:30:00+00:00,502.5917053,502.5917053,505.3699951,502.1199951,504.5549927,182974
2025-06-27 16:30:00+00:00,503.2999878,503.2999878,503.9599915,501.9500122,502.7536011,161119
2025-06-27 17:30:00+00:00,498.9020081,498.9020081,503.8561096,498.4468079,503.1955872,258369
2025-06-27 18:30:00+00:00,499.9700012,499.9700012,500.4653015,496.4200134,499.0999146,337798
2025-06-27 19:30:00+00:00,499.5589905,499.5589905,500.6600037,498.625,500.1400146,426124
2025-06-30 13:30:00+00:00,506.4299927,506.4299927,510,499.7200012,502.25,844581
2025-06-30 14:30:00+00:00,507.2999878,507.2999878,508.3699036,504.5542908,506.3500061,246981
2025-06-30 15:30:00+00:00,508.3001099,508.3001099,510,507.1199951,507.6799927,238568
2025-06-30 16:30:00+00:00,506.2200012,506.2200012,509.3789978,505.6099854,508.4299927,148231
2025-06-30 17:30:00+00:00,507.0249939,507.0249939,507.4899902,505.2315063,506.0700073,103641
2025-06-30 18:30:00+00:00,507.7099915,507.7099915,508.6350098,506.4049988,506.9200134,171679
2025-06-30 19:30:00+00:00,509.230011,509.230011,509.8500061,507.4075012,507.6099854,352964
2025-07-01 13:30:00+00:00,501.7900085,501.7900085,516.5499878,501,509.3299866,718332
2025-07-01 14:30:00+00:00,489.0202942,489.0202942,502.3609924,484.3305054,501.019989,857487
2025-07-01 15:30:00+00:00,487.2999878,487.2999878,489.3198853,481.5,488.5100098,690485
2025-07-01 16:30:00+00:00,492.6400146,492.6400146,494.5499878,486.1400146,486.75,463881
2025-07-01 17:30:00+00:00,492.1849976,492.1849976,495.5,491.4400024,493.1412048,256620
2025-07-01 18:30:00+00:00,492.355011,492.355011,492.8999939,488.519989,492.1849976,281301
2025-07-01 19:30:00+00:00,492.0700073,492.0700073,493.4798889,491.1099854,492.394989,409816
2025-07-02 13:30:00+00:00,494.6099854,494.6099854,496.4043884,489.1437073,491,552945
2025-07-02 14:30:00+00:00,491.4750061,491.4750061,496.5,490.9899902,495,207916
2025-07-02 15:30:00+00:00,493.8800049,493.8800049,494.2000122,489.7999878,491.4849854,220143
2025-07-02 16:30:00+00:00,492.829895,492.829895,495.1398926,492.5,493.6499939,155592
2025-07-02 17:30:00+00:00,490.6000061,490.6000061,492.6149902,490.2399902,492.4700012,186292
2025-07-02 18:30:00+00:00,493.6200867,493.6200867,493.8900146,489.1499939,490.3316956,184267
2025-07-02 19:30:00+00:00,496.1099854,496.1099854,496.2600098,493.8450012,493.8450012,336736
2025-07-03 13:30:00+00:00,517.0200195,517.0200195,517.9799194,499.9899902,500,1097207
2025-07-03 14:30:00+00:00,513.7550049,513.7550049,516.9481201,511.4000854,516.9481201,531052
2025-07-03 15:30:00+00:00,514.2700195,514.2700195,515.7600098,512.960022,513.8800049,386603
2025-07-07 13:30:00+00:00,504.769989,504.769989,508.1549988,499.8399963,507.8699951,889160
2025-07-07 14:30:00+00:00,502.480011,502.480011,505.8999939,502,504.4500122,316945
2025-07-07 15:30:00+00:00,503.3800049,503.3800049,505.946106,502.4500122,502.7600098,291091
2025-07-07 16:30:00+00:00,501.2000122,501.2000122,505.2399902,500.3900146,503.7000122,293343
2025-07-07 17:30:00+00:00,499.1068115,499.1068115,502.5650024,499.1068115,501.4599915,267732
2025-07-07 18:30:00+00:00,502.5299988,502.5299988,502.8641968,498.9100037,499.019989,227043
2025-07-07 19:30:00+00:00,505.480011,505.480011,505.5499878,502.6101074,502.644989,357340
2025-07-08 13:30:00+00:00,505.2749939,505.2749939,509.384491,502.9100037,506.0299988,434366
2025-07-08 14:30:00+00:00,502.1099854,502.1099854,505.5841064,497.8399963,504.8999939,383797
2025-07-08 15:30:00+00:00,504.605011,504.605011,505.1400146,500.0899963,502.480011,203488
2025-07-08 16:30:00+00:00,506.4684143,506.4684143,507,503.5054932,504.8399963,186728
2025-07-08 17:30:00+00:00,506.1849976,506.1849976,508.8067932,505.3399963,506.5799866,173006
2025-07-08 18:30:00+00:00,505.8450012,505.8450012,507.3150024,505.230011,506.3800049,154624
2025-07-08 19:30:00+00:00,507.6600037,507.6600037,508.2900085,505.5201111,505.8699951,273814
2025-07-09 13:30:00+00:00,509.0899963,509.0899963,513.9199829,507.5400085,511.9899902,472673
2025-07-09 14:30:00+00:00,509.4500122,509.4500122,509.6799927,507.7200012,508.8299866,188542
2025-07-09 15:30:00+00:00,508.5499878,508.5499878,509.6400146,507.1445923,509.5100098,170949
2025-07-09 16:30:00+00:00,508.7900085,508.7900085,509.9599915,507.0400085,508.5499878,117786
2025-07-09 17:30:00+00:00,509.2999878,509.2999878,510.1799927,508.5400085,508.8999939,125036
2025-07-09 18:30:00+00:00,510.5599976,510.5599976,511.2000122,508.9649963,509.3699951,137896
2025-07-09 19:30:00+00:00,513.5200195,513.5200195,513.6900024,510.1159058,510.4400024,362603
2025-07-10 13:30:00+00:00,492.5100098,492.5100098,514.5,491.7099915,513,1054747
2025-07-10 14:30:00+00:00,496.019989,496.019989,496.3500061,490.5499878,492.4599915,702424
2025-07-10 15:30:00+00:00,499.5100098,499.5100098,500.269989,495.8299866,496.1319885,403515
2025-07-10 16:30:00+00:00,497.9299927,497.9299927,499.8399963,497.2000122,499.7999878,179158
2025-07-10 17:30:00+00:00,493.1749878,493.1749878,498.0509949,492.9400024,497.6700134,257956
2025-07-10 18:30:00+00:00,491.4299927,491.4299927,494.2200012,489.7000122,493.3099976,475256
2025-07-10 19:30:00+00:00,487.1799927,487.1799927,492.6149902,486.5700073,491.3299866,616924
2025-07-11 13:30:00+00:00,485.6149902,485.6149902,489.325592,482.199585,488,794091
2025-07-11 14:30:00+00:00,484.25,484.25,486.8049927,482.5100098,485.6700134,332203
2025-07-11 15:30:00+00:00,486.3800049,486.3800049,486.4500122,483.8699951,484.3599854,290317
2025-07-11 16:30:00+00:00,484.5100098,484.5100098,486.4815063,484.4899902,486.25,289640
2025-07-11 17:30:00+00:00,483.0747986,483.0747986,484.6499939,481.0799866,484.5299988,299147
2025-07-11 18:30:00+00:00,479.0965881,479.0965881,484,478.2401123,483.0125122,477408
2025-07-11 19:30:00+00:00,478.3299866,478.3299866,479.4866028,477.4700012,479.0100098,606539
2025-07-14 13:30:00+00:00,478.5,478.5,480.5650024,463.5,467,1362885
2025-07-14 14:30:00+00:00,477.2999878,477.2999878,480.0899963,476.526001,478.6400146,324602
2025-07-14 15:30:00+00:00,476.5650024,476.5650024,477.6499939,474,477.2200012,297077
2025-07-14 16:30:00+00:00,475.7900085,475.7900085,477.2600098,475.5100098,476.4599915,216951
2025-07-14 17:30:00+00:00,475.4500122,475.4500122,476.3299866,474.7470093,475.7600098,221448
2025-07-14 18:30:00+00:00,476.1549988,476.1549988,477.7499084,475.1600037,475.3900146,291920
2025-07-14 19:30:00+00:00,476.0799866,476.0799866,476.605011,474.6650085,476.1950073,411508
2025-07-15 13:30:00+00:00,474.25,474.25,480.7200012,472.6499939,479.0100098,613850
2025-07-15 14:30:00+00:00,472.5763855,472.5763855,473.9945984,470.519989,473.8500061,327376
2025-07-15 15:30:00+00:00,472.6900024,472.6900024,473.480011,471.25,472.5899963,263304
2025-07-15 16:30:00+00:00,474.4400024,474.4400024,474.769989,471.9299927,472.5100098,215223
2025-07-15 17:30:00+00:00,475.8301086,475.8301086,477.5,473.769989,474.5389099,238124
2025-07-15 18:30:00+00:00,473.7950134,473.7950134,476.9594116,473.7799988,475.9450073,244104
2025-07-15 19:30:00+00:00,472.9200134,472.9200134,474.5499878,472.8699951,473.9046021,303492
2025-07-16 13:30:00+00:00,469.8699951,469.8699951,476.6499023,468.7999878,475.8200073,386517
2025-07-16 14:30:00+00:00,469,469,471.0549011,467.2869873,470.3299866,277676
2025-07-16 15:30:00+00:00,469.7399902,469.7399902,470.2703857,464.8349915,468.6080017,296384
2025-07-16 16:30:00+00:00,470.3745117,470.3745117,470.8999939,468.8200073,469.8800049,138966
2025-07-16 17:30:00+00:00,474.0599976,474.0599976,474.6473083,469.5,469.9601135,206614
2025-07-16 18:30:00+00:00,472.6300049,472.6300049,474.2200012,472.1700134,474.2099915,187566
2025-07-16 19:30:00+00:00,470.4500122,470.4500122,472.3900146,470.1199951,472.3800049,261199
2025-07-17 13:30:00+00:00,468.75,468.75,471.5899048,467.1300049,470.3500061,508868
2025-07-17 14:30:00+00:00,471.5899963,471.5899963,472.3200073,468.6900024,468.7000122,264163
2025-07-17 15:30:00+00:00,472.4500122,472.4500122,474.2099915,470.5,471.5799866,184745
2025-07-17 16:30:00+00:00,472.1738892,472.1738892,474.3099976,471.3200989,472.4500122,198879
2025-07-17 17:30:00+00:00,470.4096985,470.4096985,472.6679077,469.7999878,472.3299866,147752
2025-07-17 18:30:00+00:00,470.7200012,470.7200012,471.9226074,469.9700928,470.1801147,220333
2025-07-17 19:30:00+00:00,470.0400085,470.0400085,470.9700012,468.4500122,470.7590942,546909
2025-07-18 13:30:00+00:00,467.0299988,467.0299988,474.8399048,465.7650146,472.3099976,892786
2025-07-18 14:30:00+00:00,471.5700073,471.5700073,473.3999939,466.5100098,466.8099976,256338
2025-07-18 15:30:00+00:00,474.0499878,474.0499878,477.2600098,471.644989,471.7399902,502923
2025-07-18 16:30:00+00:00,473.7799988,473.7799988,474.0950012,472.1784973,474.0899963,272088
2025-07-18 17:30:00+00:00,475.0650024,475.0650024,475.6700134,472.9299927,473.730011,168754
2025-07-18 18:30:00+00:00,474.9200134,474.9200134,476.0996094,474.1499939,475.2600098,169115
2025-07-18 19:30:00+00:00,475.7900085,475.7900085,476.269989,474.6199951,474.9700012,371306
2025-07-21 13:30:00+00:00,483.4400024,483.4400024,490.0400085,477.1000977,478.7149963,942295
2025-07-21 14:30:00+00:00,480.730011,480.730011,484.7298889,479.1300049,483.2401123,357194
2025-07-21 15:30:00+00:00,481.4049988,481.4049988,482.1781921,479.0799866,480.5,216191
2025-07-21 16:30:00+00:00,482.230011,482.230011,482.7950134,480.7401123,481.7099915,164799
2025-07-21 17:30:00+00:00,478.5,478.5,483.4570007,474.1099854,482.0799866,546958
2025-07-21 18:30:00+00:00,479.7799988,479.7799988,481.0400085,476.5700073,478.3649902,431023
2025-07-21 19:30:00+00:00,481.5799866,481.5799866,481.8299866,479.3999939,479.4700012,347955
2025-07-22 13:30:00+00:00,475.8299866,475.8299866,485.4558105,470.8026123,481.5,605756
2025-07-22 14:30:00+00:00,475.6799927,475.6799927,480.487793,475.2200928,476,183975
2025-07-22 15:30:00+00:00,474.2399902,474.2399902,477.394989,473.8399963,475.8099976,170004
2025-07-22 16:30:00+00:00,475.3299866,475.3299866,475.5,474.0299988,474.2399902,123709
2025-07-22 17:30:00+00:00,474.7000122,474.7000122,476.0509949,472.3699951,475.3450012,139123
2025-07-22 18:30:00+00:00,474.4599915,474.4599915,474.9399109,474.1900024,474.5499878,149937
2025-07-22 19:30:00+00:00,471.1300049,471.1300049,474.7973938,470.6600037,474.4599915,298159
2025-07-23 13:30:00+00:00,463.9949951,463.9949951,471.9999084,454.0400085,471.230011,1159444
2025-07-23 14:30:00+00:00,463.4957886,463.4957886,466.5100098,461.9700012,464,362155
2025-07-23 15:30:00+00:00,460.5100098,460.5100098,463.9699097,459.5899963,463.3599854,360914
2025-07-23 16:30:00+00:00,460.9200134,460.9200134,462.0450134,460.3599854,460.3599854,153362
2025-07-23 17:30:00+00:00,461.6950073,461.6950073,463.019989,459.9299927,460.7000122,214335
2025-07-23 18:30:00+00:00,461.7900085,461.7900085,462.5,460.8999939,461.5499878,212289
2025-07-23 19:30:00+00:00,461.5299988,461.5299988,461.9200134,460.3099976,461.9200134,313111
2025-07-24 13:30:00+00:00,463.4150085,463.4150085,468.5,462.7999878,466.5100098,555817
2025-07-24 14:30:00+00:00,462.3900146,462.3900146,465.6300049,461,463.4200134,209180
2025-07-24 15:30:00+00:00,460.8800049,460.8800049,462.5299988,460.5400085,462.4599915,236731
2025-07-24 16:30:00+00:00,461.75,461.75,463.7099915,460.1199951,460.8999939,284916
2025-07-24 17:30:00+00:00,461.7000122,461.7000122,462.4299927,461.0101013,461.7399902,129689
2025-07-24 18:30:00+00:00,462.1099854,462.1099854,463.2659912,461.1499939,461.6000061,224446
2025-07-24 19:30:00+00:00,461.7999878,461.7999878,463.5,461.2600098,462.0799866,443835
2025-07-25 13:30:00+00:00,468.7349854,468.7349854,468.8500061,460.2999878,462.1499939,436154
2025-07-25 14:30:00+00:00,470.3500061,470.3500061,470.8099976,467,468.8500061,241602
2025-07-25 15:30:00+00:00,469.4299927,469.4299927,470.5700073,468.4700012,470.3800049,200193
2025-07-25 16:30:00+00:00,466.1199951,466.1199951,469.4161072,465.015686,469.2900085,165698
2025-07-25 17:30:00+00:00,467.5978088,467.5978088,468.3210144,465.7301025,466.0799866,147938
2025-07-25 18:30:00+00:00,468.4700012,468.4700012,469.0675049,467.3803101,467.8099976,156792
2025-07-25 19:30:00+00:00,467.75,467.75,468.7999878,467.25,468.4299927,235456
2025-07-28 13:30:00+00:00,470.5050049,470.5050049,476.5700073,468,471,527404
2025-07-28 14:30:00+00:00,470.2900085,470.2900085,472.1099854,468.5000916,470.4299927,175251
2025-07-28 15:30:00+00:00,471.9276123,471.9276123,471.9276123,469.9899902,470.2349854,113507
2025-07-28 16:30:00+00:00,470.75,470.75,472,469.6400146,471.8299866,120426
2025-07-28 17:30:00+00:00,472.1700134,472.1700134,472.8200073,470.605011,470.9039001,108503
2025-07-28 18:30:00+00:00,471.0650024,471.0650024,472.4198914,470.6099854,472.4198914,108384
2025-07-28 19:30:00+00:00,472.2000122,472.2000122,472.269989,470.9700012,471.1199951,234715
2025-07-29 13:30:00+00:00,468.8078918,468.8078918,480.7200012,468.0657043,473.8699951,661157
2025-07-29 14:30:00+00:00,462.6099854,462.6099854,470.9549866,461.8299866,468.3099976,441025
2025-07-29 15:30:00+00:00,463.1300049,463.1300049,465.6799927,458,462.7200012,486722
2025-07-29 16:30:00+00:00,465.980011,465.980011,466.3299866,462.75,463.1000061,251799
2025-07-29 17:30:00+00:00,465.0299988,465.0299988,466.0549927,463.2450867,466.0549927,280165
2025-07-29 18:30:00+00:00,466.2898865,466.2898865,467.3099976,465,465.1600037,172582
2025-07-29 19:30:00+00:00,465.6700134,465.6700134,466.318512,464,466.318512,222134
2025-07-30 13:30:00+00:00,463.8099976,463.8099976,465.480011,453.4200134,463.6600037,558119
2025-07-30 14:30:00+00:00,466.3295898,466.3295898,466.6799927,463.0899963,464.1099854,185798
2025-07-30 15:30:00+00:00,465.5,465.5,466.3299866,464.1400146,466.3200073,150838
2025-07-30 16:30:00+00:00,465.9100037,465.9100037,466.6400146,464.519989,465.4899902,123460
2025-07-30 17:30:00+00:00,465.3999939,465.3999939,466.3399963,464.7999878,465.5549927,100909
2025-07-30 18:30:00+00:00,461.7099915,461.7099915,466,460.3399963,465.3500061,337502
2025-07-30 19:30:00+00:00,463.3200073,463.3200073,463.5499878,460.6600037,461.8999939,257449
2025-07-31 13:30:00+00:00,460.0650024,460.0650024,467.8999939,455.5299988,465.7600098,743141
2025-07-31 14:30:00+00:00,458.8999939,458.8999939,462.1499939,458,460.0950012,261340
2025-07-31 15:30:00+00:00,460.5400085,460.5400085,462.2749939,458.8299866,458.8299866,189249
2025-07-31 16:30:00+00:00,458.6099854,458.6099854,461.4100037,458.2600098,460.4299927,175371
2025-07-31 17:30:00+00:00,458.5799866,458.5799866,459.269989,455.3299866,458.5599976,333651
2025-07-31 18:30:00+00:00,457.5700073,457.5700073,460.5499878,457.25,458.7049866,249526
2025-07-31 19:30:00+00:00,454.5700073,454.5700073,458,453.7600098,457.7099915,426603
2025-08-01 13:30:00+00:00,449,449,449.5899963,438.5,446.1499939,1005906
2025-08-01 14:30:00+00:00,447.7000122,447.7000122,451.5400085,447.6910095,449.0350037,414596
2025-08-01 15:30:00+00:00,452.6400146,452.6400146,454,447.0700073,447.5,276397
2025-08-01 16:30:00+00:00,448.0599976,448.0599976,453.0412903,447.6499939,452.7149963,234412
2025-08-01 17:30:00+00:00,447.8399963,447.8399963,448.6199951,444.7890015,448.105011,211504
2025-08-01 18:30:00+00:00,446.394989,446.394989,449.2200012,445.7200012,447.6900024,198356
2025-08-01 19:30:00+00:00,446.5599976,446.5599976,448,445.5501099,446,279421
2025-08-04 13:30:00+00:00,455,455,456.480011,448.4500122,452.8099976,398211
2025-08-04 14:30:00+00:00,454.1199951,454.1199951,456.2999878,452.3999939,455,191300
2025-08-04 15:30:00+00:00,455.8601074,455.8601074,456.1900024,452.9200134,453.9500122,149768
2025-08-04 16:30:00+00:00,455.6650085,455.6650085,457.4899902,454.9899902,456.1000061,138987
2025-08-04 17:30:00+00:00,454.6499939,454.6499939,455.9909973,454,455.8500061,118683
2025-08-04 18:30:00+00:00,456.1400146,456.1400146,456.3900146,454.440094,454.6350098,187334
2025-08-04 19:30:00+00:00,454.8699951,454.8699951,456.6476135,454.0400085,456.0549927,328930
2025-08-05 13:30:00+00:00,450,450,457.7999878,449.4400024,454.6300049,454975
2025-08-05 14:30:00+00:00,443.3150024,443.3150024,450.042511,443.0040894,450,464365
2025-08-05 15:30:00+00:00,441.7600098,441.7600098,443.6881104,441.0600891,443.230011,329742
2025-08-05 16:30:00+00:00,440.2900085,440.2900085,442.4999084,438.6799927,441.5950012,393377
2025-08-05 17:30:00+00:00,440.6600037,440.6600037,442.8799133,440.3900146,440.3900146,379194
2025-08-05 18:30:00+00:00,440.9052124,440.9052124,441.2900085,438.5000916,440.5,343363
2025-08-05 19:30:00+00:00,441.7600098,441.7600098,442,439.9700012,440.9200134,391304
2025-08-06 13:30:00+00:00,443.4289856,443.4289856,448.5100098,442.7000122,445,439519
2025-08-06 14:30:00+00:00,446.6289978,446.6289978,447.4299927,442.0101013,443.3900146,213080
2025-08-06 15:30:00+00:00,447.5050049,447.5050049,449.2200012,444.9200134,446.1700134,287229
2025-08-06 16:30:00+00:00,447.4400024,447.4400024,447.9999084,446.0961914,446.7600098,121834
2025-08-06 17:30:00+00:00,448.019989,448.019989,449,445.6799927,447.4200134,137160
2025-08-06 18:30:00+00:00,451.25,451.25,451.8999939,448.0400085,448.0400085,222080
2025-08-06 19:30:00+00:00,451.7099915,451.7099915,451.75,449.2799988,451.2749939,295095
2025-08-07 13:30:00+00:00,434.7449951,434.7449951,451.6900024,433,451.2200012,1287042
2025-08-07 14:30:00+00:00,434.4667053,434.4667053,437.1400146,430.5,434.6749878,924630
2025-08-07 15:30:00+00:00,426.5177917,426.5177917,435.269989,426.3299866,434.7600098,630789
2025-08-07 16:30:00+00:00,424.8999939,424.8999939,451.6900024,423.2749939,426.6000061,531966
2025-08-07 17:30:00+00:00,424.3699951,424.3699951,425.730011,422,424.9100037,446683
2025-08-07 18:30:00+00:00,427.4599915,427.4599915,427.7900085,422.1549988,424.1700134,368777
2025-08-07 19:30:00+00:00,425,425,430.7000122,424.9100037,427.4599915,1069187
2025-08-08 13:30:00+00:00,426.8200073,426.8200073,434.3900146,422,430.75,1131775
2025-08-08 14:30:00+00:00,423.3999939,423.3999939,427.2399902,422,426.4400024,388331
2025-08-08 15:30:00+00:00,421.7349854,421.7349854,424.5040894,421.2999878,423.3049927,332815
2025-08-08 16:30:00+00:00,421.7900085,421.7900085,422.8999939,420.4299927,421.7349854,238395
2025-08-08 17:30:00+00:00,424.3500061,424.3500061,424.9100037,421.9599915,421.9599915,247500
2025-08-08 18:30:00+00:00,422.5100098,422.5100098,425.3099976,422.0700073,424.4599915,317530
2025-08-08 19:30:00+00:00,424.4899902,424.4899902,424.6900024,421.394989,422.4599915,531933
2025-08-11 13:30:00+00:00,430.1000061,430.1000061,432,419.7399902,421.0100098,681086
2025-08-11 14:30:00+00:00,430.8900146,430.8900146,434,429.8399963,430.230011,357958
2025-08-11 15:30:00+00:00,431.1000061,431.1000061,431.3299866,429.5,430.8150024,207637
2025-08-11 16:30:00+00:00,429.0750122,429.0750122,431.6799927,428.6000061,430.7999878,163640
2025-08-11 17:30:00+00:00,427.6149902,427.6149902,429.1799927,427.1600037,429.0750122,151514
2025-08-11 18:30:00+00:00,426.6300049,426.6300049,428.5400085,426.3228149,427.7600098,216952
2025-08-11 19:30:00+00:00,426.3900146,426.3900146,427.1199036,424.7099915,426.730011,316304
2025-08-12 13:30:00+00:00,432.519989,432.519989,434.0599976,427.4899902,428.0100098,448190
2025-08-12 14:30:00+00:00,433.75,433.75,434.4099121,430.7000122,432.9500122,236228
2025-08-12 15:30:00+00:00,435.2749939,435.2749939,436.4049988,433.3099976,433.8299866,235611
2025-08-12 16:30:00+00:00,436.9400024,436.9400024,437.7600098,435.2000122,435.2000122,185500
2025-08-12 17:30:00+00:00,435.5100098,435.5100098,438.2999878,435.5100098,436.7464905,298016
2025-08-12 18:30:00+00:00,435.4549866,435.4549866,436,434.144989,435.4400024,239391
2025-08-12 19:30:00+00:00,435.769989,435.769989,436.0961914,434.5710144,435.3500061,299581
2025-08-13 13:30:00+00:00,431.0700073,431.0700073,442.4249878,430.3525085,439.2000122,683394
2025-08-13 14:30:00+00:00,431.5899963,431.5899963,432.75,429.5,431.1000061,324622
2025-08-13 15:30:00+00:00,431.3800049,431.3800049,432.9500122,429.9450073,431.8699036,190615
2025-08-13 16:30:00+00:00,430.7099915,430.7099915,432.3399963,429.7000122,431.357605,173738
2025-08-13 17:30:00+00:00,430.2799988,430.2799988,430.9500122,427.8601074,430.6700134,243384
2025-08-13 18:30:00+00:00,430.8429871,430.8429871,431.3800049,429.4450073,430.2600098,190640
2025-08-13 19:30:00+00:00,431.9809875,431.9809875,432.2900085,429.5101013,430.7099915,303658
2025-08-14 13:30:00+00:00,428.5026855,428.5026855,435,426.0700073,432.3399963,616197
2025-08-14 14:30:00+00:00,421.3500061,421.3500061,429.2900085,421.3500061,428.480011,557452
2025-08-14 15:30:00+00:00,422.6600037,422.6600037,422.9100037,419.8099976,421.6350098,386999
2025-08-14 16:30:00+00:00,425.7999878,425.7999878,425.9285889,422.0400085,422.9100037,237405
2025-08-14 17:30:00+00:00,423.7399902,423.7399902,425.8099976,422.8800049,425.7799988,183274
2025-08-14 18:30:00+00:00,423.2900085,423.2900085,424.6998901,422.8999939,423.730011,295246
2025-08-14 19:30:00+00:00,424.8099976,424.8099976,425.5499878,422.9599915,423.2999878,356817
2025-08-15 13:30:00+00:00,427.2000122,427.2000122,428.2799988,423.0000916,425,529592
2025-08-15 14:30:00+00:00,428.2200012,428.2200012,428.7049866,426.5,426.9599915,200818
2025-08-15 15:30:00+00:00,426.9932861,426.9932861,428.2349854,426.6099854,428.1600037,252692
2025-08-15 16:30:00+00:00,428.0950012,428.0950012,428.75,426.8349915,427.0299988,204736
2025-08-15 17:30:00+00:00,427.0700073,427.0700073,428.90979,426.3500977,428.3800049,166783
2025-08-15 18:30:00+00:00,428.125,428.125,428.9320068,426.7099915,426.9899902,206582
2025-08-15 19:30:00+00:00,427.7900085,427.7900085,428.3728943,426.6199951,428.2900085,268841
2025-08-18 13:30:00+00:00,425.1499939,425.1499939,428.9700012,421.6984863,426,519091
2025-08-18 14:30:00+00:00,423.8599854,423.8599854,425.9700012,423.6600037,424.7999878,169289
2025-08-18 15:30:00+00:00,423.7550049,423.7550049,424,422.25,423.7449951,178684
2025-08-18 16:30:00+00:00,424.3299866,424.3299866,424.4563904,422.2901001,423.8200073,155254
2025-08-18 17:30:00+00:00,425.2000122,425.2000122,425.6731873,423.7600098,424.4198914,125007
2025-08-18 18:30:00+00:00,426.0599976,426.0599976,427.6166992,425.1499939,425.1600037,477644
2025-08-18 19:30:00+00:00,426.5299988,426.5299988,426.6300049,424.5881958,426.1149902,296405
2025-08-19 13:30:00+00:00,423.644989,423.644989,436,423.4750061,430.5184937,777871
2025-08-19 14:30:00+00:00,420.9100037,420.9100037,424.7250061,419.3500061,423.7149963,317024
2025-08-19 15:30:00+00:00,418.6642151,418.6642151,421.2210083,418.5499878,421.2210083,301426
2025-08-19 16:30:00+00:00,417.5100098,417.5100098,419.2025146,415.9100037,418.5,269853
2025-08-19 17:30:00+00:00,417.8721008,417.8721008,418.6549988,417.1099854,417.2999878,164595
2025-08-19 18:30:00+00:00,417.5386963,417.5386963,418.6487122,416.9353943,417.4899902,187594
2025-08-19 19:30:00+00:00,418.4500122,418.4500122,418.4999084,417.1600037,417.6950073,268067
2025-08-20 13:30:00+00:00,411.9599915,411.9599915,420.8463135,410.8900146,417.4249878,621317
2025-08-20 14:30:00+00:00,417.6099854,417.6099854,417.8049927,409.3099976,411.7999878,391606
2025-08-20 15:30:00+00:00,418.5567932,418.5567932,418.7799988,414.8001099,417.480011,180564
2025-08-20 16:30:00+00:00,418.6799927,418.6799927,419.1900024,417.3599854,418.6499939,138245
2025-08-20 17:30:00+00:00,417.4299927,417.4299927,420.0799866,416.7099915,418.7900085,168517
2025-08-20 18:30:00+00:00,419.9200134,419.9200134,420.7000122,417.4100037,417.5700073,174108
2025-08-20 19:30:00+00:00,418.980011,418.980011,420.9400024,418.9750061,419.8250122,269259
2025-08-21 13:30:00+00:00,417.7149963,417.7149963,417.8510132,413.6618042,417.7550049,311887
2025-08-21 14:30:00+00:00,415.9599915,415.9599915,417.9299011,414.6900024,417.5700073,174552
2025-08-21 15:30:00+00:00,414.25,414.25,417.2499084,413.769989,416.0050049,189428
2025-08-21 16:30:00+00:00,414.25,414.25,415.3800049,413.730011,414.2850037,136496
2025-08-21 17:30:00+00:00,414.6534119,414.6534119,415.7799988,414.2200012,414.2200012,138150
2025-08-21 18:30:00+00:00,414.8200073,414.8200073,415.1599121,413.9400024,414.5184021,235007
2025-08-21 19:30:00+00:00,414.0499878,414.0499878,414.8200073,413.6600037,414.7799988,416284
2025-08-22 13:30:00+00:00,420.8349915,420.8349915,423.6600037,412.7200928,415,533874
2025-08-22 14:30:00+00:00,421.9599915,421.9599915,423.9926147,420.3299866,420.7449951,330755
2025-08-22 15:30:00+00:00,418.9200134,418.9200134,422.4899902,418.5,421.8934937,250794
2025-08-22 16:30:00+00:00,419.519989,419.519989,419.895813,417.5101013,419.1499939,167029
2025-08-22 17:30:00+00:00,419.2399902,419.2399902,420.2049866,419.0499878,419.7000122,129327
2025-08-22 18:30:00+00:00,419.8500061,419.8500061,420.0799866,419.125,419.3999939,170525
2025-08-22 19:30:00+00:00,420.5799866,420.5799866,420.6600037,418.6300049,419.7799988,326746
2025-08-25 13:30:00+00:00,420.5950012,420.5950012,425.9999084,418.5249939,422.6099854,727171
2025-08-25 14:30:00+00:00,422.9519958,422.9519958,423.4700012,419.6500854,420.5950012,281793
2025-08-25 15:30:00+00:00,422.1350098,422.1350098,423.1799927,421.3001099,422.9150085,279794
2025-08-25 16:30:00+00:00,419.375,419.375,422.8200073,419.2749939,422.1499939,246292
2025-08-25 17:30:00+00:00,419.9699097,419.9699097,420.230011,418.8500061,419.480011,163956
2025-08-25 18:30:00+00:00,421.269989,421.269989,421.269989,419.230011,419.7116089,184270
2025-08-25 19:30:00+00:00,418.8399963,418.8399963,421.6650085,418.6099854,421.2999878,317799
2025-08-26 13:30:00+00:00,422.7399902,422.7399902,425,419,419,494788
2025-08-26 14:30:00+00:00,418.6849976,418.6849976,423.2099915,417.769989,422.6400146,319282
2025-08-26 15:30:00+00:00,420.1582031,420.1582031,420.4299927,417.684906,418.8599854,254894
2025-08-26 16:30:00+00:00,418.2250061,418.2250061,421.0499878,418.1000061,420.0985107,198493
2025-08-26 17:30:00+00:00,418.730011,418.730011,418.8399963,416.7099915,418.3299866,233530
2025-08-26 18:30:00+00:00,419.480011,419.480011,419.7900085,418.3500061,418.7799988,269676
2025-08-26 19:30:00+00:00,417.3500061,417.3500061,419.7098999,416.9100037,419.5299988,606503
2025-08-27 13:30:00+00:00,425.8500061,425.8500061,427.1499939,419.980011,421.6000061,1077648
2025-08-27 14:30:00+00:00,425.019989,425.019989,426.730011,424.1849976,425.7999878,521520
2025-08-27 15:30:00+00:00,423.7349854,423.7349854,426.4798889,423.2099915,425.2098999,345505
2025-08-27 16:30:00+00:00,425.7799988,425.7799988,427.2000122,422.6499939,423.8200073,373426
2025-08-27 17:30:00+00:00,426.3579102,426.3579102,427.3299866,425.1499939,425.8471985,514895
2025-08-27 18:30:00+00:00,426.4100037,426.4100037,427.4150085,423.9200134,426.5,602375
2025-08-27 19:30:00+00:00,422.5899963,422.5899963,426.7099915,421.7200012,426.5,1351365
2025-08-28 13:30:00+00:00,431.5700073,431.5700073,434.9500122,409.2500916,409.9299927,4439508
2025-08-28 14:30:00+00:00,433.5249939,433.5249939,436.9898987,429.4501038,431,1214757
2025-08-28 15:30:00+00:00,435.2955017,435.2955017,436.3999939,430.5499878,433.5,677956
2025-08-28 16:30:00+00:00,440.5544128,440.5544128,440.5544128,434.2749939,435.2900085,703235
2025-08-28 17:30:00+00:00,439.3800049,439.3800049,441.6600037,438.9899902,440.1600037,718101
2025-08-28 18:30:00+00:00,438.8299866,438.8299866,440.8299866,438.0100098,439.2799988,665980
2025-08-28 19:30:00+00:00,442,442,442.1700134,438.1199951,438.8500061,1052155
2025-08-29 13:30:00+00:00,433.480011,433.480011,448,430.4049988,444.8649902,1413535
2025-08-29 14:30:00+00:00,428.4840088,428.4840088,433.4837952,427.064209,433.4594116,620624
2025-08-29 15:30:00+00:00,428.0028076,428.0028076,430,426.8599854,428.5,402798
2025-08-29 16:30:00+00:00,426.868988,426.868988,429.5400085,426.1199951,428.1350098,367234
2025-08-29 17:30:00+00:00,425.0450134,425.0450134,427.2799988,424.7999878,426.7000122,392004
2025-08-29 18:30:00+00:00,423.3850098,423.3850098,425.5353088,423.0299988,425.0450134,523635
2025-08-29 19:30:00+00:00,423.480011,423.480011,424.0899963,420.3900146,423.3900146,833780
2025-09-02 13:30:00+00:00,411.612793,411.612793,418,410.0799866,415.3099976,1035028
2025-09-02 14:30:00+00:00,409.1900024,409.1900024,414.4100037,409.1900024,411.8200073,466567
2025-09-02 15:30:00+00:00,409.4200134,409.4200134,410.25,407.6950073,409.1099854,383828
2025-09-02 16:30:00+00:00,411.7999878,411.7999878,412.9603882,409.1900024,409.407196,267673
2025-09-02 17:30:00+00:00,411.9899902,411.9899902,413.1499939,411.4200134,411.980011,206490
2025-09-02 18:30:00+00:00,413.7485962,413.7485962,413.8599854,411.5201111,411.796814,264078
2025-09-02 19:30:00+00:00,413.4909973,413.4909973,414.1499939,412.0400085,413.480011,574393
2025-09-03 13:30:00+00:00,407.5299988,407.5299988,412.9849854,404.2800903,412.9849854,1013911
2025-09-03 14:30:00+00:00,410.6994934,410.6994934,413.3800049,407.5299988,407.9200134,453364
2025-09-03 15:30:00+00:00,413.4349976,413.4349976,414.4798889,409.8599854,410.5700073,344754
2025-09-03 16:30:00+00:00,411.6600037,411.6600037,414,411.2000122,413.4599915,148315
2025-09-03 17:30:00+00:00,410.5299988,410.5299988,412.8745117,409.0600891,411.9299927,176134
2025-09-03 18:30:00+00:00,411.8399963,411.8399963,412.3500061,409.7600098,410.4200134,162857
2025-09-03 19:30:00+00:00,413.1400146,413.1400146,413.3200073,410.8299866,412.0499878,427741
2025-09-04 13:30:00+00:00,406.3038025,406.3038025,413.2000122,402.6600037,413,765904
2025-09-04 14:30:00+00:00,410.6000061,410.6000061,411.0249939,406.3100891,406.4500122,364109
2025-09-04 15:30:00+00:00,410.8999939,410.8999939,412.3912048,410.2399902,410.7000122,258868
2025-09-04 16:30:00+00:00,414.6650085,414.6650085,415.1400146,410.5700073,410.6180115,212310
2025-09-04 17:30:00+00:00,413.4899902,413.4899902,415.4898987,413.0599976,414.5501099,181137
2025-09-04 18:30:00+00:00,411.6499023,411.6499023,415,411.3052063,413.4599915,208348
2025-09-04 19:30:00+00:00,412.3699951,412.3699951,412.6400146,410.3168945,411.519989,393645
2025-09-05 13:30:00+00:00,409.855011,409.855011,418.1116943,409.5899963,414,625015
2025-09-05 14:30:00+00:00,411.6749878,411.6749878,411.8399963,407.0599976,409.8649902,292917
2025-09-05 15:30:00+00:00,412.7984009,412.7984009,413.9500122,410.6400146,411.7399902,182257
2025-09-05 16:30:00+00:00,413.9880066,413.9880066,414.4200134,411.4801025,412.5,140761
2025-09-05 17:30:00+00:00,416.0799866,416.0799866,416.6972046,413.6821899,413.7421875,197478
2025-09-05 18:30:00+00:00,416.980011,416.980011,417.730011,416,416.1149902,246279
2025-09-05 19:30:00+00:00,417.5799866,417.5799866,417.8999023,416.7999878,417.0700073,264298
2025-09-08 13:30:00+00:00,419.8049927,419.8049927,422.4899902,416.420105,418.9400024,591127
2025-09-08 14:30:00+00:00,423.5599976,423.5599976,425.6099854,419.5,419.9400024,400022
2025-09-08 15:30:00+00:00,421.9700012,421.9700012,424.6698914,421.9700012,423.9453125,264845
2025-09-08 16:30:00+00:00,424.2950134,424.2950134,424.4049988,421.5,422.2650146,164205
2025-09-08 17:30:00+00:00,426.980011,426.980011,427.1000061,423.2099915,424.2000122,207552
2025-09-08 18:30:00+00:00,426.6499939,426.6499939,428.3699951,426.230011,426.8800049,353540
2025-09-08 19:30:00+00:00,428.1700134,428.1700134,428.8450012,426.7349854,426.7349854,345246
2025-09-09 13:30:00+00:00,423,423,431.0069885,422.7999878,428.1700134,570424
2025-09-09 14:30:00+00:00,424.0899963,424.0899963,424.615509,421.375,422.8299866,218131
2025-09-09 15:30:00+00:00,423.5202942,423.5202942,424.1600037,420.6300049,423.8900146,290003
2025-09-09 16:30:00+00:00,422.7049866,422.7049866,424.1300049,421.9200134,423.5299988,136587
2025-09-09 17:30:00+00:00,423.9700012,423.9700012,423.980011,422.1570129,422.730011,145597
2025-09-09 18:30:00+00:00,423.1199951,423.1199951,424.8799133,422.8414001,423.7066956,176541
2025-09-09 19:30:00+00:00,423.5100098,423.5100098,425,422.3999939,423.144989,253524
2025-09-10 13:30:00+00:00,431.9970093,431.9970093,433.8068848,427.8299866,427.9500122,660393
2025-09-10 14:30:00+00:00,431.4500122,431.4500122,432.5100098,429.0499878,432.0599976,271215
2025-09-10 15:30:00+00:00,426.8500061,426.8500061,431.6499939,426.8500061,431.4899902,215157
2025-09-10 16:30:00+00:00,424.2250061,424.2250061,427.6199036,424.1749878,426.7000122,166047
2025-09-10 17:30:00+00:00,426.7000122,426.7000122,426.8200073,424.2000122,424.4700012,121555
2025-09-10 18:30:00+00:00,423.3299866,423.3299866,426.6899109,422.1700134,426.5,201172
2025-09-10 19:30:00+00:00,424.7999878,424.7999878,425.7000122,423.2200012,423.4100037,295456
2025-09-11 13:30:00+00:00,435.1579895,435.1579895,435.3999939,427.2099915,428.5,597160
2025-09-11 14:30:00+00:00,434.8599854,434.8599854,438.2598877,432.0101013,435.0050049,189190
2025-09-11 15:30:00+00:00,433.5599976,433.5599976,436.5599976,433.3778992,434.8699951,465716
2025-09-11 16:30:00+00:00,434.1099854,434.1099854,435.2600098,433.1400146,433.6700134,188744
2025-09-11 17:30:00+00:00,432.7543945,432.7543945,434.980011,432.5100098,434.1541138,149808
2025-09-11 18:30:00+00:00,434.6950073,434.6950073,434.8099976,432.5450134,432.980011,165852
2025-09-11 19:30:00+00:00,433.3800049,433.3800049,435.1799927,433.0799866,434.7049866,374698
2025-09-12 13:30:00+00:00,440.1900024,440.1900024,441.5,435,435,767030
2025-09-12 14:30:00+00:00,441.8850098,441.8850098,442.1000061,439.0000916,439.7414856,424002
2025-09-12 15:30:00+00:00,437.8250122,437.8250122,443,437.5599976,441.8099976,341188
2025-09-12 16:30:00+00:00,436.6300049,436.6300049,439.3800049,435.6199951,437.9400024,209184
2025-09-12 17:30:00+00:00,437.4400024,437.4400024,437.6099854,435.6101074,436.5499878,167745
2025-09-12 18:30:00+00:00,437.3150024,437.3150024,438.2799988,436.3649902,437.4400024,234158
2025-09-12 19:30:00+00:00,436.0499878,436.0499878,437.9400024,436.0400085,437.3200073,366771
2025-09-15 13:30:00+00:00,444.5899963,444.5899963,448.7999878,436.75,440.7099915,821066
2025-09-15 14:30:00+00:00,445.4750061,445.4750061,448.5,444.3099976,444.5499878,319303
2025-09-15 15:30:00+00:00,446.8699951,446.8699951,447.1799927,444.4265137,445.170105,211884
2025-09-15 16:30:00+00:00,445.355011,445.355011,447.9899902,445.1375122,446.7900085,172365
2025-09-15 17:30:00+00:00,443.6900024,443.6900024,446.2900085,443.1300049,445.5299988,209426
2025-09-15 18:30:00+00:00,443.4100037,443.4100037,445.3299866,443.0899963,443.8999939,203916
2025-09-15 19:30:00+00:00,444.8599854,444.8599854,445.1600037,442.8399963,443.4049988,390197
2025-09-16 13:30:00+00:00,442.875,442.875,445.5,434.8099976,444.7999878,666455
2025-09-16 14:30:00+00:00,442.3299866,442.3299866,446.1900024,442.1300964,442.7399902,297091
2025-09-16 15:30:00+00:00,443.6499939,443.6499939,445.4699097,441.7600098,442.3500061,300602
2025-09-16 16:30:00+00:00,443.8649902,443.8649902,446.3699951,442.0629883,443.5249939,285753
2025-09-16 17:30:00+00:00,446.3800049,446.3800049,446.7399902,443.1600952,443.1600952,215341
2025-09-16 18:30:00+00:00,445.4750061,445.4750061,448.3200073,445.4500122,446.5,299560
2025-09-16 19:30:00+00:00,445.0599976,445.0599976,445.8299866,444.3900146,445.6600037,416405
2025-09-17 13:30:00+00:00,448.6889954,448.6889954,453.9999084,443.3999939,445,671384
2025-09-17 14:30:00+00:00,438.1700134,438.1700134,448.7000122,437.3389893,448.6900024,608824
2025-09-17 15:30:00+00:00,438.230011,438.230011,441.6698914,435.25,438.2789917,449396
2025-09-17 16:30:00+00:00,439.4599915,439.4599915,440.3699951,436.4899902,438.2149963,247819
2025-09-17 17:30:00+00:00,439.1044922,439.1044922,442.0700073,434.3399963,439.5087891,314229
2025-09-17 18:30:00+00:00,447.9700012,447.9700012,448.3724976,434.7587891,438.980011,632869
2025-09-17 19:30:00+00:00,445.5100098,445.5100098,448.9899902,444.9100037,448.1199951,526130
2025-09-18 13:30:00+00:00,490.6300049,490.6300049,493.4999084,462.1199951,468.9249878,3627072
2025-09-18 14:30:00+00:00,490.2000122,490.2000122,493.1600037,488.5799866,491.0899963,1134435
2025-09-18 15:30:00+00:00,493.3500061,493.3500061,494.0799866,488,490.1950073,788714
2025-09-18 16:30:00+00:00,497.6698914,497.6698914,497.75,493.0499878,493.1900024,665782
2025-09-18 17:30:00+00:00,501.7626953,501.7626953,502.25,496.9299927,497.2999878,919984
2025-09-18 18:30:00+00:00,503.6700134,503.6700134,504.1419983,499.5589905,501.8399963,992979
2025-09-18 19:30:00+00:00,502.5599976,502.5599976,503.6199951,501.0499878,503.4299927,1205045
2025-09-19 13:30:00+00:00,502.1199951,502.1199951,507.1961975,499,500,1739572
2025-09-19 14:30:00+00:00,496.730011,496.730011,502.4079895,495.8099976,502.035614,559229
2025-09-19 15:30:00+00:00,498.5350037,498.5350037,501.519989,496.5,496.519989,354762
2025-09-19 16:30:00+00:00,498.9150085,498.9150085,501.7250061,498.4899902,498.4899902,245575
2025-09-19 17:30:00+00:00,501.75,501.75,502.2099915,496.8399963,498.9034119,311155
2025-09-19 18:30:00+00:00,502.3200073,502.3200073,502.8200073,501,501.7399902,359683
2025-09-19 19:30:00+00:00,502.5299988,502.5299988,504.2999878,501.5849915,502.0700073,712135
2025-09-22 13:30:00+00:00,490.6099854,490.6099854,498.3500061,486.3299866,495.7000122,1440581
2025-09-22 14:30:00+00:00,489.5400085,489.5400085,490.8898926,487.5317993,490.0599976,340728
2025-09-22 15:30:00+00:00,495.2999878,495.2999878,495.6499939,489.6400146,489.7000122,351807
2025-09-22 16:30:00+00:00,497.8099976,497.8099976,498.4400024,494.5599976,495.0750122,338857
2025-09-22 17:30:00+00:00,498.6600037,498.6600037,499.4989929,497.019989,497.6400146,206769
2025-09-22 18:30:00+00:00,497.730011,497.730011,500.2900085,496.5801086,498.6900024,214472
2025-09-22 19:30:00+00:00,492.9100037,492.9100037,497.7399902,492.5350037,497.5625,449091
2025-09-23 13:30:00+00:00,487.5450134,487.5450134,495.0599976,484.3999939,493.0400085,497112
2025-09-23 14:30:00+00:00,488.7869873,488.7869873,490.2200012,487.1000061,487.5549927,190179
2025-09-23 15:30:00+00:00,487.4549866,487.4549866,490.769989,487.4549866,488.9899902,169878
2025-09-23 16:30:00+00:00,484.0100098,484.0100098,488.3800049,484.0100098,487.7449951,123151
2025-09-23 17:30:00+00:00,482.4100037,482.4100037,484.3099976,481.1000061,483.8299866,223990
2025-09-23 18:30:00+00:00,484.3684998,484.3684998,485.4299011,482,482.5499878,710621
2025-09-23 19:30:00+00:00,484.2200012,484.2200012,485.2000122,483.1099854,484.1492004,272030
2025-09-24 13:30:00+00:00,484.7435913,484.7435913,485.3565979,479.269989,482.3900146,447910
2025-09-24 14:30:00+00:00,481.2000122,481.2000122,486.9599915,480.6300964,484.6700134,253400
2025-09-24 15:30:00+00:00,478.2999878,478.2999878,481.0100098,474.4801025,481.0100098,219007
2025-09-24 16:30:00+00:00,478,478,478.480011,476.1000977,478.3099976,81953
2025-09-24 17:30:00+00:00,477.5,477.5,478.6044006,476.4719849,477.9854126,86708
2025-09-24 18:30:00+00:00,475.7799988,475.7799988,477.3599854,475.6099854,477.3599854,121683
2025-09-24 19:30:00+00:00,476.3500061,476.3500061,476.9299927,474.7000122,475.7590027,177841
2025-09-25 13:30:00+00:00,474.2600098,474.2600098,480.2605896,469,477.2000122,527458
2025-09-25 14:30:00+00:00,477.9249878,477.9249878,479.7600098,473.9000854,475.0524902,219278
2025-09-25 15:30:00+00:00,475.2000122,475.2000122,481.5499878,475.1199951,478.103302,244810
2025-09-25 16:30:00+00:00,472.5599976,472.5599976,476.7598877,472.1990967,475.5700073,117468
2025-09-25 17:30:00+00:00,472.8900146,472.8900146,473.4599915,469.5090027,472.519989,166622
2025-09-25 18:30:00+00:00,473.3900146,473.3900146,475.3345947,472.0599976,473.2988892,109941
2025-09-25 19:30:00+00:00,473.0899963,473.0899963,473.8800049,471.980011,473.5050049,215301
2025-09-26 13:30:00+00:00,477.1199951,477.1199951,480,470.2900085,472,385295
2025-09-26 14:30:00+00:00,479.3200073,479.3200073,483.6599121,476.2399902,477.3599854,238159
2025-09-26 15:30:00+00:00,481.0849915,481.0849915,481.5450134,477.7901001,479.4631042,103295
2025-09-26 16:30:00+00:00,481.3924866,481.3924866,482.2449951,479.8200073,481.0849915,115546
2025-09-26 17:30:00+00:00,481.0375061,481.0375061,482.3200073,480.4301147,482.0038147,119087
2025-09-26 18:30:00+00:00,482.4352112,482.4352112,482.7200012,480.5799866,481.2950134,105865
2025-09-26 19:30:00+00:00,481.4299927,481.4299927,482.7900085,481,482.4949951,176583
2025-09-29 13:30:00+00:00,488.1400146,488.1400146,490.5,482.8850098,486.4200134,448725
2025-09-29 14:30:00+00:00,483.2550049,483.2550049,489.5899048,482.6499939,488.0700073,161519
2025-09-29 15:30:00+00:00,486.8521118,486.8521118,487.8222961,482.8599854,483.4599915,126072
2025-09-29 16:30:00+00:00,488.3999939,488.3999939,488.3999939,486.4100037,486.8699951,110382
2025-09-29 17:30:00+00:00,489.0499878,489.0499878,489.9750061,487.1700134,488.3500061,128174
2025-09-29 18:30:00+00:00,488.8299866,488.8299866,490,488.1099854,489.3200073,107157
2025-09-29 19:30:00+00:00,488.4500122,488.4500122,489.6799011,487.7799988,488.8299866,184280
2025-09-30 13:30:00+00:00,481.8500061,481.8500061,489,479.2538147,486.4200134,252432
2025-09-30 14:30:00+00:00,485.5599976,485.5599976,488.5899963,480.3779907,481.9299927,258104
2025-09-30 15:30:00+00:00,487.2399902,487.2399902,487.9809875,484.5899963,485.5100098,125695
2025-09-30 16:30:00+00:00,481.8800049,481.8800049,488,481.1000061,487.5100098,167948
2025-09-30 17:30:00+00:00,485.7099915,485.7099915,485.9599915,481.2399902,481.7399902,113963
2025-09-30 18:30:00+00:00,488.7850037,488.7850037,489.3349915,485.3500977,485.6300049,123253
2025-09-30 19:30:00+00:00,490.1499939,490.1499939,490.881012,488.7846985,489,288985
2025-10-01 13:30:00+00:00,495.0552979,495.0552979,495.7999878,486.5,487.75,264465
2025-10-01 14:30:00+00:00,495.6749878,495.6749878,496.4299927,492.5900879,495.0672913,153995
2025-10-01 15:30:00+00:00,492.9200134,492.9200134,495.8150024,491,495.8150024,147892
2025-10-01 16:30:00+00:00,490.6000061,490.6000061,494.3872986,489.1799927,492.9014893,196604
2025-10-01 17:30:00+00:00,494.480011,494.480011,495.3049927,489.0010071,490.70401,555199
2025-10-01 18:30:00+00:00,497.2001038,497.2001038,497.6553955,493.9301147,494.4899902,194937
2025-10-01 19:30:00+00:00,499.980011,499.980011,500.8369141,496.7600098,497.2107849,601182
2025-10-02 13:30:00+00:00,499.8099976,499.8099976,502.269989,492.3450012,501,583651
2025-10-02 14:30:00+00:00,497.7000122,497.7000122,500.2399902,496.1409912,499.4400024,264312
2025-10-02 15:30:00+00:00,497.2600098,497.2600098,499.3699951,495.6000061,497.5799866,167220
2025-10-02 16:30:00+00:00,499.125,499.125,499.9689026,494.6700134,497.2600098,169923
2025-10-02 17:30:00+00:00,497.2643127,497.2643127,501.1000061,497.2000122,499.1499939,293558
2025-10-02 18:30:00+00:00,495.7600098,495.7600098,497.8900146,495.1799927,497.2099915,242377
2025-10-02 19:30:00+00:00,496.8599854,496.8599854,497.1998901,494.7999878,495.6350098,425149
2025-10-03 13:30:00+00:00,492.0249939,492.0249939,501.8699036,486.2999878,499.8399963,549272
2025-10-03 14:30:00+00:00,492.3699951,492.3699951,494.7359924,491.2098999,491.9399109,209455
2025-10-03 15:30:00+00:00,495.5799866,495.5799866,495.6104126,491.5400085,492.5599976,225088
2025-10-03 16:30:00+00:00,491.1499939,491.1499939,495.7316895,491.1499939,495.3981934,141290
2025-10-03 17:30:00+00:00,492.2149963,492.2149963,492.6600037,486.6000061,490.8960876,219433
2025-10-03 18:30:00+00:00,492.1000061,492.1000061,492.9700012,490.5599976,492.5,127758
2025-10-03 19:30:00+00:00,489.75,489.75,492.5,489.5450134,492.2149963,194335
2025-10-06 13:30:00+00:00,495.6700134,495.6700134,503.5,494.7799988,496,603978
2025-10-06 14:30:00+00:00,497.8117981,497.8117981,497.9899902,494.3800964,496.0599976,183366
2025-10-06 15:30:00+00:00,498.3299866,498.3299866,498.8999939,495.8001099,497.2101135,149668
2025-10-06 16:30:00+00:00,498.75,498.75,500.0700073,498.0895996,498.1199951,161072
2025-10-06 17:30:00+00:00,499.0899963,499.0899963,502.730011,498.2810059,498.8599854,199017
2025-10-06 18:30:00+00:00,498.7099915,498.7099915,499.8099976,497.6600037,499.3200073,159359
2025-10-06 19:30:00+00:00,495.8299866,495.8299866,498.8500061,495.1749878,498.8500061,286577
2025-10-07 13:30:00+00:00,490.8150024,490.8150024,497.8554993,488.8883057,497,482184
2025-10-07 14:30:00+00:00,481.7049866,481.7049866,491.8450012,480.9500122,490.8150024,452388
2025-10-07 15:30:00+00:00,480.0499878,480.0499878,481.7799988,476.5201111,481.7799988,390962
2025-10-07 16:30:00+00:00,481.5100098,481.5100098,483.3099976,480.0700073,480.0700073,156526
2025-10-07 17:30:00+00:00,483.6350098,483.6350098,484.1700134,481.1799927,481.3200073,126388
2025-10-07 18:30:00+00:00,484.9700012,484.9700012,487.0549927,483.6300049,483.7832031,168769
2025-10-07 19:30:00+00:00,484.7000122,484.7000122,485.75,483.6000061,485.0799866,343870
2025-10-08 13:30:00+00:00,498.6900024,498.6900024,502.1300049,490.3299866,491.5,848319
2025-10-08 14:30:00+00:00,502.7080078,502.7080078,503.25,497.2999878,499.372406,360043
2025-10-08 15:30:00+00:00,503.7749939,503.7749939,508.7641907,502.1300049,502.4117126,547543
2025-10-08 16:30:00+00:00,503.2200012,503.2200012,504.9898987,501.2019958,503.769989,217606
2025-10-08 17:30:00+00:00,504.8900146,504.8900146,505.3200073,501.6300049,503.0385132,216849
2025-10-08 18:30:00+00:00,507.8900146,507.8900146,508,503.3800049,505.0799866,350457
2025-10-08 19:30:00+00:00,509.9899902,509.9899902,510,506.644989,508.25,480804
2025-10-09 13:30:00+00:00,503.6199951,503.6199951,510.8999939,501.8999939,509.9500122,528396
2025-10-09 14:30:00+00:00,503.7000122,503.7000122,505.5799866,502.8099976,503.6099854,229485
2025-10-09 15:30:00+00:00,510.644989,510.644989,511.1000061,502.8049927,503.4899902,281555
2025-10-09 16:30:00+00:00,508.6000061,508.6000061,511.4599915,507.2210083,510.644989,170263
2025-10-09 17:30:00+00:00,506.3039856,506.3039856,509.9100037,506.1401062,508.8999939,162140
2025-10-09 18:30:00+00:00,507.25,507.25,507.519989,505.7690125,506.3699951,133873
2025-10-09 19:30:00+00:00,509.1499939,509.1499939,509.5,506.8099976,507.7099915,343206
2025-10-10 13:30:00+00:00,512.1500244,512.1500244,517.4099731,509,509,552778
2025-10-10 14:30:00+00:00,500.1199951,500.1199951,512.4550171,498.6000061,512.4550171,468264
2025-10-10 15:30:00+00:00,499.8601074,499.8601074,504.5174866,494.4400024,499.6199951,327569
2025-10-10 16:30:00+00:00,497.4200134,497.4200134,500.6749878,494.7900085,499.8599854,260742
2025-10-10 17:30:00+00:00,497.2000122,497.2000122,498.6099854,495.256012,497.5899963,181883
2025-10-10 18:30:00+00:00,496.5000916,496.5000916,498.6199951,496,497.4200134,187870
2025-10-10 19:30:00+00:00,493.7900085,493.7900085,498.1300049,493.2869873,496.5,533434
2025-10-13 13:30:00+00:00,504.4649963,504.4649963,508.0174866,498.9349976,500.6131897,500739
2025-10-13 14:30:00+00:00,503,503,506.519989,497.5,504.4599915,244398
2025-10-13 15:30:00+00:00,505.1300049,505.1300049,505.2999878,502.2600098,503.0799866,145014
2025-10-13 16:30:00+00:00,506.5777893,506.5777893,506.9898987,504.6199951,504.6199951,102655
2025-10-13 17:30:00+00:00,509.125,509.125,509.6199951,506.5299988,506.6564941,154459
2025-10-13 18:30:00+00:00,509.644989,509.644989,510.8699951,508.0299988,509.125,198366
2025-10-13 19:30:00+00:00,508.6700134,508.6700134,511.0700073,507.0899963,509.5501099,363469
2025-10-14 13:30:00+00:00,500,500,500.5400085,487.5899963,500.5400085,827700
2025-10-14 14:30:00+00:00,495.3699951,495.3699951,500.0700073,494.8500061,500.0599976,229096
2025-10-14 15:30:00+00:00,493.8649902,493.8649902,495.9699097,489.9400024,495.4049988,374771
2025-10-14 16:30:00+00:00,492.9549866,492.9549866,494.9999084,491.6600037,493.9100037,176287
2025-10-14 17:30:00+00:00,495.0700073,495.0700073,495.3510132,490.6900024,493.1982117,189932
2025-10-14 18:30:00+00:00,495.4475098,495.4475098,496.2999878,494.2090149,495.3599854,152841
2025-10-14 19:30:00+00:00,488.9599915,488.9599915,495.5499878,488.5,495.440094,458468
2025-10-15 13:30:00+00:00,493.8299866,493.8299866,495.4899902,486.9299927,494,424098
2025-10-15 14:30:00+00:00,493.1199951,493.1199951,494.4100037,492.2099915,493.769989,157355
2025-10-15 15:30:00+00:00,492.4899902,492.4899902,493.5700073,488.7200012,493.1199951,155754
2025-10-15 16:30:00+00:00,487.1549988,487.1549988,493.2000122,484.7799988,492.4500122,160516
2025-10-15 17:30:00+00:00,488.0252075,488.0252075,489.8599854,486.8800049,487.8099976,116085
2025-10-15 18:30:00+00:00,488.7399902,488.7399902,489.8399963,487.9621887,487.9621887,92754
2025-10-15 19:30:00+00:00,489.019989,489.019989,489.2000122,486.6099854,488.6000061,210373
2025-10-16 13:30:00+00:00,490.7149963,490.7149963,498.3099976,489.730011,489.730011,454372
2025-10-16 14:30:00+00:00,483.1864014,483.1864014,491.6350098,483.1099854,490.6097107,274176
2025-10-16 15:30:00+00:00,479.5599976,479.5599976,484.0499878,479.2399902,483.6799927,232181
2025-10-16 16:30:00+00:00,481.5400085,481.5400085,483.5,475.5450134,479.2999878,236228
2025-10-16 17:30:00+00:00,477.2000122,477.2000122,481.9927979,475.3880005,481.8999939,169545
2025-10-16 18:30:00+00:00,478.4549866,478.4549866,480.1332092,476.5700073,477.519989,215718
2025-10-16 19:30:00+00:00,482.2449951,482.2449951,482.7999878,477.4450073,478.6900024,340225
2025-10-17 13:30:00+00:00,481.7850037,481.7850037,484.4490051,475.4200134,478.3399963,502121
2025-10-17 14:30:00+00:00,477.8500061,477.8500061,483.0700073,477.5150146,481.5,213236
2025-10-17 15:30:00+00:00,483.7399902,483.7399902,484.0799866,476.2399902,477.8450012,162940
2025-10-17 16:30:00+00:00,482.6900024,482.6900024,484.269989,481.5249939,483.9599915,188739
2025-10-17 17:30:00+00:00,483.125,483.125,483.5054016,481.6400146,482.3099976,124970
2025-10-17 18:30:00+00:00,484.144989,484.144989,485.1749878,482.5799866,483.3299866,226272
2025-10-17 19:30:00+00:00,484.5599976,484.5599976,486,483.5599976,483.9599915,241324
2025-10-20 13:30:00+00:00,496.5299988,496.5299988,497.3699951,486.4500122,486.4500122,520265
2025-10-20 14:30:00+00:00,497.1600037,497.1600037,498.2449951,495.2000122,496.4500122,203328
2025-10-20 15:30:00+00:00,495.4899902,495.4899902,497,494.5599976,496.769989,155973
2025-10-20 16:30:00+00:00,499.6499939,499.6499939,499.8200073,495.1849976,495.4100037,182654
2025-10-20 17:30:00+00:00,499.7612,499.7612,500.3340149,498.1965942,499.4598083,149081
2025-10-20 18:30:00+00:00,500.6724854,500.6724854,500.7099915,498.8710022,499.5400085,186502
2025-10-20 19:30:00+00:00,503.6700134,503.6700134,504.4450073,500.1000061,500.6799927,520355
2025-10-21 13:30:00+00:00,503.8150024,503.8150024,505.8999023,498.3500061,501.2399902,345037
2025-10-21 14:30:00+00:00,504.6199951,504.6199951,507.6000061,502.4356995,504.1400146,231765
2025-10-21 15:30:00+00:00,505.0100098,505.0100098,506.9899902,503.9324951,504.6799927,122721
2025-10-21 16:30:00+00:00,503.5249939,503.5249939,506.0650024,503,504.8999939,167045
2025-10-21 17:30:00+00:00,504.5100098,504.5100098,504.6839905,502.6141968,503.8200073,89035
2025-10-21 18:30:00+00:00,504.6700134,504.6700134,505.2200012,503.6700134,504.2900085,91234
2025-10-21 19:30:00+00:00,503.9500122,503.9500122,505.3299866,503.9500122,504.7200012,164551
2025-10-22 13:30:00+00:00,497.1000061,497.1000061,505.3599854,497,502.6799927,289330
2025-10-22 14:30:00+00:00,496.7550049,496.7550049,502.3500061,494,497.230011,273846
2025-10-22 15:30:00+00:00,498.6549988,498.6549988,501.9909973,496,496.5849915,164044
2025-10-22 16:30:00+00:00,497.355011,497.355011,499.0700073,495.2399902,499.0700073,127776
2025-10-22 17:30:00+00:00,497.5599976,497.5599976,497.7250061,491.6700134,497.3099976,219043
2025-10-22 18:30:00+00:00,499.5499878,499.5499878,499.7098999,496.1300049,497.3349915,131926
2025-10-22 19:30:00+00:00,500.1099854,500.1099854,501.8999939,499.3500061,499.5700073,196358
2025-10-23 13:30:00+00:00,515.585022,515.585022,520.9799805,499.980011,500,915458
2025-10-23 14:30:00+00:00,519.789978,519.789978,519.7999878,515.1199951,515.5,570502
2025-10-23 15:30:00+00:00,519.8900146,519.8900146,521.5,516.5310059,520,328921
2025-10-23 16:30:00+00:00,516.039978,516.039978,520.4400024,516,519.9849854,240871
2025-10-23 17:30:00+00:00,519.2650146,519.2650146,520.9899902,515.8209839,515.9724731,182902
2025-10-23 18:30:00+00:00,519.3599854,519.3599854,519.9000244,516.7600098,519.2999878,183106
2025-10-23 19:30:00+00:00,522.1099854,522.1099854,522.4199829,518.0999756,519.4949951,410923
2025-10-24 13:30:00+00:00,530.1300049,530.1300049,535.5200195,528,528.210022,880169
2025-10-24 14:30:00+00:00,524.7449951,524.7449951,530.8699951,523.2000122,530.460022,333617
2025-10-24 15:30:00+00:00,523.6500244,523.6500244,526.1099854,523.4400024,524.7199707,158032
2025-10-24 16:30:00+00:00,522.789978,522.789978,525.9998779,521.8699951,523.6812134,174639
2025-10-24 17:30:00+00:00,526.7974854,526.7974854,527.164978,522.2626953,522.539978,258947
2025-10-24 18:30:00+00:00,529.1749878,529.1749878,529.1799927,526.4000854,526.8499756,167036
2025-10-24 19:30:00+00:00,527.1199951,527.1199951,529.4910278,526.5977783,529.3099976,337435
2025-10-27 13:30:00+00:00,530.1500244,530.1500244,534.3400269,525.3803101,532.5100098,512259
2025-10-27 14:30:00+00:00,528.3699951,528.3699951,530.3563843,527.2700195,530.0150146,147019
2025-10-27 15:30:00+00:00,529.1350098,529.1350098,529.5700073,527.130127,528.4500122,144147
2025-10-27 16:30:00+00:00,526.8800049,526.8800049,529.9799805,525.710022,529.4500122,128226
2025-10-27 17:30:00+00:00,528.7999878,528.7999878,529.0700073,526.5,526.8099976,184475
2025-10-27 18:30:00+00:00,529.2974243,529.2974243,529.9000244,528.460022,528.7199707,121202
2025-10-27 19:30:00+00:00,529.6099854,529.6099854,530.3300171,528.8549805,529.164978,206912
2025-10-28 13:30:00+00:00,543.0900269,543.0900269,544,536,536.8099976,589661
2025-10-28 14:30:00+00:00,546.3300171,546.3300171,546.3300171,542.2750244,543.5,342638
2025-10-28 15:30:00+00:00,545.085022,545.085022,547.2600098,544.5227051,545.9400024,238934
2025-10-28 16:30:00+00:00,543.6500244,543.6500244,546,542.6599731,545.2600098,203679
2025-10-28 17:30:00+00:00,545.1400146,545.1400146,553.6400146,542.8400269,543.3099976,932911
2025-10-28 18:30:00+00:00,546.2000122,546.2000122,547.8499756,544.7650146,545.3259888,210962
2025-10-28 19:30:00+00:00,546.9500122,546.9500122,549.6237183,545.2399902,546.0800171,465591
2025-10-29 13:30:00+00:00,541.593689,541.593689,544.710022,533.2999878,541,457265
2025-10-29 14:30:00+00:00,542.3300171,542.3300171,545.4899292,540.4799805,541.5700073,174346
2025-10-29 15:30:00+00:00,548.1199951,548.1199951,548.3499756,542.2199707,542.5599976,197925
2025-10-29 16:30:00+00:00,546.7800293,546.7800293,549,545.1300049,547.8699951,179664
2025-10-29 17:30:00+00:00,546.5,546.5,548.4899292,545.6450195,546.9000244,88455
2025-10-29 18:30:00+00:00,544.2550049,544.2550049,548,543,546.9699707,198384
2025-10-29 19:30:00+00:00,545.6699829,545.6699829,547.1400146,543.4099731,544.0200195,212956
2025-10-30 13:30:00+00:00,546.0100098,546.0100098,549.9799194,538.5900269,543.1099854,234242
2025-10-30 14:30:00+00:00,547.6500244,547.6500244,548.4199829,545.0435791,546.5200195,107353
2025-10-30 15:30:00+00:00,546.9349976,546.9349976,548.1245728,544.0100098,547.25,102606
2025-10-30 16:30:00+00:00,547.9257813,547.9257813,547.9257813,543.4790039,546.8900146,106850
2025-10-30 17:30:00+00:00,543,543,548.1276855,542.9099731,547.9450073,140458
2025-10-30 18:30:00+00:00,536.2949829,536.2949829,543.4000244,534.1049805,543.4000244,215336
2025-10-30 19:30:00+00:00,538.6799927,538.6799927,541.0300293,536.2199707,536.6400146,282887
2025-10-31 13:30:00+00:00,540.8347168,540.8347168,549.4998779,540.6500854,542.4099731,297351
2025-10-31 14:30:00+00:00,541.9699707,541.9699707,545.8400269,539.9400024,540.210022,148776
2025-10-31 15:30:00+00:00,540.5150146,540.5150146,542.2750244,538.1818848,541.9199829,118959
2025-10-31 16:30:00+00:00,538.8649902,538.8649902,541.4299927,537.2999878,540.6350098,110007
2025-10-31 17:30:00+00:00,542.4199829,542.4199829,542.7299805,537.9050293,538.6699829,92343
2025-10-31 18:30:00+00:00,542.9749756,542.9749756,543.1300049,540.960022,542.289978,90780
2025-10-31 19:30:00+00:00,543.1300049,543.1300049,545.4249878,542.78479,542.9749756,693525
2025-11-03 14:30:00+00:00,546.8900146,546.8900146,553.9000244,545.7000122,549.0136719,297820
2025-11-03 15:30:00+00:00,547.7999878,547.7999878,549.75,545.1500244,547.0350952,113087
2025-11-03 16:30:00+00:00,550.8499756,550.8499756,552.8325195,546.8599854,547.7949829,94354
2025-11-03 17:30:00+00:00,552.039978,552.039978,553.8400269,550.9299927,550.9299927,100357
2025-11-03 18:30:00+00:00,554.4349976,554.4349976,555.8099976,552.0599976,552.0599976,176481
2025-11-03 19:30:00+00:00,549.8048096,549.8048096,554.4899902,549.5200806,554.4349976,148112
2025-11-03 20:30:00+00:00,552.1199951,552.1199951,552.1699829,547.6420288,549.8300171,215428
2025-11-04 14:30:00+00:00,544.7999878,544.7999878,549.4799805,534.2199707,539.789978,374937
2025-11-04 15:30:00+00:00,540.960022,540.960022,548.8300171,539.5599976,544.5999756,183201
2025-11-04 16:30:00+00:00,538.25,538.25,541.3449707,535.6599731,540.6900024,133502
2025-11-04 17:30:00+00:00,535.4500122,535.4500122,540.2000122,535.1599731,538.2000122,114207
2025-11-04 18:30:00+00:00,536.2000122,536.2000122,537.4849854,532.6500244,535.2750244,160516
2025-11-04 19:30:00+00:00,533.1099854,533.1099854,535.8336792,531.0999756,535.8250122,174512
2025-11-04 20:30:00+00:00,534.0999756,534.0999756,534.4899902,532.3499756,533.1099854,223995
2025-11-05 14:30:00+00:00,530.9849854,530.9849854,534.3999023,526,533.4899902,248149
2025-11-05 15:30:00+00:00,533.0999756,533.0999756,534.1900024,530.0457153,531.1149902,105571
2025-11-05 16:30:00+00:00,529.6464844,529.6464844,535.1699829,529.4899902,533.2349854,96904
2025-11-05 17:30:00+00:00,530.545105,530.545105,532.6300049,529.460022,529.4699707,86682
2025-11-05 18:30:00+00:00,531.4899902,531.4899902,533.7600098,530.4359741,530.7700195,83328
2025-11-05 19:30:00+00:00,531.5828247,531.5828247,533.7700195,531.0700073,531.2999878,89089
2025-11-05 20:30:00+00:00,534,534,535.1699829,531.1450195,531.5750122,198833
2025-11-06 14:30:00+00:00,526.8699951,526.8699951,529.4799805,519.0599976,526.6799927,382404
2025-11-06 15:30:00+00:00,522.0787964,522.0787964,527.5700073,517.0999756,527.0549927,260215
2025-11-06 16:30:00+00:00,520.9550171,520.9550171,521.8400269,517.3400269,521.5999756,218461
2025-11-06 17:30:00+00:00,527.3499756,527.3499756,528.5100098,519.8101196,520.5700073,236902
2025-11-06 18:30:00+00:00,536.0216064,536.0216064,537.2849731,526.7199707,527.1500244,194752
2025-11-06 19:30:00+00:00,537.7999878,537.7999878,540,535.039978,536.2800293,223174
2025-11-06 20:30:00+00:00,532.5200195,532.5200195,539.3098755,531.9749756,537.539978,351004
2025-11-07 14:30:00+00:00,527.3099976,527.3099976,532.5800171,519.0999756,526.6599731,328123
2025-11-07 15:30:00+00:00,525.9299927,525.9299927,528.7199707,521.5300293,527.3099976,194285
2025-11-07 16:30:00+00:00,528.494873,528.494873,529.1998901,522.0100098,525.9299927,228135
2025-11-07 17:30:00+00:00,533.539978,533.539978,534,525.5,528.7700195,103659
2025-11-07 18:30:00+00:00,535.6849976,535.6849976,537.3983765,532.039978,533.4400024,153642
2025-11-07 19:30:00+00:00,537.4550171,537.4550171,542.2600098,535.9099731,535.9099731,184165
2025-11-07 20:30:00+00:00,539.9099731,539.9099731,540.3521118,537.5900269,537.5900269,217910
2025-11-10 14:30:00+00:00,550.3599854,550.3599854,553.9299927,546.210022,547.8200073,298611
2025-11-10 15:30:00+00:00,545.2069702,545.2069702,550.8599854,544.3099976,550.2244873,119340
2025-11-10 16:30:00+00:00,547.7800293,547.7800293,549.0172119,544.2600098,545.2700195,90942
2025-11-10 17:30:00+00:00,551.4749756,551.4749756,552.6300049,547.6459961,547.960022,93287
2025-11-10 18:30:00+00:00,552.7800293,552.7800293,553.5,551.4249268,551.5250244,89924
2025-11-10 19:30:00+00:00,557.8300171,557.8300171,558.5100098,552.4799805,552.8250122,189190
2025-11-10 20:30:00+00:00,557.4699707,557.4699707,558.9799805,556.4099731,557.7800293,283065
2025-11-11 14:30:00+00:00,554.1400146,554.1400146,558.5,552.9699707,555.2199707,168743
2025-11-11 15:30:00+00:00,553.0499878,553.0499878,557,551.210022,554.1350098,130848
2025-11-11 16:30:00+00:00,554.8499756,554.8499756,555.8914795,551.25,553.026001,65811
2025-11-11 17:30:00+00:00,554.25,554.25,556.3950195,554.25,555.2600098,56378
2025-11-11 18:30:00+00:00,555.1199951,555.1199951,555.4550171,553.2199707,554.460022,61137
2025-11-11 19:30:00+00:00,556.4099731,556.4099731,557,554.8499756,554.8499756,83702
2025-11-11 20:30:00+00:00,556.9899902,556.9899902,558.0100098,556.0800171,556.4498901,154336
2025-11-12 14:30:00+00:00,556.8599854,556.8599854,566.9000244,551.3200073,563.0079956,308958
2025-11-12 15:30:00+00:00,549.5300293,549.5300293,557.3300171,547.5410156,556.4500122,165789
2025-11-12 16:30:00+00:00,548.9000244,548.9000244,551.4099731,546.7000122,549.1500244,89848
2025-11-12 17:30:00+00:00,548.7200928,548.7200928,550.7800293,548.0900269,548.5001221,61932
2025-11-12 18:30:00+00:00,547.8599854,547.8599854,550.4899902,546.7999878,549.1500244,70614
2025-11-12 19:30:00+00:00,547.0999756,547.0999756,549.1699829,545.8400269,548.3300171,90849
2025-11-12 20:30:00+00:00,545.9299927,545.9299927,548.5,545,546.9899902,229761
2025-11-13 14:30:00+00:00,536.9249878,536.9249878,543.8499756,530.1699829,540.9899902,337595
2025-11-13 15:30:00+00:00,533.8699951,533.8699951,536.8499756,530.8800049,536.6049805,178637
2025-11-13 16:30:00+00:00,534.2199707,534.2199707,535.7238159,531.0200195,533.8300171,135476
2025-11-13 17:30:00+00:00,529.3250122,529.3250122,534.8499756,528.1199951,534.2449951,123701
2025-11-13 18:30:00+00:00,530.0142212,530.0142212,530.3499756,526.1599731,529.1400146,176349
2025-11-13 19:30:00+00:00,528.5999756,528.5999756,531.1500244,526.7800293,530.0200195,135933
2025-11-13 20:30:00+00:00,529.9199829,529.9199829,532.3453979,528.6201172,528.9799805,213197
2025-11-14 14:30:00+00:00,524.5100098,524.5100098,528.4299927,509.0499878,522.4699707,450572
2025-11-14 15:30:00+00:00,541.3699951,541.3699951,542.2166748,524.7600098,525.0100098,197408
2025-11-14 16:30:00+00:00,542.8499756,542.8499756,544.039978,539.5499878,541.0999756,137786
2025-11-14 17:30:00+00:00,539.2921753,539.2921753,543.4550171,537,543.1849976,94633
2025-11-14 18:30:00+00:00,541.8400269,541.8400269,542.0889893,536.5859985,539.5811157,92134
2025-11-14 19:30:00+00:00,539.5109863,539.5109863,543.9979248,539.0700073,541.8444824,105826
2025-11-14 20:30:00+00:00,537.3599854,537.3599854,540.5800171,536.2600098,539.7224731,156413
2025-11-17 14:30:00+00:00,538.3549805,538.3549805,540,533.5,536.5499878,184014
2025-11-17 15:30:00+00:00,537.1500244,537.1500244,540.5653076,534,538.3499756,103150
2025-11-17 16:30:00+00:00,538.5800171,538.5800171,540.5999756,537.2999878,537.9799805,51620
2025-11-17 17:30:00+00:00,534.0999756,534.0999756,539.5700073,533.5,538.7199707,72137
2025-11-17 18:30:00+00:00,530.6199951,530.6199951,536.5632935,529.2349854,534.1452026,90056
2025-11-17 19:30:00+00:00,528.2399902,528.2399902,530.8499756,526.5800171,530.4274292,109545
2025-11-17 20:30:00+00:00,529.5200195,529.5200195,532.0300293,526.75,528.0999756,182796
2025-11-18 14:30:00+00:00,518.9699707,518.9699707,531.3300171,513,525,403108
2025-11-18 15:30:00+00:00,519.3400269,519.3400269,520.960022,514.7000122,519.2150269,187613
2025-11-18 16:30:00+00:00,514.6799927,514.6799927,520.7999878,514.6799927,519.4801025,132037
2025-11-18 17:30:00+00:00,519.210022,519.210022,521.9432983,513.5800171,514.8151245,165529
2025-11-18 18:30:00+00:00,515.5750122,515.5750122,521.1578979,515.0999756,519.25,116378
2025-11-18 19:30:00+00:00,515.25,515.25,518.8900146,514,515.5900269,180690
2025-11-18 20:30:00+00:00,513.5200195,513.5200195,518.289978,513.5200195,515.3200073,262002
2025-11-19 14:30:00+00:00,524.1652222,524.1652222,525.9783936,509.5,513.3699951,230148
2025-11-19 15:30:00+00:00,518.835022,518.835022,525.4799805,517,524.5999756,102551
2025-11-19 16:30:00+00:00,519.3900146,519.3900146,520.9899902,517.2000122,518.7999878,91162
2025-11-19 17:30:00+00:00,518.7550049,518.7550049,521.3449707,515.7199707,519.3800049,82470
2025-11-19 18:30:00+00:00,519.0349731,519.0349731,521.5300293,518.1799927,518.414978,95686
2025-11-19 19:30:00+00:00,521.2449951,521.2449951,522.6500244,517.9301147,518.8599854,126169
2025-11-19 20:30:00+00:00,520.5999756,520.5999756,522.7299805,519.1599731,521.2299805,126433
2025-11-20 14:30:00+00:00,533.6289063,533.6289063,539.3200073,526.9500122,532.5900269,320071
2025-11-20 15:30:00+00:00,517.3499756,517.3499756,535.1400146,516.9899902,533.8499756,161394
2025-11-20 16:30:00+00:00,504.6202087,504.6202087,518.2299805,500.1300049,517.164978,270182
2025-11-20 17:30:00+00:00,509.1600037,509.1600037,511.355011,501.6000061,504.5150146,164232
2025-11-20 18:30:00+00:00,505.3370972,505.3370972,509.8186035,500.8399963,509.2000122,138156
2025-11-20 19:30:00+00:00,504.9349976,504.9349976,507.1900024,502.1199951,504.75,127204
2025-11-20 20:30:00+00:00,501.2999878,501.2999878,505.9599915,500.1300049,504.9844971,236361
2025-11-21 14:30:00+00:00,481.5375977,481.5375977,501,479.4899902,496.8125,562040
2025-11-21 15:30:00+00:00,484.5100098,484.5100098,485.9200134,477.5499878,481.6000061,238828
2025-11-21 16:30:00+00:00,490.7200012,490.7200012,493.1300049,483.2099915,484.8299866,194275
2025-11-21 17:30:00+00:00,489.269989,489.269989,491.980011,487.25,490.7200012,135539
2025-11-21 18:30:00+00:00,496.5700073,496.5700073,497.6300049,489.0700073,489.1900024,179761
2025-11-21 19:30:00+00:00,491.4899902,491.4899902,497.4599915,491.4899902,496.6749878,158219
2025-11-21 20:30:00+00:00,490.7200012,490.7200012,494.3900146,490.4100037,491.4750061,237622
2025-11-24 14:30:00+00:00,500.8699951,500.8699951,503.8599854,494.0299988,498.1600037,297173
2025-11-24 15:30:00+00:00,502.5899963,502.5899963,504.3999939,499.1000061,500.3900146,126465
2025-11-24 16:30:00+00:00,504.3974915,504.3974915,504.6400146,501.0299988,502.6000061,133234
2025-11-24 17:30:00+00:00,506.5270996,506.5270996,507.0899963,503.6600037,504.2900085,101711
2025-11-24 18:30:00+00:00,505.8699951,505.8699951,507.0450134,505.7900085,506.4100037,93357
2025-11-24 19:30:00+00:00,506.7200012,506.7200012,507.6900024,504.9500122,506.0150146,133930
2025-11-24 20:30:00+00:00,506.7999878,506.7999878,509.1900024,505.5799866,506.5400085,251126
2025-11-25 14:30:00+00:00,498.9212952,498.9212952,506.6506042,493.0100098,504,236857
2025-11-25 15:30:00+00:00,501.5473022,501.5473022,502,497.2999878,499.4949951,102265
2025-11-25 16:30:00+00:00,505.8399963,505.8399963,506.7799988,501.1600037,501.6700134,85552
2025-11-25 17:30:00+00:00,509.0400085,509.0400085,509.3999939,505.9450073,505.9450073,299302
2025-11-25 18:30:00+00:00,510.6099854,510.6099854,511.7399902,508.2645874,509.0499878,0
2025-11-25 19:30:00+00:00,512.6749878,512.6749878,513.710022,509.2739868,510.5249939,111513
2025-11-25 20:30:00+00:00,512.289978,512.289978,513.3699951,511.3699951,513,167035
2025-11-26 14:30:00+00:00,499.2999878,499.2999878,514.9998779,497,513,379220
2025-11-26 15:30:00+00:00,506.3049927,506.3049927,508.1749878,498.3999939,499.6099854,237686
2025-11-26 16:30:00+00:00,506.0198975,506.0198975,508.4899902,503.8800049,506.2999878,96231
2025-11-26 17:30:00+00:00,505.2749939,505.2749939,506.8099976,503.1199951,505.6199951,114810
2025-11-26 18:30:00+00:00,503.3399963,503.3399963,505.2749939,501.019989,505.2749939,132578
2025-11-26 19:30:00+00:00,500.9599915,500.9599915,503.6026001,500.6499939,503.2850037,170399
2025-11-26 20:30:00+00:00,501.4500122,501.4500122,502.8800049,500.4849854,500.7900085,190194
2025-11-28 14:30:00+00:00,507.7600098,507.7600098,510.6900024,501.9400024,505.7449951,230717
2025-11-28 15:30:00+00:00,506.2650146,506.2650146,508.3349915,505.7200012,507.8200073,133781
2025-11-28 16:30:00+00:00,506.2099915,506.2099915,507.2349854,504.6140137,506.2600098,74723
2025-12-01 14:30:00+00:00,495.6099854,495.6099854,504.2449951,495.0100098,503.480011,342217
2025-12-01 15:30:00+00:00,502.6199951,502.6199951,502.7041931,495.2510071,495.7000122,138320
2025-12-01 16:30:00+00:00,504.5599976,504.5599976,505.8200073,502.3291931,502.7900085,121615
2025-12-01 17:30:00+00:00,503.4400024,503.4400024,505.0599976,503.2099915,504.8049927,84846
2025-12-01 18:30:00+00:00,504.0499878,504.0499878,506.7399902,503.4450073,503.4700012,119223
2025-12-01 19:30:00+00:00,502.5299988,502.5299988,504.9898987,502.0400085,504.1635132,92215
2025-12-01 20:30:00+00:00,504.1400146,504.1400146,505.5,502.0899963,502.6300049,708474
2025-12-02 14:30:00+00:00,513.2600098,513.2600098,519.5499878,509.7600098,512,532904
2025-12-02 15:30:00+00:00,511.8850098,511.8850098,514.6900024,507.0400085,513.4000244,356807
2025-12-02 16:30:00+00:00,514.2199707,514.2199707,516.289978,510.1300049,511.7600098,223404
2025-12-02 17:30:00+00:00,515.8549805,515.8549805,517.4000244,513,514.1699829,230146
2025-12-02 18:30:00+00:00,515.6099854,515.6099854,517.6300049,514.8234863,515.8300171,209659
2025-12-02 19:30:00+00:00,517.9299927,517.9299927,518,515.0499878,515.6099854,316174
2025-12-02 20:30:00+00:00,517.3300171,517.3300171,520.9998779,516.1099854,517.8900146,1863675
2025-12-03 14:30:00+00:00,505.7000122,505.7000122,506.7999878,486.2999878,497.9899902,1544465
2025-12-03 15:30:00+00:00,513.369873,513.369873,514.7299805,502.0700989,505.3399963,494616
2025-12-03 16:30:00+00:00,517.6599731,517.6599731,517.7999268,511.269989,513.3699951,380497
2025-12-03 17:30:00+00:00,513.2999878,513.2999878,518,508.0599976,517.6799927,363422
2025-12-03 18:30:00+00:00,516.6799927,516.6799927,517,512.6104126,514.039917,197346
2025-12-03 19:30:00+00:00,517.9575195,517.9575195,518.8499756,515.5178223,516.6799927,274490
2025-12-03 20:30:00+00:00,524.4799805,524.4799805,525,517.1500244,517.9899902,513815
2025-12-04 14:30:00+00:00,523.039978,523.039978,525.2000122,512.3900146,523.4749756,533240
2025-12-04 15:30:00+00:00,514.8200073,514.8200073,523.0150146,513.4099731,523,193385
2025-12-04 16:30:00+00:00,512.3549805,512.3549805,515.4000244,510.2600098,514.9547119,156929
2025-12-04 17:30:00+00:00,515.25,515.25,516.4099731,511.8100891,512.3800049,157597
2025-12-04 18:30:00+00:00,512.3649902,512.3649902,516.039978,510.6499939,515.4199829,150535
2025-12-04 19:30:00+00:00,515.3544922,515.3544922,517.1099854,512,512.2700195,172546
2025-12-04 20:30:00+00:00,513.3499756,513.3499756,515.5899048,512,515.3599854,190788
2025-12-05 14:30:00+00:00,522.5999756,522.5999756,526.3499756,514.4799805,516.1400146,459972
2025-12-05 15:30:00+00:00,522.4450073,522.4450073,526.8900146,521.9299927,522.5800171,247251
2025-12-05 16:30:00+00:00,519.5200195,519.5200195,523.3300171,516.5800171,522.039978,197848
2025-12-05 17:30:00+00:00,516.5549927,516.5549927,520.1450195,515,519.5114746,133777
2025-12-05 18:30:00+00:00,513.7449951,513.7449951,517.4299927,512.210022,516.625,209777
2025-12-05 19:30:00+00:00,510.0400085,510.0400085,514.1013184,508.3637085,513.7449951,207952
2025-12-05 20:30:00+00:00,512.0200195,512.0200195,512.460022,508.3399963,510.0700073,259572
2025-12-08 14:30:00+00:00,512.6900024,512.6900024,517.2199707,508.8999939,513,339268
2025-12-08 15:30:00+00:00,516.7891235,516.7891235,516.9935303,511.5849915,512.7210083,130370
2025-12-08 16:30:00+00:00,517.2999878,517.2999878,517.7299805,514.6322021,516.6400146,97169
2025-12-08 17:30:00+00:00,517.7700195,517.7700195,520.2999878,517.3300171,517.3300171,132945
2025-12-08 18:30:00+00:00,515.8449707,515.8449707,518.9400024,515.380127,517.6799927,83484
2025-12-08 19:30:00+00:00,515.2700195,515.2700195,516.625,514.7600098,515.7999878,95281
2025-12-08 20:30:00+00:00,515.0300293,515.0300293,515.7199707,512.6300049,515.2650146,180128
2025-12-09 14:30:00+00:00,527.5200195,527.5200195,529.8961792,511.7294922,515.1900024,407810
2025-12-09 15:30:00+00:00,527.7150269,527.7150269,529.2999878,524.2000122,527.5200195,171283
2025-12-09 16:30:00+00:00,525.0349731,525.0349731,528.9500122,524.1400146,527.7150269,119274
2025-12-09 17:30:00+00:00,521.1799927,521.1799927,525.210022,519.8599854,525.0349731,111442
2025-12-09 18:30:00+00:00,519.5800171,519.5800171,521.7000122,518.5300293,521.1799927,534952
2025-12-09 19:30:00+00:00,518.9299927,518.9299927,519.7199707,518.1199951,519.5800171,0
2025-12-09 20:30:00+00:00,518.2399902,518.2399902,519.960022,515.1900024,518.9299927,186478
2025-12-10 14:30:00+00:00,507.7200012,507.7200012,516.3699951,504.5400085,516,364741
2025-12-10 15:30:00+00:00,510.269989,510.269989,512.0800171,506.8500061,507.5950012,175345
2025-12-10 16:30:00+00:00,511.7250061,511.7250061,511.7250061,507.3800049,510.0700073,131522
2025-12-10 17:30:00+00:00,510.6000061,510.6000061,513.585022,510.4200134,511.6000061,105595
2025-12-10 18:30:00+00:00,514.3900146,514.3900146,516.9450073,510.2799988,510.5549927,201738
2025-12-10 19:30:00+00:00,520.0300293,520.0300293,521.6099854,513,514.5700073,236405
2025-12-10 20:30:00+00:00,519.5100098,519.5100098,520.8579712,517.6099854,520.1500244,746475
2025-12-11 14:30:00+00:00,521.6771851,521.6771851,528.1900024,512.5100098,517.1699829,432500
2025-12-11 15:30:00+00:00,515.5700073,515.5700073,521.6749878,515,521.6500244,125571
2025-12-11 16:30:00+00:00,517.8928833,517.8928833,520.1500244,514.5599976,515.75,118006
2025-12-11 17:30:00+00:00,519.8699951,519.8699951,520.6500244,516.5499878,518.2600098,68668
2025-12-11 18:30:00+00:00,521.1199951,521.1199951,521.6998901,518.9249878,519.7199707,75469
2025-12-11 19:30:00+00:00,516.539978,516.539978,523.5100098,515.9699707,521.2299805,170777
2025-12-11 20:30:00+00:00,517.3699951,517.3699951,518.1900024,513.6500244,516.6099854,226106
2025-12-12 14:30:00+00:00,505.8883057,505.8883057,516.9899292,505.5599976,511.6099854,409546
2025-12-12 15:30:00+00:00,502,502,510.4700012,500.0469971,505.6700134,288500
2025-12-12 16:30:00+00:00,503.9700012,503.9700012,506.4700012,498.7615051,501.5299988,180086
2025-12-12 17:30:00+00:00,507.8900146,507.8900146,509.8900146,502.4801025,503.980011,127687
2025-12-12 18:30:00+00:00,504.7250061,504.7250061,508.6300049,504.2799988,507.8649902,93225
2025-12-12 19:30:00+00:00,506.4599915,506.4599915,507.2850037,504.980011,504.980011,110240
2025-12-12 20:30:00+00:00,504.8200073,504.8200073,506.5,503.7099915,506.5,201901
2025-12-15 14:30:00+00:00,496.4349976,496.4349976,509.0100098,495.3399963,508.019989,317174
2025-12-15 15:30:00+00:00,498.6799927,498.6799927,499.3699951,494.7999878,496.4599915,314071
2025-12-15 16:30:00+00:00,496.8811951,496.8811951,498.6799927,494.1099854,498.6799927,133573
2025-12-15 17:30:00+00:00,493.8699951,493.8699951,497.6300049,493.4375,497.0899963,107890
2025-12-15 18:30:00+00:00,491.8399963,491.8399963,493.9500122,491.355011,493.6650085,127990
2025-12-15 19:30:00+00:00,489.5296021,489.5296021,491.9500122,488.8492126,491.8299866,161305
2025-12-15 20:30:00+00:00,487.4500122,487.4500122,489.8299866,487.4400024,489.7200012,242738
